Asset Tag ID,Description,Sample Collection Method,Sample Collection By,Sample Retrieved Date/Time,Sample Collection Start,Sample Collection End,Sample Received By,Sample Received Date,Comments,Sample QC Check,Sample Flow (MGD),Event Type,Site,Location,Category,Department,Date Created,Created by
A03-0025,TO BE REMOVED,,,,,,,,,,,,,,Sample,,11/21/2021 07:22 PM,Timothy Driscoll
A03-0022,TO BE REMOVED,,,,,,,,,,,,,,Sample,,11/21/2021 07:22 PM,Timothy Driscoll
A03-0009,TO BE REMOVED,,,,,,,,,,,,,,Sample,,11/21/2021 07:22 PM,Timothy Driscoll
A1104,TO BE REMOVED,,,,,,,,,Fail,,,,,Sample,,11/21/2021 07:22 PM,Timothy Driscoll
A03-0008,TO BE REMOVED,,,,,,,,,,,,,,Sample,,11/21/2021 07:22 PM,Timothy Driscoll
A1106,TO BE REMOVED,,,,,,,,,Fail,,,,,Sample,,11/21/2021 07:22 PM,Timothy Driscoll
A03-0015,TO BE REMOVED,,,,,,,,,,,,,,Sample,,11/21/2021 07:22 PM,Timothy Driscoll
A03-0003,TO BE REMOVED,,,,,,,,,,,,,,Sample,,11/21/2021 07:22 PM,Timothy Driscoll
A03-0012,TO BE REMOVED,,,,,,,,,,,,,,Sample,,11/21/2021 07:22 PM,Timothy Driscoll
A01-0102,TO BE REMOVED,,,,,,,,,,,,Monongalia,StarCityWWTP-01,Sample,WWTP,12/01/2021 04:41 PM,Timothy Driscoll
A01-0103,TO BE REMOVED,,,,,,,,,,,,Monongalia,StarCityWWTP-01,Sample,WWTP,12/01/2021 04:41 PM,Timothy Driscoll
G01-0006,Sample,Composite,TD,12/14/2021 08:40 AM,12/13/2021 09:00 AM,12/14/2021 08:00 AM,,,,Pass,0.673,,Mineral,KeyserWWTP-01,Sample,WWTP,12/23/2021 01:34 PM,Timothy Driscoll
H01-0099,Sample,Composite,,12/22/2021 08:15 AM,12/21/2021 08:00 AM,12/22/2021 08:00 AM,,,,,,,Marshall,MoundsvilleWWTP-01,Sample,WWTP,12/29/2021 06:18 PM,Timothy Driscoll
A01-0024,TO BE REMOVED,,,,,,,,,,,,Monongalia,StarCityWWTP-01,Sample,WWTP,11/21/2021 07:22 PM,Timothy Driscoll
A01-0021,TO BE REMOVED,,,,,,,,,,,,Monongalia,StarCityWWTP-01,Sample,WWTP,11/21/2021 07:22 PM,Timothy Driscoll
A01-0020,TO BE REMOVED,,,,,,,,,,,,Monongalia,StarCityWWTP-01,Sample,WWTP,11/21/2021 07:22 PM,Timothy Driscoll
A01-0022,TO BE REMOVED,,,,,,,,,,,,Monongalia,StarCityWWTP-01,Sample,WWTP,11/21/2021 07:22 PM,Timothy Driscoll
L01-0656A,G,Composite,,10/27/2025 08:00 AM,10/26/2025 08:00 AM,10/27/2025 08:00 AM,AJ,10/30/2025,,Pass,0.174,Routine Surveillance,Doddridge,WestUnionWWTP-01,Sample,WWTP,11/12/2025 04:31 PM,Timothy Driscoll
L01-0656B,G,Composite,,10/27/2025 08:00 AM,10/26/2025 08:00 AM,10/27/2025 08:00 AM,AJ,10/30/2025,,Pass,0.174,Routine Surveillance,Doddridge,WestUnionWWTP-01,Sample,WWTP,11/12/2025 04:31 PM,Timothy Driscoll
L01-0656C,G,Composite,,10/27/2025 08:00 AM,10/26/2025 08:00 AM,10/27/2025 08:00 AM,AJ,10/30/2025,,Pass,0.174,Routine Surveillance,Doddridge,WestUnionWWTP-01,Sample,WWTP,11/12/2025 04:31 PM,Timothy Driscoll
A01-0019,TO BE REMOVED,,,,,,,,,,,,Monongalia,StarCityWWTP-01,Sample,WWTP,11/21/2021 07:22 PM,Timothy Driscoll
A01-0025,TO BE REMOVED,,,,,,,,,,,,Monongalia,StarCityWWTP-01,Sample,WWTP,11/21/2021 07:22 PM,Timothy Driscoll
A01-0023,TO BE REMOVED,,,,,,,,,,,,Monongalia,StarCityWWTP-01,Sample,WWTP,11/21/2021 07:22 PM,Timothy Driscoll
B01-0074,Sample,Composite,,11/11/2021 07:25 AM,11/10/2021 07:00 AM,11/11/2021 07:00 AM,,,,Pass,,,Kanawha,CharlestonWWTP-01,Sample,WWTP,11/29/2021 05:57 PM,Timothy Driscoll
C01-0021,TO BE REMOVED,,,,,,,,,,,,,,Sample,WWTP,11/29/2021 05:57 PM,Timothy Driscoll
A02-0115,Sample,Composite,EL,09/20/2021 09:15 AM,09/18/2021 09:00 AM,09/20/2021 09:00 AM,,,,,,,Monongalia,,Sample,WVU Morgantown,11/21/2021 07:22 PM,Timothy Driscoll
A02-0044,TO BE REMOVED,,,,,,,,,,,,Monongalia,,Sample,WVU Morgantown,11/21/2021 07:22 PM,Timothy Driscoll
A02-0145,TO BE REMOVED,,,,,,,,,,,,Monongalia,,Sample,WVU Morgantown,11/21/2021 07:22 PM,Timothy Driscoll
A02-0045,TO BE REMOVED,,,,,,,,,,,,Monongalia,,Sample,WVU Morgantown,11/21/2021 07:22 PM,Timothy Driscoll
A02-0116,Sample,Composite,EL,09/20/2021 09:44 AM,09/18/2021 09:00 AM,09/20/2021 09:00 AM,,,,,,,Monongalia,,Sample,WVU Morgantown,11/21/2021 07:22 PM,Timothy Driscoll
A02-0001 10K,TO BE REMOVED,,,,,,,,,,,,Monongalia,,Sample,WVU Morgantown,11/21/2021 07:22 PM,Timothy Driscoll
A02-0143,TO BE REMOVED,,,,,,,,,,,,Monongalia,,Sample,WVU Morgantown,11/21/2021 07:22 PM,Timothy Driscoll
A02-0033,TO BE REMOVED,,,,,,,,,,,,Monongalia,,Sample,WVU Morgantown,11/21/2021 07:22 PM,Timothy Driscoll
A02-0144,TO BE REMOVED,,,,,,,,,,,,Monongalia,,Sample,WVU Morgantown,11/21/2021 07:22 PM,Timothy Driscoll
A02-0047,TO BE REMOVED,,,,,,,,,,,,Monongalia,,Sample,WVU Morgantown,11/21/2021 07:22 PM,Timothy Driscoll
A02-0004 1K,TO BE REMOVED,,,,,,,,,,,,Monongalia,,Sample,WVU Morgantown,11/21/2021 07:22 PM,Timothy Driscoll
A02-0003 0,TO BE REMOVED,,,,,,,,,,,,Monongalia,,Sample,WVU Morgantown,11/21/2021 07:22 PM,Timothy Driscoll
A02-0043,TO BE REMOVED,,,,,,,,,,,,Monongalia,,Sample,WVU Morgantown,11/21/2021 07:22 PM,Timothy Driscoll
A02-0002 100K,TO BE REMOVED,,,,,,,,,,,,Monongalia,,Sample,WVU Morgantown,11/21/2021 07:22 PM,Timothy Driscoll
A02-0117,Sample,Composite,EL,09/20/2021 09:54 AM,09/18/2021 09:00 AM,09/20/2021 09:00 AM,,,,,,,Monongalia,,Sample,WVU Morgantown,11/21/2021 07:22 PM,Timothy Driscoll
A02-0046,TO BE REMOVED,,,,,,,,,,,,Monongalia,,Sample,WVU Morgantown,11/21/2021 07:22 PM,Timothy Driscoll
A02-0146,TO BE REMOVED,,,,,,,,,,,,Monongalia,,Sample,WVU Morgantown,11/21/2021 07:23 PM,Timothy Driscoll
A02-0219,Sample,Composite,EL,11/15/2021 09:39 AM,11/13/2021 09:00 AM,11/15/2021 09:00 AM,,,,Pass,,,Monongalia,,Sample,WVU Morgantown,11/29/2021 05:57 PM,Timothy Driscoll
A02-0220,Sample,Composite,EL,11/15/2021 09:54 AM,11/13/2021 09:00 AM,11/15/2021 09:00 AM,,,,Pass,,,Monongalia,,Sample,WVU Morgantown,11/29/2021 05:57 PM,Timothy Driscoll
A02-0226,Sample,Composite,EL,11/19/2021 10:12 AM,11/17/2021 09:00 AM,11/19/2021 09:00 AM,,,,Pass,,,Monongalia,,Sample,WVU Morgantown,11/29/2021 05:57 PM,Timothy Driscoll
A02-0227,Sample,Composite,EL,11/19/2021 10:13 AM,11/17/2021 09:10 AM,11/19/2021 09:10 AM,,,,Pass,,,Monongalia,,Sample,WVU Morgantown,11/29/2021 05:57 PM,Timothy Driscoll
A02-0228,Sample,Composite,EL,11/19/2021 11:01 AM,11/17/2021 10:00 AM,11/19/2021 10:01 AM,,,,Pass,,,Monongalia,,Sample,WVU Morgantown,11/29/2021 05:57 PM,Timothy Driscoll
A02-0229,Sample,Composite,EL,11/19/2021 11:23 AM,11/17/2021 10:15 AM,11/19/2021 10:15 AM,,,,Pass,,,Monongalia,,Sample,WVU Morgantown,11/29/2021 05:57 PM,Timothy Driscoll
A03-0164,TO BE REMOVED,,,,,,,,,,,,Monongalia,,Sample,K-12,12/29/2021 06:18 PM,Timothy Driscoll
A03-0167,TO BE REMOVED,,,,,,,,,,,,Monongalia,,Sample,K-12,12/29/2021 06:18 PM,Timothy Driscoll
A03-0173,TO BE REMOVED,,,,,,,,,,,,Monongalia,,Sample,K-12,12/29/2021 06:18 PM,Timothy Driscoll
A03-0175,Sample,Composite,GZ,01/14/2022 02:43 PM,01/14/2022 06:00 AM,01/14/2022 02:00 PM,,,,,,,Monongalia,,Sample,K-12,12/29/2021 06:18 PM,Timothy Driscoll
A03-0176,Sample,Composite,GZ,01/14/2022 03:25 PM,01/14/2022 06:00 AM,01/14/2022 02:00 PM,,,,,,,Monongalia,,Sample,K-12,12/29/2021 06:18 PM,Timothy Driscoll
A03-0181,Sample,Composite,Gz,01/14/2022 02:24 PM,01/14/2022 06:00 AM,01/14/2022 02:00 PM,,,,,,,Monongalia,,Sample,K-12,12/29/2021 06:18 PM,Timothy Driscoll
A03-0182,Sample,Composite,Gz,01/14/2022 03:47 PM,01/14/2022 06:00 AM,01/14/2022 02:00 PM,,,,,,,Monongalia,,Sample,K-12,12/29/2021 06:18 PM,Timothy Driscoll
K01-0391,G,Composite,,07/30/2024 07:00 AM,07/29/2024 07:00 AM,07/30/2024 07:00 AM,,,,Pass,3.967,Routine Surveillance,Wood,ParkersburgWWTP-01,Sample,WWTP,07/31/2024 12:33 PM,Josh Lambert
E01-0547,G,Composite,,07/25/2024 09:00 AM,07/24/2024 09:00 AM,07/25/2024 09:00 AM,AJ,08/01/2024,,Pass,2.186,Routine Surveillance,Mercer,PrincetonWWTP-01,Sample,WWTP,08/01/2024 04:24 PM,Amy Jones
E01-0548,G,Composite,,07/26/2024 09:00 AM,07/25/2024 09:00 AM,07/26/2024 09:00 AM,AJ,08/01/2024,,Pass,1.806,Routine Surveillance,Mercer,PrincetonWWTP-01,Sample,WWTP,08/01/2024 04:25 PM,Amy Jones
E01-0549,G,Composite,,07/30/2024 09:00 AM,07/29/2024 09:00 AM,07/30/2024 09:00 AM,AJ,08/01/2024,,Pass,3.304,Routine Surveillance,Mercer,PrincetonWWTP-01,Sample,WWTP,08/01/2024 04:25 PM,Amy Jones
E01-0550,G,Composite,,07/31/2024 09:00 AM,07/30/2024 09:00 AM,07/31/2024 09:00 AM,AJ,08/01/2024,,Pass,2.329,Routine Surveillance,Mercer,PrincetonWWTP-01,Sample,WWTP,08/01/2024 04:26 PM,Amy Jones
A01-0955,G,Composite,,07/31/2024 12:00 AM,07/30/2024 12:00 AM,07/31/2024 12:00 AM,AJ,08/07/2024,,Pass,8.0,Routine Surveillance,Monongalia,StarCityWWTP-01,Sample,WWTP,08/07/2024 10:05 AM,Amy Jones
A01-0956,G,Composite,,08/01/2024 12:00 AM,07/31/2024 12:00 AM,08/01/2024 12:00 AM,AJ,08/07/2024,,Pass,7.3,Routine Surveillance,Monongalia,StarCityWWTP-01,Sample,WWTP,08/07/2024 10:06 AM,Amy Jones
A01-0957,G,Composite,,08/03/2024 12:00 AM,08/02/2024 12:00 AM,08/03/2024 12:00 AM,AJ,08/07/2024,,Pass,11.4,Routine Surveillance,Monongalia,StarCityWWTP-01,Sample,WWTP,08/07/2024 10:07 AM,Amy Jones
A01-0958,G,Composite,,08/04/2024 12:00 AM,08/03/2024 12:00 AM,08/04/2024 12:00 AM,AJ,08/07/2024,,Pass,9.3,Routine Surveillance,Monongalia,StarCityWWTP-01,Sample,WWTP,08/07/2024 10:07 AM,Amy Jones
C01-0701,G,Composite,,07/30/2024 07:00 AM,07/29/2024 07:00 AM,07/30/2024 07:00 AM,AJ,08/07/2024,,Pass,1.39,Routine Surveillance,Ohio,WheelingWWTP-01,Sample,WWTP,08/07/2024 10:08 AM,Amy Jones
C01-0702,G,Composite,,07/31/2024 07:00 AM,07/30/2024 07:00 AM,07/31/2024 07:00 AM,AJ,08/07/2024,,Pass,6.97,Routine Surveillance,Ohio,WheelingWWTP-01,Sample,WWTP,08/07/2024 10:09 AM,Amy Jones
C01-0703,G,Composite,,08/01/2024 07:00 AM,07/31/2024 07:00 AM,08/01/2024 07:00 AM,AJ,08/07/2024,,Pass,7.33,Routine Surveillance,Ohio,WheelingWWTP-01,Sample,WWTP,08/07/2024 10:10 AM,Amy Jones
C01-0704,G,Composite,,08/02/2024 07:00 AM,08/01/2024 07:00 AM,08/02/2024 07:00 AM,AJ,08/07/2024,,Pass,7.80,Routine Surveillance,Ohio,WheelingWWTP-01,Sample,WWTP,08/07/2024 10:10 AM,Amy Jones
C01-0705,G,Composite,,08/05/2024 07:00 AM,08/04/2024 07:00 AM,08/05/2024 07:00 AM,AJ,08/07/2024,,Pass,7.86,Routine Surveillance,Ohio,WheelingWWTP-01,Sample,WWTP,08/07/2024 10:11 AM,Amy Jones
R01-0480,G,Composite,,07/31/2024 09:00 AM,07/30/2024 09:00 AM,07/31/2024 09:00 AM,AJ,08/07/2024,,Pass,0.203,Routine Surveillance,Randolph,HuttonsvilleWWTP-01,Sample,WWTP,08/07/2024 10:12 AM,Amy Jones
R02-0458,G,Composite,,08/05/2024 08:00 AM,08/04/2024 08:00 AM,08/05/2024 08:00 AM,AJ,08/07/2024,,Pass,0.44,Routine Surveillance,Randolph,ElkinsWWTP-01,Sample,WWTP,08/07/2024 10:13 AM,Amy Jones
U01-0086,G,Composite,,08/05/2024 08:00 AM,08/04/2024 08:00 AM,08/05/2024 08:00 AM,AJ,08/07/2024,,Pass,0.136,Routine Surveillance,Fayette,WhiteOakWWTP-01,Sample,WWTP,08/07/2024 10:14 AM,Amy Jones
G01-0534,G,Composite,,08/05/2024 08:00 AM,08/04/2024 09:00 AM,08/05/2024 08:00 AM,AJ,08/07/2024,,Pass,0.437,Routine Surveillance,Mineral,KeyserWWTP-01,Sample,WWTP,08/07/2024 10:15 AM,Amy Jones
H01-0936,G,Composite,,08/05/2024 08:00 AM,08/04/2024 08:00 AM,08/05/2024 08:00 AM,AJ,08/07/2024,,Pass,1.1,Routine Surveillance,Marshall,MoundsvilleWWTP-01,Sample,WWTP,08/07/2024 10:16 AM,Amy Jones
Q01-0518,G,Composite,,08/05/2024 08:00 AM,08/04/2024 08:00 AM,08/05/2024 08:00 AM,AJ,08/07/2024,,Pass,0.233,Routine Surveillance,Boone,MadisonWWTP-01,Sample,WWTP,08/07/2024 10:17 AM,Amy Jones
T01-0276,G,Composite,,08/06/2024 07:00 AM,08/05/2024 07:00 AM,08/06/2024 07:00 AM,AJ,08/07/2024,,Pass,0.21,Routine Surveillance,Mason,PointPleasantWWTP-01,Sample,WWTP,08/07/2024 10:18 AM,Amy Jones
N02-0437,G,Composite,,08/05/2024 07:00 AM,08/04/2024 07:00 AM,08/05/2024 07:00 AM,AJ,08/07/2024,,Pass,5.32,Routine Surveillance,Harrison,ClarksburgWWTP-01,Sample,WWTP,08/07/2024 10:19 AM,Amy Jones
L01-0568,G,Composite,,08/05/2024 08:00 AM,08/04/2024 08:00 AM,08/05/2024 08:00 AM,AJ,08/07/2024,,Pass,0.224,Routine Surveillance,Doddridge,WestUnionWWTP-01,Sample,WWTP,08/07/2024 10:20 AM,Amy Jones
O01-0489,G,Composite,,08/05/2024 08:00 AM,08/04/2024 08:00 AM,08/05/2024 08:00 AM,AJ,08/07/2024,,Pass,0.47,Routine Surveillance,Taylor,GraftonWWTP-01,Sample,WWTP,08/07/2024 10:20 AM,Amy Jones
P01-0116,G,Composite,,08/05/2024 08:00 AM,08/04/2024 08:00 AM,08/05/2024 08:00 AM,AJ,08/07/2024,,Pass,0.2,Routine Surveillance,Pleasants,StMarysWWTP-01,Sample,WWTP,08/07/2024 10:21 AM,Amy Jones
A04-0552,G,Composite,,08/05/2024 08:00 AM,08/04/2024 08:00 AM,08/05/2024 08:00 AM,AJ,08/07/2024,,Pass,0.792,Routine Surveillance,Monongalia,CheatLakeWWTP-01,Sample,WWTP,08/07/2024 10:22 AM,Amy Jones
M04-0253,G,Composite,,08/05/2024 08:30 AM,08/04/2024 08:30 AM,08/05/2024 08:30 AM,AJ,08/07/2024,,Pass,0.070,Routine Surveillance,Marion,FarmingtonWWTP-01,Sample,WWTP,08/07/2024 10:23 AM,Amy Jones
A01-0960,G,Composite,,08/06/2024 12:00 AM,08/05/2024 12:00 AM,08/06/2024 12:00 AM,AJ,08/07/2024,,Pass,6.9,Routine Surveillance,Monongalia,StarCityWWTP-01,Sample,WWTP,08/07/2024 10:24 AM,Amy Jones
A01-0959,G,Composite,,08/05/2024 12:00 AM,08/04/2024 12:00 AM,08/05/2024 12:00 AM,AJ,08/07/2024,,Pass,7.8,Routine Surveillance,Monongalia,StarCityWWTP-01,Sample,WWTP,08/07/2024 10:24 AM,Amy Jones
D01-0417,G,Composite,,08/06/2024 07:00 AM,08/05/2024 07:00 AM,08/06/2024 07:00 AM,AJ,08/08/2024,,Pass,1.1,Routine Surveillance,Jefferson,CharlesTownWWTP-01,Sample,WWTP,08/08/2024 12:52 PM,Amy Jones
J01-0414,G,Composite,,08/05/2024 07:30 AM,08/04/2024 07:30 AM,08/05/2024 07:30 AM,AJ,08/08/2024,,Pass,0.050,Routine Surveillance,Preston,AlpineLakeWWTP-01,Sample,WWTP,08/08/2024 12:53 PM,Amy Jones
K01-0394,G,Composite,,08/06/2024 06:30 AM,08/05/2024 06:30 AM,08/06/2024 06:30 AM,AJ,08/08/2024,,Pass,3.976,Routine Surveillance,Wood,ParkersburgWWTP-01,Sample,WWTP,08/08/2024 12:56 PM,Amy Jones
A01-0961,G,Composite,,08/07/2024 12:00 AM,08/06/2024 12:00 AM,08/07/2024 12:00 AM,AJ,08/13/2024,,Pass,6.8,Routine Surveillance,Monongalia,StarCityWWTP-01,Sample,WWTP,08/13/2024 11:29 AM,Amy Jones
A01-0962,G,Composite,,08/08/2024 12:00 AM,08/07/2024 12:00 AM,08/08/2024 12:00 AM,AJ,08/13/2024,,Pass,6.9,Routine Surveillance,Monongalia,StarCityWWTP-01,Sample,WWTP,08/13/2024 11:29 AM,Amy Jones
A01-0963,G,Composite,,08/10/2024 12:00 AM,08/09/2024 12:00 AM,08/10/2024 12:00 AM,AJ,08/13/2024,,Pass,7.3,Routine Surveillance,Monongalia,StarCityWWTP-01,Sample,WWTP,08/13/2024 11:30 AM,Amy Jones
A01-0964,G,Composite,,08/11/2024 12:00 AM,08/10/2024 12:00 AM,08/11/2024 12:00 AM,AJ,08/13/2024,,Pass,6.6,Routine Surveillance,Monongalia,StarCityWWTP-01,Sample,WWTP,08/13/2024 11:31 AM,Amy Jones
A01-0965,G,Composite,,08/12/2024 12:00 AM,08/11/2024 12:00 AM,08/12/2024 12:00 AM,AJ,08/13/2024,,Pass,6.6,Routine Surveillance,Monongalia,StarCityWWTP-01,Sample,WWTP,08/13/2024 11:31 AM,Amy Jones
J01-0415,G,Composite,,08/12/2024 07:30 AM,08/11/2024 07:30 AM,08/12/2024 07:30 AM,AJ,08/13/2024,,Pass,0.053,Routine Surveillance,Preston,AlpineLakeWWTP-01,Sample,WWTP,08/13/2024 11:33 AM,Amy Jones
H01-0937,G,Composite,,08/12/2024 08:00 AM,08/11/2024 08:00 AM,08/12/2024 08:00 AM,AJ,08/13/2024,,Pass,1.0,Routine Surveillance,Marshall,MoundsvilleWWTP-01,Sample,WWTP,08/13/2024 11:33 AM,Amy Jones
P01-0125,G,Composite,,08/12/2024 08:00 AM,08/11/2024 08:00 AM,08/12/2024 08:00 AM,AJ,08/13/2024,,Pass,0.19,Routine Surveillance,Pleasants,StMarysWWTP-01,Sample,WWTP,08/13/2024 11:34 AM,Amy Jones
M04-0265,G,Composite,,08/12/2024 08:00 AM,08/11/2024 08:00 AM,08/12/2024 08:00 AM,AJ,08/13/2024,,Pass,0.067,Routine Surveillance,Marion,FarmingtonWWTP-01,Sample,WWTP,08/13/2024 11:35 AM,Amy Jones
M03-0397,G,Composite,,08/12/2024 08:00 AM,08/11/2024 08:00 AM,08/12/2024 08:00 AM,AJ,08/13/2024,,Pass,0.150,Routine Surveillance,Marion,ManningtonWWTP-01,Sample,WWTP,08/13/2024 11:36 AM,Amy Jones
R02-0470,G,Composite,,08/12/2024 08:00 AM,08/11/2024 08:00 AM,08/12/2024 08:00 AM,AJ,08/13/2024,,Pass,1.28,Routine Surveillance,Randolph,ElkinsWWTP-01,Sample,WWTP,08/13/2024 11:37 AM,Amy Jones
T01-0277,G,Composite,,08/13/2024 07:00 AM,08/12/2024 07:00 AM,08/13/2024 07:00 AM,AJ,08/13/2024,EMTY TUBE,Fail: Volume Below Min,0.22,Routine Surveillance,Mason,PointPleasantWWTP-01,Sample,WWTP,08/13/2024 11:38 AM,Amy Jones
A04-0556,G,Composite,,08/12/2024 08:00 AM,08/11/2024 08:00 AM,08/12/2024 08:00 AM,AJ,08/13/2024,,Pass,0.633,Routine Surveillance,Monongalia,CheatLakeWWTP-01,Sample,WWTP,08/13/2024 11:39 AM,Amy Jones
O01-0504,G,Composite,,08/12/2024 08:00 AM,08/11/2024 08:00 AM,08/12/2024 08:00 AM,AJ,08/13/2024,,Pass,0.47,Routine Surveillance,Taylor,GraftonWWTP-01,Sample,WWTP,08/13/2024 11:40 AM,Amy Jones
N02-0362,G,Composite,,08/12/2024 07:00 AM,08/11/2024 07:00 AM,08/12/2024 07:00 AM,AJ,08/13/2024,,Pass,5.867,Routine Surveillance,Harrison,ClarksburgWWTP-01,Sample,WWTP,08/13/2024 11:41 AM,Amy Jones
N03-0462,G,Composite,,08/12/2024 07:00 AM,08/11/2024 07:00 AM,08/12/2024 07:00 AM,AJ,08/13/2024,,Pass,0.192980,Routine Surveillance,Harrison,SalemWWTP-01,Sample,WWTP,08/13/2024 11:42 AM,Amy Jones
L01-0569,G,Composite,,08/12/2024 09:30 AM,08/11/2024 09:30 AM,08/12/2024 09:30 AM,AJ,08/13/2024,,Pass,0.135,Routine Surveillance,Doddridge,WestUnionWWTP-01,Sample,WWTP,08/13/2024 11:44 AM,Amy Jones
C01-0706,G,Composite,,08/12/2024 07:00 AM,08/11/2024 07:00 AM,08/12/2024 07:00 AM,AJ,08/14/2024,,Pass,6.92,Routine Surveillance,Ohio,WheelingWWTP-01,Sample,WWTP,08/14/2024 01:23 PM,Amy Jones
C01-0707,G,Composite,,08/09/2024 07:00 AM,08/08/2024 07:00 AM,08/09/2024 07:00 AM,AJ,08/14/2024,,Pass,4.73,Routine Surveillance,Ohio,WheelingWWTP-01,Sample,WWTP,08/14/2024 01:23 PM,Amy Jones
C01-0708,G,Composite,,08/08/2024 07:00 AM,08/07/2024 07:00 AM,08/08/2024 07:00 AM,AJ,08/14/2024,,Pass,4.80,Routine Surveillance,Ohio,WheelingWWTP-01,Sample,WWTP,08/14/2024 01:24 PM,Amy Jones
C01-0709,G,Composite,,08/07/2024 07:00 AM,08/06/2024 07:00 AM,08/07/2024 07:00 AM,AJ,08/14/2024,,Pass,4.88,Routine Surveillance,Ohio,WheelingWWTP-01,Sample,WWTP,08/14/2024 01:25 PM,Amy Jones
C01-0710,G,Composite,,08/06/2024 07:00 AM,08/05/2024 07:00 AM,08/06/2024 07:00 AM,AJ,08/14/2024,,Pass,4.80,Routine Surveillance,Ohio,WheelingWWTP-01,Sample,WWTP,08/14/2024 01:26 PM,Amy Jones
D01-0418,G,Composite,,08/13/2024 07:00 AM,08/12/2024 07:00 AM,08/13/2024 07:00 AM,AJ,08/14/2024,,Pass,1.4,Routine Surveillance,Jefferson,CharlesTownWWTP-01,Sample,WWTP,08/14/2024 01:26 PM,Amy Jones
A01-0966,G,Composite,,08/13/2024 12:00 AM,08/12/2024 12:00 AM,08/13/2024 12:00 AM,AJ,08/20/2024,,Pass,6.8,Routine Surveillance,Monongalia,StarCityWWTP-01,Sample,WWTP,08/20/2024 09:25 AM,Amy Jones
A01-0967,G,Composite,,08/14/2024 12:00 AM,08/13/2024 12:00 AM,08/14/2024 12:00 AM,AJ,08/20/2024,,Pass,6.6,Routine Surveillance,Monongalia,StarCityWWTP-01,Sample,WWTP,08/20/2024 09:25 AM,Amy Jones
A01-0968,G,Composite,,08/15/2024 12:00 AM,08/14/2024 12:00 AM,08/15/2024 12:00 AM,AJ,08/20/2024,,Pass,6.7,Routine Surveillance,Monongalia,StarCityWWTP-01,Sample,WWTP,08/20/2024 09:26 AM,Amy Jones
A01-0969,G,Composite,,08/17/2024 12:00 AM,08/16/2024 12:00 AM,08/17/2024 12:00 AM,AJ,08/20/2024,,Pass,7.2,Routine Surveillance,Monongalia,StarCityWWTP-01,Sample,WWTP,08/20/2024 09:27 AM,Amy Jones
A01-0970,G,Composite,,08/18/2024 12:00 AM,08/17/2024 12:00 AM,08/18/2024 12:00 AM,AJ,08/20/2024,,Pass,7.3,Routine Surveillance,Monongalia,StarCityWWTP-01,Sample,WWTP,08/20/2024 09:27 AM,Amy Jones
E01-0321,G,Composite,,08/01/2024 09:00 AM,07/31/2024 09:00 AM,08/01/2024 09:00 AM,AJ,08/20/2024,,Pass,1.686,Routine Surveillance,Mercer,PrincetonWWTP-01,Sample,WWTP,08/20/2024 09:28 AM,Amy Jones
E01-0322,G,Composite,,08/02/2024 09:00 AM,08/01/2024 09:00 AM,08/02/2024 09:00 AM,AJ,08/20/2024,,Pass,1.931,Routine Surveillance,Mercer,PrincetonWWTP-01,Sample,WWTP,08/20/2024 09:29 AM,Amy Jones
E01-0323,G,Composite,,08/06/2024 10:00 AM,08/05/2024 10:00 AM,08/06/2024 10:00 AM,AJ,08/20/2024,,Pass,1.472,Routine Surveillance,Mercer,PrincetonWWTP-01,Sample,WWTP,08/20/2024 09:30 AM,Amy Jones
E01-0324,G,Composite,,08/14/2024 09:00 AM,08/13/2024 09:00 AM,08/14/2024 09:00 AM,AJ,08/20/2024,,Pass,1.368,Routine Surveillance,Mercer,PrincetonWWTP-01,Sample,WWTP,08/20/2024 09:31 AM,Amy Jones
N03-0463,G,Composite,,08/19/2024 07:30 AM,08/18/2024 07:30 AM,08/19/2024 07:30 AM,AJ,08/20/2024,,Pass,0.598936,Routine Surveillance,Harrison,SalemWWTP-01,Sample,WWTP,08/20/2024 09:33 AM,Amy Jones
O01-0500,G,Composite,,08/19/2024 08:10 AM,08/18/2024 08:10 AM,08/19/2024 08:10 AM,AJ,08/20/2024,,Pass,0.55,Routine Surveillance,Taylor,GraftonWWTP-01,Sample,WWTP,08/20/2024 09:34 AM,Amy Jones
U01-0077,G,Composite,,08/12/2024 09:15 AM,08/11/2024 09:15 AM,08/12/2024 09:15 AM,AJ,08/20/2024,,Pass,0.113,Routine Surveillance,Fayette,WhiteOakWWTP-01,Sample,WWTP,08/20/2024 09:35 AM,Amy Jones
K01-0451,G,Composite,,08/13/2024 06:30 AM,08/12/2024 06:30 AM,08/13/2024 06:30 AM,AJ,08/20/2024,,Pass,3.597,Routine Surveillance,Wood,ParkersburgWWTP-01,Sample,WWTP,08/20/2024 09:37 AM,Amy Jones
A04-0557,G,Composite,,08/19/2024 08:00 AM,08/18/2024 08:00 AM,08/19/2024 08:00 AM,AJ,08/20/2024,,Pass,0.618,Routine Surveillance,Monongalia,CheatLakeWWTP-01,Sample,WWTP,08/20/2024 09:38 AM,Amy Jones
N02-0371,G,Composite,,08/19/2024 07:00 AM,07/18/2024 07:00 AM,08/19/2024 07:00 AM,AJ,08/20/2024,,Pass,8.881,Routine Surveillance,Harrison,ClarksburgWWTP-01,Sample,WWTP,08/20/2024 09:39 AM,Amy Jones
L01-0562,G,Composite,,08/19/2024 08:00 AM,08/18/2024 08:00 AM,08/19/2024 08:00 AM,AJ,08/20/2024,,Pass,0.181,Routine Surveillance,Doddridge,WestUnionWWTP-01,Sample,WWTP,08/20/2024 09:41 AM,Amy Jones
P01-0124,G,Composite,,08/19/2024 08:00 AM,08/18/2024 08:00 AM,08/19/2024 08:00 AM,AJ,08/20/2024,,Pass,0.201,Routine Surveillance,Pleasants,StMarysWWTP-01,Sample,WWTP,08/20/2024 09:41 AM,Amy Jones
M03-0392,G,Composite,,08/19/2024 08:00 AM,08/18/2024 08:00 AM,08/19/2024 08:00 AM,AJ,08/20/2024,,Pass,0.133,Routine Surveillance,Marion,ManningtonWWTP-01,Sample,WWTP,08/20/2024 09:43 AM,Amy Jones
M04-0262,G,Composite,,08/19/2024 08:00 AM,08/18/2024 08:00 AM,08/19/2024 08:00 AM,AJ,08/20/2024,,Pass,0.065,Routine Surveillance,Marion,FarmingtonWWTP-01,Sample,WWTP,08/20/2024 09:44 AM,Amy Jones
C01-0711,G,Composite,,08/13/2024 07:00 AM,08/12/2024 07:00 AM,08/13/2024 07:00 AM,AJ,08/20/2024,,Pass,6.49,Routine Surveillance,Ohio,WheelingWWTP-01,Sample,WWTP,08/20/2024 11:35 AM,Amy Jones
C01-0712,G,Composite,,08/14/2024 07:00 AM,08/13/2024 07:00 AM,08/14/2024 07:00 AM,AJ,08/20/2024,,Pass,6.59,Routine Surveillance,Ohio,WheelingWWTP-01,Sample,WWTP,08/20/2024 11:36 AM,Amy Jones
C01-0713,G,Composite,,08/15/2024 07:00 AM,08/14/2024 07:00 AM,08/15/2024 07:00 AM,AJ,08/20/2024,,Pass,6.58,Routine Surveillance,Ohio,WheelingWWTP-01,Sample,WWTP,08/20/2024 11:37 AM,Amy Jones
C01-0714,G,Composite,,08/16/2024 07:00 AM,08/15/2024 07:00 AM,08/16/2024 07:00 AM,AJ,08/20/2024,,Pass,6.47,Routine Surveillance,Ohio,WheelingWWTP-01,Sample,WWTP,08/20/2024 11:38 AM,Amy Jones
C01-0715,G,Composite,,08/19/2024 07:00 AM,08/18/2024 07:00 AM,08/19/2024 07:00 AM,AJ,08/20/2024,,Pass,7.07,Routine Surveillance,Ohio,WheelingWWTP-01,Sample,WWTP,08/20/2024 11:38 AM,Amy Jones
T01-0278,G,Composite,,08/19/2024 10:31 AM,08/18/2024 10:33 AM,08/19/2024 10:31 AM,AJ,08/20/2024,EMPTY TUBE,Fail: Volume Below Min,0.30,Routine Surveillance,Mason,PointPleasantWWTP-01,Sample,WWTP,08/20/2024 11:40 AM,Amy Jones
J01-0416,G,Composite,,08/19/2024 07:30 AM,08/18/2024 07:30 AM,08/19/2024 07:30 AM,AJ,08/20/2024,,Pass,0.049,Routine Surveillance,Preston,AlpineLakeWWTP-01,Sample,WWTP,08/20/2024 11:41 AM,Amy Jones
U01-0057,G,Composite,,08/19/2024 08:30 AM,08/18/2024 08:30 AM,08/19/2024 08:30 AM,AJ,08/20/2024,,Pass,0.310,Routine Surveillance,Fayette,WhiteOakWWTP-01,Sample,WWTP,08/20/2024 11:43 AM,Amy Jones
R02-0457,G,Composite,,08/19/2024 08:00 AM,08/18/2024 08:00 AM,08/19/2024 08:00 AM,AJ,08/20/2024,,Pass,1.42,Routine Surveillance,Randolph,ElkinsWWTP-01,Sample,WWTP,08/20/2024 11:44 AM,Amy Jones
H01-0938,G,Composite,,08/19/2024 08:00 AM,08/18/2024 08:00 AM,08/19/2024 08:00 AM,AJ,08/20/2024,,Pass,1.0,Routine Surveillance,Marshall,MoundsvilleWWTP-01,Sample,WWTP,08/20/2024 11:44 AM,Amy Jones
Q01-0517,TO BE REMOVED,,,,,,AJ,08/20/2024,MISSING COMP LABEL,Fail: Missing Required Data,,Routine Surveillance,Boone,MadisonWWTP-01,Sample,WWTP,08/20/2024 11:45 AM,Amy Jones
Q01-0516,G,Composite,,08/19/2024 08:00 AM,08/18/2024 08:00 AM,08/19/2024 08:00 AM,AJ,08/20/2024,,Pass,0.394,Routine Surveillance,Boone,MadisonWWTP-01,Sample,WWTP,08/20/2024 11:48 AM,Amy Jones
G01-0574,G,Composite,,08/19/2024 09:00 AM,08/18/2024 09:00 AM,08/19/2024 09:00 AM,AJ,08/20/2024,,Pass,0.637,Routine Surveillance,Mineral,KeyserWWTP-01,Sample,WWTP,08/20/2024 11:49 AM,Amy Jones
A01-0972,G,Composite,,08/20/2024 12:00 AM,08/19/2024 12:00 AM,08/20/2024 12:00 AM,AJ,08/21/2024,,Pass,7.5,Routine Surveillance,Monongalia,StarCityWWTP-01,Sample,WWTP,08/21/2024 10:20 AM,Amy Jones
A01-0971,G,Composite,,08/19/2024 12:00 AM,08/18/2024 12:00 AM,08/19/2024 12:00 AM,AJ,08/21/2024,,Pass,7.4,Routine Surveillance,Monongalia,StarCityWWTP-01,Sample,WWTP,08/21/2024 10:21 AM,Amy Jones
D01-0550,G,Composite,,08/20/2024 07:15 AM,08/19/2024 07:15 AM,08/20/2024 07:15 AM,AJ,08/21/2024,,Pass,1.25,Routine Surveillance,Jefferson,CharlesTownWWTP-01,Sample,WWTP,08/21/2024 10:22 AM,Amy Jones
K01-0452,G,Composite,,08/20/2024 06:30 AM,08/19/2024 06:30 AM,08/20/2024 06:30 AM,AJ,08/21/2024,,Pass,3.762,Routine Surveillance,Wood,ParkersburgWWTP-01,Sample,WWTP,08/21/2024 10:23 AM,Amy Jones
A01-0975,G,Composite,,08/24/2024 12:00 AM,08/23/2024 12:00 AM,08/24/2024 12:00 AM,AJ,08/27/2024,,Pass,6.3,Routine Surveillance,Monongalia,StarCityWWTP-01,Sample,WWTP,08/27/2024 02:06 PM,Amy Jones
A01-0976,G,Composite,,08/25/2024 12:00 AM,08/24/2024 12:00 AM,08/25/2024 12:00 AM,AJ,08/27/2024,,Pass,7.0,Routine Surveillance,Monongalia,StarCityWWTP-01,Sample,WWTP,08/27/2024 02:07 PM,Amy Jones
A01-0977,G,Composite,,08/26/2024 12:00 AM,08/25/2024 12:00 AM,08/26/2024 12:00 AM,AJ,08/27/2024,,Pass,7.3,Routine Surveillance,Monongalia,StarCityWWTP-01,Sample,WWTP,08/27/2024 02:10 PM,Amy Jones
N02-0446,G,Composite,,08/26/2024 07:00 AM,08/25/2024 07:00 AM,08/26/2024 07:00 AM,AJ,08/27/2024,,Pass,5.439,Routine Surveillance,Harrison,ClarksburgWWTP-01,Sample,WWTP,08/27/2024 02:11 PM,Amy Jones
P01-0123,G,Composite,,08/26/2024 08:00 AM,08/25/2024 08:00 AM,08/26/2024 08:00 AM,AJ,08/27/2024,,Pass,0.225,Routine Surveillance,Pleasants,StMarysWWTP-01,Sample,WWTP,08/27/2024 02:12 PM,Amy Jones
O01-0490,G,Composite,,08/26/2024 08:00 AM,08/25/2024 08:00 AM,08/26/2024 08:00 AM,AJ,08/27/2024,,Pass,0.49,Routine Surveillance,Taylor,GraftonWWTP-01,Sample,WWTP,08/27/2024 02:13 PM,Amy Jones
M04-0257,G,Composite,,08/26/2024 08:30 AM,08/25/2024 08:30 AM,08/26/2024 08:30 AM,AJ,08/27/2024,,Pass,0.063,Routine Surveillance,Marion,FarmingtonWWTP-01,Sample,WWTP,08/27/2024 02:14 PM,Amy Jones
M03-0400,G,Composite,,08/26/2024 08:00 AM,08/25/2024 08:00 AM,08/26/2024 08:00 AM,AJ,08/27/2024,,Pass,0.128,Routine Surveillance,Marion,ManningtonWWTP-01,Sample,WWTP,08/27/2024 02:14 PM,Amy Jones
N03-0464,G,Composite,,08/26/2024 07:30 AM,08/25/2024 07:30 AM,08/26/2024 07:30 AM,AJ,08/27/2024,,Pass,0.193950,Routine Surveillance,Harrison,SalemWWTP-01,Sample,WWTP,08/27/2024 02:15 PM,Amy Jones
A04-0562,G,Composite,,08/26/2024 08:00 AM,08/25/2024 08:00 AM,08/26/2024 08:00 AM,AJ,08/27/2024,,Pass,0.549,Routine Surveillance,Monongalia,CheatLakeWWTP-01,Sample,WWTP,08/27/2024 02:16 PM,Amy Jones
T01-0279,G,,,08/27/2024 07:00 AM,08/26/2024 07:00 AM,08/27/2024 07:00 AM,AJ,08/28/2024,,Pass,0.14,Routine Surveillance,Mason,PointPleasantWWTP-01,Sample,WWTP,08/28/2024 09:24 AM,Amy Jones
R02-0463,G,Composite,,08/26/2024 08:00 AM,08/25/2024 08:00 AM,08/26/2024 08:00 AM,AJ,08/28/2024,,Pass,0.80,Routine Surveillance,Randolph,ElkinsWWTP-01,Sample,WWTP,08/28/2024 09:25 AM,Amy Jones
J01-0417,G,Composite,,08/26/2024 07:40 AM,08/25/2024 07:40 AM,08/26/2024 07:40 AM,AJ,08/28/2024,,Pass,0.038,Routine Surveillance,Preston,AlpineLakeWWTP-01,Sample,WWTP,08/28/2024 09:26 AM,Amy Jones
H01-0939,G,Composite,,08/26/2024 08:00 AM,08/25/2024 08:00 AM,08/26/2024 08:00 AM,AJ,08/28/2024,,Pass,0.9,Routine Surveillance,Marshall,MoundsvilleWWTP-01,Sample,WWTP,08/28/2024 09:27 AM,Amy Jones
C01-0716,G,Composite,,08/20/2024 07:00 AM,08/19/2024 07:00 AM,08/20/2024 07:00 AM,AJ,08/28/2024,,Pass,6.67,Routine Surveillance,Ohio,WheelingWWTP-01,Sample,WWTP,08/28/2024 09:29 AM,Amy Jones
C01-0717,G,Composite,,08/21/2024 07:00 AM,08/20/2024 07:00 AM,08/21/2024 07:00 AM,AJ,08/28/2024,,Pass,6.38,Routine Surveillance,Ohio,WheelingWWTP-01,Sample,WWTP,08/28/2024 09:30 AM,Amy Jones
C01-0718,G,Composite,,08/22/2024 07:00 AM,08/21/2024 07:00 AM,08/22/2024 07:00 AM,AJ,08/28/2024,,Pass,6.73,Routine Surveillance,Ohio,WheelingWWTP-01,Sample,WWTP,08/28/2024 09:30 AM,Amy Jones
C01-0719,G,Composite,,08/23/2024 07:00 AM,08/22/2024 07:00 AM,08/23/2024 07:00 AM,AJ,08/28/2024,,Pass,6.46,Routine Surveillance,Ohio,WheelingWWTP-01,Sample,WWTP,08/28/2024 09:31 AM,Amy Jones
C01-0720,C,Composite,,08/26/2024 07:00 AM,08/25/2024 07:00 AM,08/26/2024 07:00 AM,AJ,08/28/2024,,Pass,6.42,Routine Surveillance,Ohio,WheelingWWTP-01,Sample,WWTP,08/28/2024 09:32 AM,Amy Jones
A01-0978,G,Composite,,08/27/2024 12:00 AM,08/26/2024 12:00 AM,08/27/2024 12:00 AM,AJ,09/04/2024,,Pass,7.5,Routine Surveillance,Monongalia,StarCityWWTP-01,Sample,WWTP,09/04/2024 12:41 PM,Amy Jones
A01-0979,G,Composite,,08/28/2024 12:00 AM,08/27/2024 12:00 AM,08/28/2024 12:00 AM,AJ,09/04/2024,,Pass,8.4,Routine Surveillance,Monongalia,StarCityWWTP-01,Sample,WWTP,09/04/2024 12:41 PM,Amy Jones
A01-0980,G,Composite,,08/29/2024 12:00 AM,08/28/2024 12:00 AM,08/29/2024 12:00 AM,AJ,09/04/2024,,Pass,7.9,Routine Surveillance,Monongalia,StarCityWWTP-01,Sample,WWTP,09/04/2024 12:42 PM,Amy Jones
A01-0981,G,Composite,,09/01/2024 12:00 AM,08/31/2024 12:00 AM,09/01/2024 12:00 AM,AJ,09/04/2024,,Pass,9.7,Routine Surveillance,Monongalia,StarCityWWTP-01,Sample,WWTP,09/04/2024 12:42 PM,Amy Jones
A01-0982,G,Composite,,09/02/2024 12:00 AM,09/01/2024 12:00 AM,09/02/2024 12:00 AM,AJ,09/04/2024,,Pass,8.2,Routine Surveillance,Monongalia,StarCityWWTP-01,Sample,WWTP,09/04/2024 12:43 PM,Amy Jones
A01-0983,G,Composite,,09/03/2024 12:00 AM,09/02/2024 12:00 AM,09/03/2024 12:00 AM,AJ,09/04/2024,,Pass,7.3,Routine Surveillance,Monongalia,StarCityWWTP-01,Sample,WWTP,09/04/2024 12:44 PM,Amy Jones
C01-0721,G,Composite,,08/27/2024 07:00 AM,08/26/2024 07:00 AM,08/27/2024 07:00 AM,AJ,09/04/2024,,Pass,6.38,Routine Surveillance,Ohio,WheelingWWTP-01,Sample,WWTP,09/04/2024 12:45 PM,Amy Jones
C01-0722,G,Composite,,08/28/2024 07:00 AM,08/27/2024 07:00 AM,08/28/2024 07:00 AM,AJ,09/04/2024,,Pass,5.39,Routine Surveillance,Ohio,WheelingWWTP-01,Sample,WWTP,09/04/2024 12:46 PM,Amy Jones
C01-0723,G,Composite,,08/29/2024 07:00 AM,08/28/2024 07:00 AM,08/29/2024 07:00 AM,AJ,09/04/2024,,Pass,4.98,Routine Surveillance,Ohio,WheelingWWTP-01,Sample,WWTP,09/04/2024 12:46 PM,Amy Jones
C01-0724,G,Composite,,08/30/2024 07:00 AM,08/29/2024 07:00 AM,08/30/2024 07:00 AM,AJ,09/04/2024,,Pass,5.17,Routine Surveillance,Ohio,WheelingWWTP-01,Sample,WWTP,09/04/2024 12:47 PM,Amy Jones
C01-0725,G,Composite,,09/01/2024 07:00 AM,08/31/2024 07:00 AM,09/01/2024 07:00 AM,AJ,09/04/2024,,Pass,6.34,Routine Surveillance,Ohio,WheelingWWTP-01,Sample,WWTP,09/04/2024 12:48 PM,Amy Jones
Q01-0515,G,Composite,,08/26/2024 08:00 AM,08/25/2024 08:00 AM,08/26/2024 08:00 AM,AJ,09/04/2024,SAT AT ROOM TEMP FOR 3 DAYS,Fail: Temperature Above Threshold,0.232,Routine Surveillance,Boone,MadisonWWTP-01,Sample,WWTP,09/04/2024 12:49 PM,Amy Jones
A04-0561,G,Composite,,09/02/2024 12:00 AM,09/01/2024 08:00 AM,09/02/2024 08:00 AM,AJ,09/04/2024,,Pass,0.581,Routine Surveillance,Monongalia,CheatLakeWWTP-01,Sample,WWTP,09/04/2024 12:50 PM,Amy Jones
N03-0466,G,Composite,,09/02/2024 07:30 AM,09/01/2024 07:30 AM,09/02/2024 07:30 AM,AJ,09/04/2024,,Pass,0.374860,Routine Surveillance,Harrison,SalemWWTP-01,Sample,WWTP,09/04/2024 12:52 PM,Amy Jones
N03-0465,G,Composite,,09/03/2024 07:30 AM,09/02/2024 07:30 AM,09/03/2024 07:30 AM,AJ,09/04/2024,,Pass,0.230690,Routine Surveillance,Harrison,SalemWWTP-01,Sample,WWTP,09/04/2024 12:53 PM,Amy Jones
P01-0122,G,Composite,,09/02/2024 08:00 AM,09/01/2024 08:00 AM,09/02/2024 08:00 AM,AJ,09/04/2024,,Pass,0.202,Routine Surveillance,Pleasants,StMarysWWTP-01,Sample,WWTP,09/04/2024 12:55 PM,Amy Jones
L01-0570,G,Composite,,09/02/2024 08:00 AM,09/01/2024 08:00 AM,09/02/2024 08:00 AM,AJ,09/04/2024,,Pass,0.204,Routine Surveillance,Doddridge,WestUnionWWTP-01,Sample,WWTP,09/04/2024 12:56 PM,Amy Jones
O01-0498,G,Composite,,09/02/2024 08:00 AM,09/01/2024 08:00 AM,09/02/2024 08:00 AM,AJ,09/04/2024,,Pass,0.54,Routine Surveillance,Taylor,GraftonWWTP-01,Sample,WWTP,09/04/2024 12:58 PM,Amy Jones
N02-0445,G,Composite,,09/03/2024 07:00 AM,09/02/2024 07:00 AM,09/03/2024 07:00 AM,AJ,09/04/2024,,Pass,5.86,Routine Surveillance,Harrison,ClarksburgWWTP-01,Sample,WWTP,09/04/2024 12:59 PM,Amy Jones
M03-0388,G,Composite,,09/03/2024 08:00 AM,09/02/2024 08:00 AM,09/03/2024 08:00 AM,AJ,09/04/2024,,Pass,0.145,Routine Surveillance,Marion,ManningtonWWTP-01,Sample,WWTP,09/04/2024 01:00 PM,Amy Jones
T01-0280,G,Composite,,09/03/2024 07:00 AM,09/02/2024 07:00 AM,09/03/2024 07:00 AM,AJ,09/04/2024,,Pass,0.04,Routine Surveillance,Mason,PointPleasantWWTP-01,Sample,WWTP,09/04/2024 01:01 PM,Amy Jones
K01-0467,G,Composite,,09/03/2024 06:30 AM,09/02/2024 06:30 AM,09/03/2024 06:30 AM,AJ,09/04/2024,,Pass,4.025,Routine Surveillance,Wood,ParkersburgWWTP-01,Sample,WWTP,09/04/2024 01:02 PM,Amy Jones
D01-0547,G,Composite,,09/03/2024 07:00 AM,09/02/2024 07:00 AM,09/03/2024 07:00 AM,AJ,09/04/2024,,Pass,1.1,Routine Surveillance,Jefferson,CharlesTownWWTP-01,Sample,WWTP,09/04/2024 01:03 PM,Amy Jones
D01-0542,G,Composite,,08/27/2024 07:10 AM,08/26/2024 07:10 AM,08/27/2024 07:10 AM,AJ,09/05/2024,,Fail: Temperature Above Threshold,1.20,Routine Surveillance,Jefferson,CharlesTownWWTP-01,Sample,WWTP,09/05/2024 11:32 AM,Amy Jones
K01-0473,G,Composite,,08/27/2024 06:30 AM,08/26/2024 06:30 AM,08/27/2024 06:30 AM,AJ,09/05/2024,,Fail: Temperature Above Threshold,3.421,Routine Surveillance,Wood,ParkersburgWWTP-01,Sample,WWTP,09/05/2024 11:33 AM,Amy Jones
V01-0007,G,Composite,,02/27/2025 08:00 AM,02/26/2025 08:00 AM,02/27/2025 08:00 AM,AJ,03/06/2025,,Pass,3.6,Routine Surveillance,Hardy,MoorefieldWWTP-01,Sample,WWTP,03/06/2025 09:48 AM,Amy Jones
V01-0003,G,Composite,,02/28/2025 08:00 AM,02/27/2025 08:00 AM,02/28/2025 08:00 AM,AJ,03/06/2025,,Pass,3.7,Routine Surveillance,Hardy,MoorefieldWWTP-01,Sample,WWTP,03/06/2025 09:49 AM,Amy Jones
V01-0006,G,Composite,,02/25/2025 07:00 AM,02/24/2025 07:00 AM,02/25/2025 07:00 AM,AJ,03/06/2025,,Pass,3.6,Routine Surveillance,Hardy,MoorefieldWWTP-01,Sample,WWTP,03/06/2025 09:50 AM,Amy Jones
V01-0002,G,Composite,,03/03/2025 06:30 AM,03/02/2025 06:30 AM,03/03/2025 06:30 AM,AJ,03/06/2025,,Pass,2.6,Routine Surveillance,Hardy,MoorefieldWWTP-01,Sample,WWTP,03/06/2025 09:51 AM,Amy Jones
A01-1182,G,Composite,,02/25/2025 12:00 AM,02/24/2025 12:00 AM,02/25/2025 12:00 AM,AJ,03/06/2025,,Pass,9.6,Routine Surveillance,Monongalia,StarCityWWTP-01,Sample,WWTP,03/06/2025 09:52 AM,Amy Jones
A01-1183,G,Composite,,02/26/2025 12:00 AM,02/25/2025 12:00 AM,02/26/2025 12:00 AM,AJ,03/06/2025,,Pass,9.3,Routine Surveillance,Monongalia,StarCityWWTP-01,Sample,WWTP,03/06/2025 09:52 AM,Amy Jones
A01-1185,G,Composite,,03/01/2025 12:00 AM,02/28/2025 12:00 AM,03/01/2025 12:00 AM,AJ,03/06/2025,,Pass,8.6,Routine Surveillance,Monongalia,StarCityWWTP-01,Sample,WWTP,03/06/2025 09:53 AM,Amy Jones
A01-1187,G,Composite,,03/03/2025 12:00 AM,03/02/2025 12:00 AM,03/03/2025 12:00 AM,AJ,03/06/2025,,Pass,8.7,Routine Surveillance,Monongalia,StarCityWWTP-01,Sample,WWTP,03/06/2025 09:54 AM,Amy Jones
A01-1184,G,Composite,,02/27/2025 12:00 AM,02/26/2025 12:00 AM,02/27/2025 12:00 AM,AJ,03/06/2025,,Pass,10.7,Routine Surveillance,Monongalia,StarCityWWTP-01,Sample,WWTP,03/06/2025 09:55 AM,Amy Jones
A01-1186,G,Composite,,03/02/2025 12:00 AM,03/01/2025 12:00 AM,03/02/2025 12:00 AM,AJ,03/06/2025,,Pass,8.5,Routine Surveillance,Monongalia,StarCityWWTP-01,Sample,WWTP,03/06/2025 09:55 AM,Amy Jones
C01-0867,G,Composite,,02/27/2025 07:00 AM,02/26/2025 07:00 AM,02/27/2025 07:00 AM,AJ,03/06/2025,,Pass,7.1,Routine Surveillance,Ohio,WheelingWWTP-01,Sample,WWTP,03/06/2025 09:57 AM,Amy Jones
C01-0868,G,Composite,,02/25/2025 07:00 AM,02/24/2025 07:00 AM,02/25/2025 07:00 AM,AJ,03/06/2025,,Pass,7.36,Routine Surveillance,Ohio,WheelingWWTP-01,Sample,WWTP,03/06/2025 09:58 AM,Amy Jones
C01-0866,G,Composite,,02/26/2025 07:00 AM,02/25/2025 07:00 AM,02/26/2025 07:00 AM,AJ,03/06/2025,,Pass,7.1,Routine Surveillance,Ohio,WheelingWWTP-01,Sample,WWTP,03/06/2025 09:59 AM,Amy Jones
C01-0870,G,Composite,,03/03/2025 07:00 AM,03/02/2025 07:00 AM,03/03/2025 07:00 AM,AJ,03/06/2025,,Pass,6.5,Routine Surveillance,Ohio,WheelingWWTP-01,Sample,WWTP,03/06/2025 10:00 AM,Amy Jones
C01-0869,G,Composite,,02/28/2025 07:00 AM,02/27/2025 07:00 AM,02/28/2025 07:00 AM,AJ,03/06/2025,,Pass,7.3,Routine Surveillance,Ohio,WheelingWWTP-01,Sample,WWTP,03/06/2025 10:00 AM,Amy Jones
N02-0544,G,Composite,,03/03/2025 07:00 AM,03/02/2025 07:00 AM,03/03/2025 07:00 AM,AJ,03/06/2025,,Pass,6.940,Routine Surveillance,Harrison,ClarksburgWWTP-01,Sample,WWTP,03/06/2025 10:02 AM,Amy Jones
L01-0621,G,Composite,,03/03/2025 08:00 AM,03/02/2025 08:00 AM,03/03/2025 08:00 AM,AJ,03/06/2025,,Pass,0.222,Routine Surveillance,Doddridge,WestUnionWWTP-01,Sample,WWTP,03/06/2025 10:04 AM,Amy Jones
P01-0181,G,Composite,,03/03/2025 07:00 AM,03/02/2025 07:00 AM,03/03/2025 07:00 AM,AJ,03/06/2025,,Pass,0.222,Routine Surveillance,Pleasants,StMarysWWTP-01,Sample,WWTP,03/06/2025 10:05 AM,Amy Jones
A04-0651,G,Composite,,03/03/2025 08:00 AM,03/02/2025 08:00 AM,03/03/2025 08:00 AM,AJ,03/06/2025,,Pass,0.592,Routine Surveillance,Monongalia,CheatLakeWWTP-01,Sample,WWTP,03/06/2025 10:06 AM,Amy Jones
M03-0504,G,Composite,,03/03/2025 08:00 AM,03/02/2025 08:00 AM,03/03/2025 08:00 AM,AJ,03/06/2025,,Pass,0.202,Routine Surveillance,Marion,ManningtonWWTP-01,Sample,WWTP,03/06/2025 10:06 AM,Amy Jones
G01-0608,G,Composite,,03/03/2025 09:00 AM,03/02/2025 09:00 AM,03/03/2025 09:00 AM,AJ,03/06/2025,,Pass,0.918,Routine Surveillance,Mineral,KeyserWWTP-01,Sample,WWTP,03/06/2025 10:07 AM,Amy Jones
O01-0560,G,Composite,,03/03/2025 08:00 AM,03/02/2025 08:00 AM,03/03/2025 08:00 AM,AJ,03/06/2025,,Pass,1.27,Routine Surveillance,Taylor,GraftonWWTP-01,Sample,WWTP,03/06/2025 10:08 AM,Amy Jones
R02-0529,G,Composite,,03/03/2025 08:00 AM,03/02/2025 08:00 AM,03/03/2025 08:00 AM,AJ,03/06/2025,,Pass,2.82,Routine Surveillance,Randolph,ElkinsWWTP-01,Sample,WWTP,03/06/2025 10:10 AM,Amy Jones
Q01-0604,G,Composite,,03/03/2025 08:00 AM,03/02/2025 08:00 AM,03/03/2025 08:00 AM,AJ,03/06/2025,,Fail: Missing Required Data,,Routine Surveillance,Boone,MadisonWWTP-01,Sample,WWTP,03/06/2025 10:12 AM,Amy Jones
H01-0978,G,Composite,,03/03/2025 08:00 AM,03/02/2025 08:00 AM,03/03/2025 08:00 AM,AJ,03/06/2025,,Pass,1.4,Routine Surveillance,Marshall,MoundsvilleWWTP-01,Sample,WWTP,03/06/2025 10:14 AM,Amy Jones
K01-0524,G,Composite,,03/04/2025 06:30 AM,03/03/2025 06:30 AM,03/04/2025 06:30 AM,AJ,03/06/2025,,Pass,4.760,Routine Surveillance,Wood,ParkersburgWWTP-01,Sample,WWTP,03/06/2025 10:15 AM,Amy Jones
J01-0523,G,Composite,,03/03/2025 07:30 AM,03/02/2025 07:30 AM,03/03/2025 07:30 AM,AJ,03/06/2025,,Pass,0.148,Routine Surveillance,Preston,AlpineLakeWWTP-01,Sample,WWTP,03/06/2025 10:15 AM,Amy Jones
U01-0078,G,Composite,,03/01/2025 10:00 AM,02/28/2025 10:00 AM,03/01/2025 10:00 AM,AJ,03/06/2025,,Pass,0.465,Routine Surveillance,Fayette,WhiteOakWWTP-01,Sample,WWTP,03/06/2025 10:17 AM,Amy Jones
D01-0580,G,Composite,,03/04/2025 07:00 AM,03/03/2025 07:00 AM,03/04/2025 07:00 AM,AJ,03/06/2025,,Pass,1.15,Routine Surveillance,Jefferson,CharlesTownWWTP-01,Sample,WWTP,03/06/2025 10:18 AM,Amy Jones
Q01-0601,G,Composite,,02/24/2025 08:00 AM,02/23/2025 08:00 AM,02/24/2025 08:00 AM,AJ,03/06/2025,,Pass,0.547,Routine Surveillance,Boone,MadisonWWTP-01,Sample,WWTP,03/06/2025 10:19 AM,Amy Jones
A01-1190,G,Composite,,03/06/2025 12:00 AM,03/05/2025 12:00 AM,03/06/2025 12:00 AM,AJ,03/13/2025,,Pass,8.3,Routine Surveillance,Monongalia,StarCityWWTP-01,Sample,WWTP,03/13/2025 09:56 AM,Amy Jones
A01-1188,G,Composite,,03/04/2025 12:00 AM,03/03/2025 12:00 AM,03/04/2025 12:00 AM,AJ,03/13/2025,,Pass,8.4,Routine Surveillance,Monongalia,StarCityWWTP-01,Sample,WWTP,03/13/2025 09:56 AM,Amy Jones
A01-1193,G,Composite,,03/10/2025 12:00 AM,03/09/2025 12:00 AM,03/10/2025 12:00 AM,AJ,03/13/2025,,Pass,8.0,Routine Surveillance,Monongalia,StarCityWWTP-01,Sample,WWTP,03/13/2025 09:57 AM,Amy Jones
A01-1192,G,Composite,,03/09/2025 12:00 AM,03/08/2025 12:00 AM,03/09/2025 12:00 AM,AJ,03/13/2025,,Pass,7.8,Routine Surveillance,Monongalia,StarCityWWTP-01,Sample,WWTP,03/13/2025 09:58 AM,Amy Jones
A01-1189,G,Composite,,03/05/2025 12:00 AM,03/04/2025 12:00 AM,03/05/2025 12:00 AM,AJ,03/13/2025,,Pass,8.8,Routine Surveillance,Monongalia,StarCityWWTP-01,Sample,WWTP,03/13/2025 09:58 AM,Amy Jones
A01-1191,G,Composite,,03/08/2025 12:00 AM,03/07/2025 12:00 AM,03/08/2025 12:00 AM,AJ,03/13/2025,,Pass,7.8,Routine Surveillance,Monongalia,StarCityWWTP-01,Sample,WWTP,03/13/2025 09:59 AM,Amy Jones
E01-0725,G,Composite,,03/04/2025 09:00 AM,03/03/2025 09:00 AM,03/04/2025 09:00 AM,AJ,03/13/2025,,Pass,3.308,Routine Surveillance,Mercer,PrincetonWWTP-01,Sample,WWTP,03/13/2025 10:01 AM,Amy Jones
E01-0726,G,Composite,,03/05/2025 09:00 AM,03/04/2025 09:00 AM,03/05/2025 09:00 AM,AJ,03/13/2025,,Pass,3.250,Routine Surveillance,Mercer,PrincetonWWTP-01,Sample,WWTP,03/13/2025 10:02 AM,Amy Jones
E01-0724,G,Composite,,03/03/2025 09:00 AM,03/02/2025 09:00 AM,03/03/2025 09:00 AM,AJ,03/13/2025,,Pass,3.505,Routine Surveillance,Mercer,PrincetonWWTP-01,Sample,WWTP,03/13/2025 10:02 AM,Amy Jones
C01-0875,G,Composite,,03/10/2025 08:00 AM,03/09/2025 08:00 AM,03/10/2025 09:00 AM,AJ,03/13/2025,,Pass,6.869,Routine Surveillance,Ohio,WheelingWWTP-01,Sample,WWTP,03/13/2025 10:04 AM,Amy Jones
C01-0874,G,Composite,,03/07/2025 07:00 AM,03/06/2025 07:00 AM,03/07/2025 07:00 AM,AJ,03/13/2025,,Pass,6.52,Routine Surveillance,Ohio,WheelingWWTP-01,Sample,WWTP,03/13/2025 10:05 AM,Amy Jones
C01-0872,G,Composite,,03/05/2025 07:00 AM,03/04/2025 07:00 AM,03/05/2025 07:00 AM,AJ,03/13/2025,,Pass,6.3,Routine Surveillance,Ohio,WheelingWWTP-01,Sample,WWTP,03/13/2025 10:06 AM,Amy Jones
C01-0871,G,Composite,,03/04/2025 07:00 AM,03/03/2025 07:00 AM,03/04/2025 07:00 AM,AJ,03/13/2025,,Pass,6.1,Routine Surveillance,Ohio,WheelingWWTP-01,Sample,WWTP,03/13/2025 10:06 AM,Amy Jones
C01-0873,G,Composite,,03/06/2025 07:00 AM,03/05/2025 07:00 AM,03/06/2025 07:00 AM,AJ,03/13/2025,,Pass,7.1,Routine Surveillance,Ohio,WheelingWWTP-01,Sample,WWTP,03/13/2025 10:07 AM,Amy Jones
V01-0004,G,Composite,,03/04/2025 08:00 AM,03/03/2025 08:00 AM,03/04/2025 08:00 AM,AJ,03/13/2025,,Pass,3.1,Routine Surveillance,Hardy,MoorefieldWWTP-01,Sample,WWTP,03/13/2025 10:08 AM,Amy Jones
V01-0009,G,Composite,,03/05/2025 08:00 AM,03/04/2025 08:00 AM,03/05/2025 08:00 AM,AJ,03/13/2025,,Pass,3.1,Routine Surveillance,Hardy,MoorefieldWWTP-01,Sample,WWTP,03/13/2025 10:09 AM,Amy Jones
T01-0395,G,Composite,,03/11/2025 07:00 AM,03/10/2025 07:00 AM,03/11/2025 07:00 AM,AJ,03/13/2025,,Pass,0.12,Routine Surveillance,Mason,PointPleasantWWTP-01,Sample,WWTP,03/13/2025 10:12 AM,Amy Jones
G01-0615,G,Composite,,03/10/2025 08:00 AM,03/09/2025 08:00 AM,03/10/2025 08:00 AM,AJ,03/13/2025,,Pass,0.881,Routine Surveillance,Mineral,KeyserWWTP-01,Sample,WWTP,03/13/2025 10:13 AM,Amy Jones
T01-0394,G,Composite,,03/04/2025 07:00 AM,03/03/2025 07:00 AM,03/04/2025 07:00 AM,AJ,03/13/2025,,Pass,0.11,Routine Surveillance,Mason,PointPleasantWWTP-01,Sample,WWTP,03/13/2025 10:13 AM,Amy Jones
J01-0524,G,Composite,,03/10/2025 07:30 AM,03/09/2025 07:30 AM,03/10/2025 07:30 AM,AJ,03/13/2025,,Pass,0.133,Routine Surveillance,Preston,AlpineLakeWWTP-01,Sample,WWTP,03/13/2025 10:14 AM,Amy Jones
D01-0583,G,Composite,,03/11/2025 07:10 AM,03/10/2025 07:10 AM,03/11/2025 07:10 AM,AJ,03/13/2025,,Pass,1.06,Routine Surveillance,Jefferson,CharlesTownWWTP-01,Sample,WWTP,03/13/2025 10:15 AM,Amy Jones
H01-0972,G,Composite,,03/10/2025 08:00 AM,03/09/2025 08:00 AM,03/10/2025 08:00 AM,,,,,1.5,Routine Surveillance,Marshall,MoundsvilleWWTP-01,Sample,WWTP,03/13/2025 10:16 AM,Amy Jones
R02-0528,G,Composite,,03/10/2025 08:00 AM,03/09/2025 08:00 AM,03/10/2025 08:00 AM,AJ,03/13/2025,,Pass,3.56,Routine Surveillance,Randolph,ElkinsWWTP-01,Sample,WWTP,03/13/2025 10:19 AM,Amy Jones
K01-0472,G,Composite,,03/11/2025 06:30 AM,03/10/2025 06:30 AM,03/11/2025 06:30 AM,AJ,03/13/2025,,Pass,4.471,Routine Surveillance,Wood,ParkersburgWWTP-01,Sample,WWTP,03/13/2025 10:20 AM,Amy Jones
N03-0582,G,Composite,,03/10/2025 07:00 AM,03/09/2025 07:00 AM,03/10/2025 07:00 AM,AJ,03/13/2025,,Pass,0.277130,Routine Surveillance,Harrison,SalemWWTP-01,Sample,WWTP,03/13/2025 10:22 AM,Amy Jones
M04-0401,G,Composite,,03/03/2025 08:00 AM,03/02/2025 08:00 AM,03/03/2025 08:00 AM,AJ,03/13/2025,,Pass,0.087,Routine Surveillance,Marion,FarmingtonWWTP-01,Sample,WWTP,03/13/2025 10:23 AM,Amy Jones
M04-0400,G,Composite,,03/10/2025 08:30 AM,03/09/2025 08:30 AM,03/10/2025 08:30 AM,AJ,03/13/2025,,Pass,0.097,Routine Surveillance,Marion,FarmingtonWWTP-01,Sample,WWTP,03/13/2025 10:24 AM,Amy Jones
M03-0500,G,Composite,,03/10/2025 08:00 AM,03/09/2025 08:00 AM,03/10/2025 08:00 AM,AJ,03/13/2025,,Pass,0.180,Routine Surveillance,Marion,ManningtonWWTP-01,Sample,WWTP,03/13/2025 10:25 AM,Amy Jones
N02-0545,G,Composite,,03/10/2025 07:00 AM,03/09/2025 07:00 AM,03/10/2025 07:00 AM,AJ,03/13/2025,,Pass,5.97,Routine Surveillance,Harrison,ClarksburgWWTP-01,Sample,WWTP,03/13/2025 10:26 AM,Amy Jones
O01-0567,G,Composite,,03/10/2025 08:00 AM,03/09/2025 08:00 AM,03/10/2025 08:00 AM,AJ,03/13/2025,,Pass,0.84,Routine Surveillance,Taylor,GraftonWWTP-01,Sample,WWTP,03/13/2025 10:27 AM,Amy Jones
P01-0184,G,Composite,,03/10/2025 07:00 AM,03/09/2025 07:00 AM,03/10/2025 07:00 AM,AJ,03/13/2025,,Pass,0.222,Routine Surveillance,Pleasants,StMarysWWTP-01,Sample,WWTP,03/13/2025 10:28 AM,Amy Jones
L01-0616,G,Composite,,03/10/2025 08:00 AM,03/09/2025 08:00 AM,03/10/2025 08:00 AM,AJ,03/13/2025,,Pass,0.222,Routine Surveillance,Doddridge,WestUnionWWTP-01,Sample,WWTP,03/13/2025 10:29 AM,Amy Jones
A04-0653,G,Composite,,03/10/2025 08:00 AM,03/09/2025 08:00 AM,03/10/2025 08:00 AM,AJ,03/13/2025,,Pass,0.553,Routine Surveillance,Monongalia,CheatLakeWWTP-01,Sample,WWTP,03/13/2025 10:30 AM,Amy Jones
C01-0751,G,Composite,,03/11/2025 07:00 AM,03/10/2025 07:00 AM,03/11/2025 07:00 AM,AJ,03/20/2025,,Pass,5.5,Routine Surveillance,Ohio,WheelingWWTP-01,Sample,WWTP,03/20/2025 09:42 AM,Amy Jones
C01-0752,G,Composite,,03/12/2025 07:00 AM,03/11/2025 07:00 AM,03/12/2025 07:00 AM,AJ,03/20/2025,,Pass,5.5,Routine Surveillance,Ohio,WheelingWWTP-01,Sample,WWTP,03/20/2025 09:43 AM,Amy Jones
C01-0753,G,Composite,,03/13/2025 07:00 AM,03/12/2025 07:00 AM,03/13/2025 07:00 AM,AJ,03/20/2025,,Pass,5.5,Routine Surveillance,Ohio,WheelingWWTP-01,Sample,WWTP,03/20/2025 09:44 AM,Amy Jones
C01-0754,G,Composite,,03/14/2025 07:00 AM,03/13/2025 07:00 AM,03/14/2025 07:00 AM,AJ,03/20/2025,,Pass,5.4,Routine Surveillance,Ohio,WheelingWWTP-01,Sample,WWTP,03/20/2025 09:45 AM,Amy Jones
C01-0755,G,Composite,,03/17/2025 07:00 AM,03/16/2025 07:00 AM,03/17/2025 07:00 AM,AJ,03/20/2025,,Pass,6.9,Routine Surveillance,Ohio,WheelingWWTP-01,Sample,WWTP,03/20/2025 09:45 AM,Amy Jones
E01-0727,G,Composite,,03/10/2025 03:00 PM,03/10/2025 07:00 AM,03/10/2025 03:00 PM,AJ,03/20/2025,,Pass,3.854,Routine Surveillance,Mercer,PrincetonWWTP-01,Sample,WWTP,03/20/2025 09:47 AM,Amy Jones
E01-0728,G,Composite,,03/11/2025 09:00 AM,03/10/2025 03:00 PM,03/11/2025 09:00 AM,AJ,03/20/2025,,Pass,3.744,Routine Surveillance,Mercer,PrincetonWWTP-01,Sample,WWTP,03/20/2025 09:48 AM,Amy Jones
E01-0729,G,Composite,,03/12/2025 09:00 AM,03/11/2025 09:00 AM,03/12/2025 09:00 AM,AJ,03/20/2025,,Pass,3.346,Routine Surveillance,Mercer,PrincetonWWTP-01,Sample,WWTP,03/20/2025 09:49 AM,Amy Jones
V01-0010,G,Composite,,03/12/2025 07:00 AM,03/11/2025 07:00 AM,03/12/2025 07:00 AM,AJ,03/20/2025,,Pass,3.6,Routine Surveillance,Hardy,MoorefieldWWTP-01,Sample,WWTP,03/20/2025 09:50 AM,Amy Jones
V01-0018,G,Composite,,03/17/2025 07:00 AM,03/16/2025 07:00 AM,03/17/2025 07:00 AM,AJ,03/20/2025,,Pass,3.5,Routine Surveillance,Hardy,MoorefieldWWTP-01,Sample,WWTP,03/20/2025 09:51 AM,Amy Jones
V01-0020,G,Composite,,03/14/2025 07:00 AM,03/13/2025 07:00 AM,03/14/2025 07:00 AM,AJ,03/20/2025,,Pass,3.4,Routine Surveillance,Hardy,MoorefieldWWTP-01,Sample,WWTP,03/20/2025 09:52 AM,Amy Jones
V01-0022,G,Composite,,03/13/2025 07:00 AM,03/12/2025 07:00 AM,03/13/2025 07:00 AM,AJ,03/20/2025,,Pass,3.5,Routine Surveillance,Hardy,MoorefieldWWTP-01,Sample,WWTP,03/20/2025 09:52 AM,Amy Jones
V01-0028,G,Composite,,03/11/2025 07:00 AM,03/10/2025 07:00 AM,03/11/2025 07:00 AM,AJ,03/20/2025,,Pass,3.6,Routine Surveillance,Hardy,MoorefieldWWTP-01,Sample,WWTP,03/20/2025 09:53 AM,Amy Jones
R02-0527,G,Composite,,03/17/2025 08:00 AM,03/16/2025 08:00 AM,03/17/2025 08:00 AM,AJ,03/20/2025,,Pass,2.82,Routine Surveillance,Randolph,ElkinsWWTP-01,Sample,WWTP,03/20/2025 09:54 AM,Amy Jones
T01-0312,G,Composite,,03/18/2025 07:00 AM,03/17/2025 07:00 AM,03/18/2025 07:00 AM,AJ,03/20/2025,,Pass,0.14,Routine Surveillance,Mason,PointPleasantWWTP-01,Sample,WWTP,03/20/2025 09:55 AM,Amy Jones
H01-0973,G,Composite,,03/17/2025 08:00 AM,03/16/2025 08:00 AM,03/17/2025 08:00 AM,AJ,03/20/2025,,Pass,1.6,Routine Surveillance,Marshall,MoundsvilleWWTP-01,Sample,WWTP,03/20/2025 09:56 AM,Amy Jones
U01-0095,G,Composite,,03/11/2025 08:55 AM,03/10/2025 08:00 AM,03/11/2025 08:00 AM,AJ,03/20/2025,,Pass,0.484,Routine Surveillance,Fayette,WhiteOakWWTP-01,Sample,WWTP,03/20/2025 09:57 AM,Amy Jones
Q01-0603,G,Composite,,03/17/2025 08:00 AM,03/16/2025 08:00 AM,03/17/2025 08:00 AM,AJ,03/20/2025,,Pass,0.450,Routine Surveillance,Boone,MadisonWWTP-01,Sample,WWTP,03/20/2025 09:58 AM,Amy Jones
K01-0457,G,Composite,,03/18/2025 06:30 AM,03/17/2025 06:30 AM,03/18/2025 06:30 AM,AJ,03/20/2025,,Pass,4.583,Routine Surveillance,Wood,ParkersburgWWTP-01,Sample,WWTP,03/20/2025 09:59 AM,Amy Jones
U01-0081,G,Composite,,03/17/2025 08:00 AM,03/16/2025 08:00 AM,03/17/2025 08:00 AM,AJ,03/20/2025,,Pass,0.470,Routine Surveillance,Fayette,WhiteOakWWTP-01,Sample,WWTP,03/20/2025 09:59 AM,Amy Jones
J01-0525,G,Composite,,03/17/2025 07:30 AM,03/16/2025 07:30 AM,03/17/2025 06:30 AM,AJ,03/20/2025,,Pass,0.129,Routine Surveillance,Preston,AlpineLakeWWTP-01,Sample,WWTP,03/20/2025 10:00 AM,Amy Jones
Q01-0602,G,Composite,,03/10/2025 08:00 AM,03/09/2025 08:00 AM,03/10/2025 08:00 AM,AJ,03/20/2025,,Pass,0.370,Routine Surveillance,Boone,MadisonWWTP-01,Sample,WWTP,03/20/2025 10:01 AM,Amy Jones
A01-1194,G,Composite,,03/11/2025 12:00 AM,03/10/2025 12:00 AM,03/11/2025 12:00 AM,AJ,03/20/2025,,Pass,8.0,Routine Surveillance,Monongalia,StarCityWWTP-01,Sample,WWTP,03/20/2025 10:03 AM,Amy Jones
A01-1199,G,Composite,,03/17/2025 12:00 AM,03/16/2025 12:00 AM,03/17/2025 12:00 AM,AJ,03/20/2025,,Pass,7.8,Routine Surveillance,Monongalia,StarCityWWTP-01,Sample,WWTP,03/20/2025 10:03 AM,Amy Jones
A01-1195,G,Composite,,03/12/2025 12:00 AM,03/11/2025 12:00 AM,03/12/2025 12:00 AM,AJ,03/20/2025,,Pass,8.1,Routine Surveillance,Monongalia,StarCityWWTP-01,Sample,WWTP,03/20/2025 10:04 AM,Amy Jones
A01-1198,G,Composite,,03/16/2025 12:00 AM,03/15/2025 12:00 AM,03/16/2025 12:00 AM,AJ,03/20/2025,,Pass,9.0,Routine Surveillance,Monongalia,StarCityWWTP-01,Sample,WWTP,03/20/2025 10:05 AM,Amy Jones
A01-1197,G,Composite,,03/15/2025 12:00 AM,03/14/2025 12:00 AM,03/15/2025 12:00 AM,AJ,03/20/2025,,Pass,6.9,Routine Surveillance,Monongalia,StarCityWWTP-01,Sample,WWTP,03/20/2025 10:05 AM,Amy Jones
A01-1196,G,Composite,,03/13/2025 12:00 AM,03/12/2025 12:00 AM,03/13/2025 12:00 AM,AJ,03/20/2025,,Pass,7.7,Routine Surveillance,Monongalia,StarCityWWTP-01,Sample,WWTP,03/20/2025 10:06 AM,Amy Jones
G01-0616,G,Composite,,03/17/2025 08:00 AM,03/16/2025 08:00 AM,03/17/2025 08:00 AM,AJ,03/20/2025,,Pass,1.239,Routine Surveillance,Mineral,KeyserWWTP-01,Sample,WWTP,03/20/2025 10:08 AM,Amy Jones
N02-0566,G,Composite,,03/17/2025 07:00 AM,03/16/2025 07:00 AM,03/17/2025 07:00 AM,AJ,03/20/2025,,Pass,7.4,Routine Surveillance,Harrison,ClarksburgWWTP-01,Sample,WWTP,03/20/2025 10:09 AM,Amy Jones
O01-0566,G,Composite,,03/17/2025 08:00 AM,03/16/2025 08:00 AM,03/17/2025 08:00 AM,AJ,03/20/2025,,Pass,1.10,Routine Surveillance,Taylor,GraftonWWTP-01,Sample,WWTP,03/20/2025 10:09 AM,Amy Jones
M04-0398,G,Composite,,03/17/2025 09:00 AM,03/16/2025 09:00 AM,03/17/2025 09:00 AM,AJ,03/20/2025,,Pass,0.079,Routine Surveillance,Marion,FarmingtonWWTP-01,Sample,WWTP,03/20/2025 10:10 AM,Amy Jones
M03-0506,G,Composite,,03/17/2025 09:00 AM,03/16/2025 09:00 AM,03/17/2025 09:00 AM,AJ,03/20/2025,,Pass,0.320,Routine Surveillance,Marion,ManningtonWWTP-01,Sample,WWTP,03/20/2025 10:11 AM,Amy Jones
L01-0631,G,Composite,,03/17/2025 08:00 AM,03/16/2025 08:00 AM,03/17/2025 08:00 AM,AJ,03/20/2025,,Fail: Missing Required Data,,Routine Surveillance,Doddridge,WestUnionWWTP-01,Sample,WWTP,03/20/2025 10:13 AM,Amy Jones
A04-0654,G,Composite,,03/17/2025 08:00 AM,03/16/2025 08:00 AM,03/17/2025 08:00 AM,AJ,03/20/2025,,Pass,0.583,Routine Surveillance,Monongalia,CheatLakeWWTP-01,Sample,WWTP,03/20/2025 10:14 AM,Amy Jones
H01-0974,G,Composite,,03/24/2025 08:00 AM,03/23/2025 08:00 AM,03/24/2025 08:00 AM,AJ,03/27/2025,,Pass,2.4,Routine Surveillance,Marshall,MoundsvilleWWTP-01,Sample,WWTP,03/27/2025 12:47 PM,Amy Jones
T01-0319,G,Composite,,03/25/2025 07:00 AM,03/24/2025 07:00 AM,03/25/2025 07:00 AM,AJ,03/27/2025,,Pass,0.24,Routine Surveillance,Mason,PointPleasantWWTP-01,Sample,WWTP,03/27/2025 12:48 PM,Amy Jones
C01-0760,G,Composite,,03/23/2025 07:00 AM,03/22/2025 07:00 AM,03/23/2025 07:00 AM,AJ,03/27/2025,,Pass,5.31,Routine Surveillance,Ohio,WheelingWWTP-01,Sample,WWTP,03/27/2025 12:49 PM,Amy Jones
C01-0758,G,Composite,,03/20/2025 07:00 AM,03/19/2025 07:00 AM,03/20/2025 07:00 AM,AJ,03/27/2025,,Pass,5.56,Routine Surveillance,Ohio,WheelingWWTP-01,Sample,WWTP,03/27/2025 12:50 PM,Amy Jones
C01-0757,G,Composite,,03/19/2025 07:00 AM,03/18/2025 07:00 AM,03/19/2025 07:00 AM,AJ,03/27/2025,,Pass,5.30,Routine Surveillance,Ohio,WheelingWWTP-01,Sample,WWTP,03/27/2025 12:50 PM,Amy Jones
C01-0759,G,Composite,,03/21/2025 07:00 AM,03/20/2025 07:00 AM,03/21/2025 07:00 AM,AJ,03/27/2025,,Pass,5.57,Routine Surveillance,Ohio,WheelingWWTP-01,Sample,WWTP,03/27/2025 12:51 PM,Amy Jones
C01-0756,G,Composite,,03/18/2025 07:00 AM,03/17/2025 07:00 AM,03/18/2025 07:00 AM,AJ,03/27/2025,,Pass,5.61,Routine Surveillance,Ohio,WheelingWWTP-01,Sample,WWTP,03/27/2025 12:52 PM,Amy Jones
E01-0601,G,Composite,,03/14/2025 09:00 AM,03/13/2025 09:00 AM,03/14/2025 09:00 AM,AJ,03/27/2025,,Pass,4.175,Routine Surveillance,Mercer,PrincetonWWTP-01,Sample,WWTP,03/27/2025 12:53 PM,Amy Jones
E01-0603,G,Composite,,03/19/2025 09:00 AM,03/18/2025 09:00 AM,03/19/2025 09:00 AM,AJ,03/27/2025,,Pass,3.405,Routine Surveillance,Mercer,PrincetonWWTP-01,Sample,WWTP,03/27/2025 12:54 PM,Amy Jones
E01-0602,G,Composite,,03/18/2025 09:00 AM,03/17/2025 09:00 AM,03/18/2025 09:00 AM,AJ,03/27/2025,,Pass,3.225,Routine Surveillance,Mercer,PrincetonWWTP-01,Sample,WWTP,03/27/2025 12:55 PM,Amy Jones
R02-0526,G,Composite,,03/24/2025 08:00 AM,03/23/2025 08:00 AM,03/24/2025 08:00 AM,AJ,03/27/2025,,Pass,2.36,Routine Surveillance,Randolph,ElkinsWWTP-01,Sample,WWTP,03/27/2025 12:55 PM,Amy Jones
J01-0526,G,Composite,,03/24/2025 07:30 AM,03/23/2025 07:30 AM,03/24/2025 07:30 AM,AJ,03/27/2025,,Pass,0.089,Routine Surveillance,Preston,AlpineLakeWWTP-01,Sample,WWTP,03/27/2025 12:57 PM,Amy Jones
D01-0581,G,Composite,,03/25/2025 07:00 AM,03/24/2025 07:00 AM,03/25/2025 07:00 AM,AJ,03/27/2025,,Pass,1.12,Routine Surveillance,Jefferson,CharlesTownWWTP-01,Sample,WWTP,03/27/2025 12:58 PM,Amy Jones
U01-0087,G,Composite,,03/24/2025 09:00 AM,03/23/2025 09:00 AM,03/24/2025 09:00 AM,AJ,03/27/2025,,Pass,0.440,Routine Surveillance,Fayette,WhiteOakWWTP-01,Sample,WWTP,03/27/2025 12:59 PM,Amy Jones
V01-0029,G,Composite,,03/19/2025 07:00 AM,03/18/2025 07:00 AM,03/19/2025 07:00 AM,AJ,03/27/2025,,Pass,3.7,Routine Surveillance,Hardy,MoorefieldWWTP-01,Sample,WWTP,03/27/2025 01:00 PM,Amy Jones
V01-0019,G,Composite,,03/18/2025 07:00 AM,03/17/2025 07:00 AM,03/18/2025 07:00 AM,AJ,03/27/2025,,Pass,2.6,Routine Surveillance,Hardy,MoorefieldWWTP-01,Sample,WWTP,03/27/2025 01:00 PM,Amy Jones
V01-0015,G,Composite,,03/21/2025 07:00 AM,03/20/2025 07:00 AM,03/21/2025 07:00 AM,AJ,03/27/2025,,Pass,3.7,Routine Surveillance,Hardy,MoorefieldWWTP-01,Sample,WWTP,03/27/2025 01:01 PM,Amy Jones
V01-0023,G,Composite,,03/20/2025 07:00 AM,03/19/2025 07:00 AM,03/20/2025 07:00 AM,AJ,03/27/2025,,Pass,3.7,Routine Surveillance,Hardy,MoorefieldWWTP-01,Sample,WWTP,03/27/2025 01:02 PM,Amy Jones
E01-0604,G,Composite,,03/20/2025 09:00 AM,03/19/2025 09:00 AM,03/20/2025 09:00 AM,AJ,03/27/2025,,Pass,3.435,Routine Surveillance,Mercer,PrincetonWWTP-01,Sample,WWTP,03/27/2025 01:04 PM,Amy Jones
E01-0605,G,Composite,,03/21/2025 09:00 AM,03/20/2025 09:00 AM,03/21/2025 09:00 AM,AJ,03/27/2025,,Pass,3.220,Routine Surveillance,Mercer,PrincetonWWTP-01,Sample,WWTP,03/27/2025 01:04 PM,Amy Jones
E01-0606,G,Composite,,03/25/2025 09:00 AM,03/24/2025 09:00 AM,03/25/2025 09:00 AM,AJ,03/27/2025,,Pass,4.478,Routine Surveillance,Mercer,PrincetonWWTP-01,Sample,WWTP,03/27/2025 01:05 PM,Amy Jones
Q01-0605,G,Composite,,03/24/2025 08:00 AM,03/23/2025 08:00 AM,03/24/2025 08:00 AM,AJ,03/27/2025,,Pass,0.407,Routine Surveillance,Boone,MadisonWWTP-01,Sample,WWTP,03/27/2025 01:06 PM,Amy Jones
K01-0474,G,Composite,,03/25/2025 06:30 AM,03/24/2025 06:30 AM,03/25/2025 06:30 AM,AJ,03/27/2025,,Pass,7.186,Routine Surveillance,Wood,ParkersburgWWTP-01,Sample,WWTP,03/27/2025 01:07 PM,Amy Jones
N02-0568,G,Composite,,03/24/2025 07:00 AM,03/23/2025 07:00 AM,03/24/2025 07:00 AM,AJ,03/27/2025,,Pass,6.882,Routine Surveillance,Harrison,ClarksburgWWTP-01,Sample,WWTP,03/27/2025 01:08 PM,Amy Jones
A01-1200,G,Composite,,03/18/2025 12:00 AM,03/17/2025 12:00 AM,03/18/2025 12:00 AM,AJ,03/27/2025,,Pass,7.2,Routine Surveillance,Monongalia,StarCityWWTP-01,Sample,WWTP,03/27/2025 01:09 PM,Amy Jones
A01-1201,G,Composite,,03/20/2025 12:00 AM,03/19/2025 12:00 AM,03/20/2025 12:00 AM,AJ,03/27/2025,,Pass,7.2,Routine Surveillance,Monongalia,StarCityWWTP-01,Sample,WWTP,03/27/2025 01:10 PM,Amy Jones
A01-1203,G,Composite,,03/22/2025 12:00 AM,03/21/2025 12:00 AM,03/22/2025 12:00 AM,AJ,03/27/2025,,Pass,6.9,Routine Surveillance,Monongalia,StarCityWWTP-01,Sample,WWTP,03/27/2025 01:10 PM,Amy Jones
A01-1202,G,Composite,,03/20/2025 12:00 AM,03/19/2025 12:00 AM,03/20/2025 12:00 AM,AJ,03/27/2025,,Pass,8.4,Routine Surveillance,Monongalia,StarCityWWTP-01,Sample,WWTP,03/27/2025 01:11 PM,Amy Jones
A01-1204,G,Composite,,03/23/2025 12:00 AM,03/22/2025 12:00 AM,03/23/2025 12:00 AM,AJ,03/27/2025,,Pass,7.3,Routine Surveillance,Monongalia,StarCityWWTP-01,Sample,WWTP,03/27/2025 01:11 PM,Amy Jones
A01-1205,G,Composite,,03/24/2025 12:00 AM,03/23/2025 12:00 AM,03/24/2025 12:00 AM,AJ,03/27/2025,,Pass,10.5,Routine Surveillance,Monongalia,StarCityWWTP-01,Sample,WWTP,03/27/2025 01:12 PM,Amy Jones
N03-0584,G,Composite,,03/24/2025 08:00 AM,03/23/2025 08:00 AM,03/24/2025 08:00 AM,AJ,03/27/2025,,Pass,0.417140,Routine Surveillance,Harrison,SalemWWTP-01,Sample,WWTP,03/27/2025 01:13 PM,Amy Jones
M04-0403,G,Composite,,03/24/2025 08:30 AM,03/23/2025 08:30 AM,03/24/2025 08:30 AM,AJ,03/27/2025,,Pass,0.089,Routine Surveillance,Marion,FarmingtonWWTP-01,Sample,WWTP,03/27/2025 01:14 PM,Amy Jones
L01-0637,G,Composite,,03/24/2025 08:00 AM,03/23/2025 08:00 AM,03/24/2025 08:00 AM,AJ,03/27/2025,,Pass,0.239,Routine Surveillance,Doddridge,WestUnionWWTP-01,Sample,WWTP,03/27/2025 01:15 PM,Amy Jones
A04-0624,G,Composite,,03/24/2025 08:00 AM,03/23/2025 08:00 AM,03/24/2025 08:00 AM,AJ,03/27/2025,,Pass,0.602,Routine Surveillance,Monongalia,CheatLakeWWTP-01,Sample,WWTP,03/27/2025 01:16 PM,Amy Jones
M03-0502,G,Composite,,03/24/2025 08:00 AM,03/23/2025 08:00 AM,03/24/2025 08:00 AM,AJ,03/27/2025,,Pass,0.189,Routine Surveillance,Marion,ManningtonWWTP-01,Sample,WWTP,03/27/2025 01:17 PM,Amy Jones
G01-0614,G,Composite,,03/24/2025 08:00 AM,03/23/2025 08:00 AM,03/24/2025 08:00 AM,AJ,03/27/2025,,Fail: Missing Required Data,,Routine Surveillance,Mineral,KeyserWWTP-01,Sample,WWTP,03/27/2025 01:18 PM,Amy Jones
A01-1209,G,Composite,,03/29/2025 12:00 AM,03/28/2025 12:00 AM,03/29/2025 12:00 AM,AJ,04/03/2025,,Pass,8.3,Routine Surveillance,Monongalia,StarCityWWTP-01,Sample,WWTP,04/03/2025 09:59 AM,Amy Jones
A01-1210,G,Composite,,03/30/2025 12:00 AM,03/29/2025 12:00 AM,03/30/2025 12:00 AM,AJ,04/03/2025,,Pass,9.4,Routine Surveillance,Monongalia,StarCityWWTP-01,Sample,WWTP,04/03/2025 09:59 AM,Amy Jones
A01-1206,G,Composite,,03/25/2025 12:00 AM,03/24/2025 12:00 AM,03/25/2025 12:00 AM,AJ,04/03/2025,,Pass,8.1,Routine Surveillance,Monongalia,StarCityWWTP-01,Sample,WWTP,04/03/2025 10:00 AM,Amy Jones
A01-1208,G,Composite,,03/27/2025 12:00 AM,03/26/2025 12:00 AM,03/27/2025 12:00 AM,AJ,04/03/2025,,Pass,8.1,Routine Surveillance,Monongalia,StarCityWWTP-01,Sample,WWTP,04/03/2025 10:01 AM,Amy Jones
A01-1211,G,Composite,,03/31/2025 12:00 AM,03/30/2025 12:00 AM,03/31/2025 12:00 AM,AJ,04/03/2025,,Pass,13.3,Routine Surveillance,Monongalia,StarCityWWTP-01,Sample,WWTP,04/03/2025 10:01 AM,Amy Jones
A01-1207,G,Composite,,03/26/2025 12:00 AM,03/25/2025 12:00 AM,03/26/2025 12:00 AM,AJ,04/03/2025,,Pass,9.1,Routine Surveillance,Monongalia,StarCityWWTP-01,Sample,WWTP,04/03/2025 10:03 AM,Amy Jones
C01-0763,G,Composite,,03/27/2025 07:00 AM,03/26/2025 07:00 AM,03/27/2025 07:00 AM,AJ,04/03/2025,,Pass,6.03,Routine Surveillance,Ohio,WheelingWWTP-01,Sample,WWTP,04/03/2025 10:04 AM,Amy Jones
C01-0765,G,Composite,,03/31/2025 07:00 AM,03/30/2025 07:00 AM,03/31/2025 07:00 AM,AJ,04/03/2025,,Pass,5.85,Routine Surveillance,Ohio,WheelingWWTP-01,Sample,WWTP,04/03/2025 10:05 AM,Amy Jones
C01-0764,G,Composite,,03/28/2025 07:00 AM,03/27/2025 07:00 AM,03/28/2025 07:00 AM,AJ,04/03/2025,,Pass,6.62,Routine Surveillance,Ohio,WheelingWWTP-01,Sample,WWTP,04/03/2025 10:06 AM,Amy Jones
C01-0761,G,Composite,,03/25/2025 07:00 AM,03/24/2025 07:00 AM,03/25/2025 07:00 AM,AJ,04/03/2025,,Pass,6.39,Routine Surveillance,Ohio,WheelingWWTP-01,Sample,WWTP,04/03/2025 10:07 AM,Amy Jones
C01-0762,G,Composite,,03/26/2025 07:00 AM,03/25/2025 07:00 AM,03/26/2025 07:00 AM,AJ,04/03/2025,,Pass,6.16,Routine Surveillance,Ohio,WheelingWWTP-01,Sample,WWTP,04/03/2025 10:07 AM,Amy Jones
V01-0033,G,Composite,,03/28/2025 07:00 AM,03/27/2025 07:00 AM,03/28/2025 07:00 AM,AJ,04/03/2025,,Pass,3.6,Routine Surveillance,Hardy,MoorefieldWWTP-01,Sample,WWTP,04/03/2025 10:08 AM,Amy Jones
V01-0012,G,Composite,,03/27/2025 07:00 AM,03/26/2025 07:00 AM,03/27/2025 07:00 AM,AJ,04/03/2025,,Pass,3.6,Routine Surveillance,Hardy,MoorefieldWWTP-01,Sample,WWTP,04/03/2025 10:09 AM,Amy Jones
V01-0027,G,Composite,,03/26/2025 07:00 AM,03/25/2025 07:00 AM,03/26/2025 07:00 AM,AJ,04/03/2025,,Pass,3.6,Routine Surveillance,Hardy,MoorefieldWWTP-01,Sample,WWTP,04/03/2025 10:10 AM,Amy Jones
V01-0021,G,Composite,,03/25/2025 07:00 AM,03/24/2025 07:00 AM,03/25/2025 07:00 AM,AJ,04/03/2025,,Pass,3.6,Routine Surveillance,Hardy,MoorefieldWWTP-01,Sample,WWTP,04/03/2025 10:11 AM,Amy Jones
V01-0031,G,Composite,,03/31/2025 07:00 AM,03/30/2025 07:00 AM,03/31/2025 07:00 AM,AJ,04/03/2025,,Fail: Missing Required Data,,Routine Surveillance,Hardy,MoorefieldWWTP-01,Sample,WWTP,04/03/2025 10:12 AM,Amy Jones
J01-0527,G,Composite,,03/31/2025 07:30 AM,03/30/2025 07:30 AM,03/31/2025 07:30 AM,AJ,04/03/2025,,Pass,0.148,Routine Surveillance,Preston,AlpineLakeWWTP-01,Sample,WWTP,04/03/2025 10:13 AM,Amy Jones
H01-0975,G,Composite,,03/31/2025 08:00 AM,03/30/2025 08:00 AM,03/31/2025 08:00 AM,AJ,04/03/2025,,Pass,2.8,Routine Surveillance,Marshall,MoundsvilleWWTP-01,Sample,WWTP,04/03/2025 10:13 AM,Amy Jones
K01-0458,G,Composite,,04/01/2025 06:30 AM,03/31/2025 06:30 AM,04/01/2025 06:30 AM,AJ,04/03/2025,,Pass,11.525,Routine Surveillance,Wood,ParkersburgWWTP-01,Sample,WWTP,04/03/2025 10:14 AM,Amy Jones
R02-0530,G,Composite,,03/31/2025 08:00 AM,03/30/2025 08:00 AM,03/31/2025 08:00 AM,AJ,04/03/2025,,Pass,4.24,Routine Surveillance,Randolph,ElkinsWWTP-01,Sample,WWTP,04/03/2025 10:15 AM,Amy Jones
O01-0307,G,Composite,,03/31/2025 08:00 AM,03/30/2025 08:00 AM,03/31/2025 08:00 AM,AJ,04/03/2025,,Pass,1.57,Routine Surveillance,Taylor,GraftonWWTP-01,Sample,WWTP,04/03/2025 10:16 AM,Amy Jones
O01-0325,G,Composite,,03/24/2025 08:00 AM,03/23/2025 08:00 AM,03/24/2025 08:00 AM,AJ,04/03/2025,,Pass,0.98,Routine Surveillance,Taylor,GraftonWWTP-01,Sample,WWTP,04/03/2025 10:17 AM,Amy Jones
M03-0517,G,Composite,,03/31/2025 08:00 AM,03/30/2025 08:00 AM,03/31/2025 08:00 AM,AJ,04/03/2025,,Pass,0.331,Routine Surveillance,Marion,ManningtonWWTP-01,Sample,WWTP,04/03/2025 10:18 AM,Amy Jones
U01-0080,G,Composite,,03/31/2025 09:45 AM,03/30/2025 09:45 AM,03/31/2025 09:45 AM,AJ,04/03/2025,,Pass,0.612,Routine Surveillance,Fayette,WhiteOakWWTP-01,Sample,WWTP,04/03/2025 10:19 AM,Amy Jones
D01-0582,G,Composite,,04/01/2025 07:10 AM,03/31/2025 07:10 AM,04/01/2025 07:10 AM,AJ,04/03/2025,,Pass,1.22,Routine Surveillance,Jefferson,CharlesTownWWTP-01,Sample,WWTP,04/03/2025 10:20 AM,Amy Jones
M04-0404,G,Composite,,03/31/2025 08:00 AM,03/30/2025 08:00 AM,03/31/2025 08:00 AM,AJ,04/03/2025,,Pass,0.102,Routine Surveillance,Marion,FarmingtonWWTP-01,Sample,WWTP,04/03/2025 10:21 AM,Amy Jones
P01-0183,G,Composite,,03/31/2025 08:00 AM,03/30/2025 08:00 AM,03/31/2025 08:00 AM,AJ,04/03/2025,,Pass,0.222,Routine Surveillance,Pleasants,StMarysWWTP-01,Sample,WWTP,04/03/2025 10:23 AM,Amy Jones
A04-0625,G,Composite,,03/31/2025 08:00 AM,03/30/2025 08:00 AM,03/31/2025 08:00 AM,AJ,04/03/2025,,Pass,0.634,Routine Surveillance,Monongalia,CheatLakeWWTP-01,Sample,WWTP,04/03/2025 10:23 AM,Amy Jones
G01-0619,G,Composite,,03/31/2025 08:00 AM,03/30/2025 08:00 AM,03/31/2025 08:00 AM,AJ,04/03/2025,,Pass,0.813,Routine Surveillance,Mineral,KeyserWWTP-01,Sample,WWTP,04/03/2025 10:24 AM,Amy Jones
N02-0565,G,Composite,,03/31/2025 07:00 AM,03/30/2025 07:00 AM,03/31/2025 07:00 AM,AJ,04/03/2025,,Pass,9.13,Routine Surveillance,Harrison,ClarksburgWWTP-01,Sample,WWTP,04/03/2025 10:25 AM,Amy Jones
L01-0633,G,Composite,,03/31/2025 08:00 AM,03/30/2025 08:00 AM,03/31/2025 08:00 AM,AJ,04/03/2025,,Pass,0.286,Routine Surveillance,Doddridge,WestUnionWWTP-01,Sample,WWTP,04/03/2025 10:26 AM,Amy Jones
A01-1218,G,Composite,,04/08/2025 12:00 AM,04/07/2025 12:00 AM,04/08/2025 12:00 AM,AJ,04/11/2025,,Pass,15.6,Routine Surveillance,Monongalia,StarCityWWTP-01,Sample,WWTP,04/11/2025 08:42 AM,Amy Jones
A01-1214,G,Composite,,04/03/2025 12:00 AM,04/02/2025 12:00 AM,04/03/2025 12:00 AM,AJ,04/11/2025,,Pass,15.4,Routine Surveillance,Monongalia,StarCityWWTP-01,Sample,WWTP,04/11/2025 08:43 AM,Amy Jones
A01-1216,G,Composite,,04/06/2025 12:00 AM,04/05/2025 12:00 AM,04/06/2025 12:00 AM,AJ,04/11/2025,,Pass,19.3,Routine Surveillance,Monongalia,StarCityWWTP-01,Sample,WWTP,04/11/2025 08:44 AM,Amy Jones
A01-1212,G,Composite,,04/01/2025 12:00 AM,03/31/2025 12:00 AM,04/01/2025 12:00 AM,AJ,04/11/2025,,Pass,10.9,Routine Surveillance,Monongalia,StarCityWWTP-01,Sample,WWTP,04/11/2025 08:44 AM,Amy Jones
A01-1217,G,Composite,,04/07/2025 12:00 AM,04/06/2025 12:00 AM,04/07/2025 12:00 AM,AJ,04/11/2025,,Pass,19.3,Routine Surveillance,Monongalia,StarCityWWTP-01,Sample,WWTP,04/11/2025 08:45 AM,Amy Jones
A01-1215,G,Composite,,04/05/2025 12:00 AM,04/04/2025 12:00 AM,04/05/2025 12:00 AM,AJ,04/11/2025,,Pass,18.6,Routine Surveillance,Monongalia,StarCityWWTP-01,Sample,WWTP,04/11/2025 08:46 AM,Amy Jones
A01-1219,G,Composite,,04/09/2025 12:00 AM,04/08/2025 12:00 AM,04/09/2025 12:00 AM,AJ,04/11/2025,,Pass,12.9,Routine Surveillance,Monongalia,StarCityWWTP-01,Sample,WWTP,04/11/2025 08:47 AM,Amy Jones
A01-1213,G,Composite,,04/02/2025 12:00 AM,04/01/2025 12:00 AM,04/02/2025 12:00 AM,AJ,04/11/2025,,Pass,9.7,Routine Surveillance,Monongalia,StarCityWWTP-01,Sample,WWTP,04/11/2025 08:47 AM,Amy Jones
C01-0766,G,Composite,,04/01/2025 07:00 AM,03/31/2025 07:00 AM,04/01/2025 07:00 AM,AJ,04/11/2025,,Pass,6.84,Routine Surveillance,Ohio,WheelingWWTP-01,Sample,WWTP,04/11/2025 08:50 AM,Amy Jones
C01-0767,G,Composite,,04/02/2025 07:00 AM,04/01/2025 07:00 AM,04/02/2025 07:00 AM,AJ,04/11/2025,,Pass,6.58,Routine Surveillance,Ohio,WheelingWWTP-01,Sample,WWTP,04/11/2025 08:51 AM,Amy Jones
C01-0768,G,Composite,,04/03/2025 07:00 AM,04/02/2025 07:00 AM,04/03/2025 07:00 AM,AJ,04/11/2025,,Pass,8.81,Routine Surveillance,Ohio,WheelingWWTP-01,Sample,WWTP,04/11/2025 08:52 AM,Amy Jones
C01-0769,G,Composite,,04/04/2025 07:00 AM,04/03/2025 07:00 AM,04/04/2025 07:00 AM,AJ,04/11/2025,,Pass,9.81,Routine Surveillance,Ohio,WheelingWWTP-01,Sample,WWTP,04/11/2025 08:53 AM,Amy Jones
C01-0770,G,Composite,,04/07/2025 07:00 AM,04/06/2025 07:00 AM,04/07/2025 07:00 AM,AJ,04/11/2025,,Pass,9.67,Routine Surveillance,Ohio,WheelingWWTP-01,Sample,WWTP,04/11/2025 08:54 AM,Amy Jones
E01-0607,G,Composite,,03/27/2025 09:00 AM,03/26/2025 09:00 AM,03/27/2025 09:00 AM,AJ,04/11/2025,,Pass,4.514,Routine Surveillance,Mercer,PrincetonWWTP-01,Sample,WWTP,04/11/2025 08:55 AM,Amy Jones
E01-0608,G,Composite,,03/28/2025 09:00 AM,03/27/2025 08:00 AM,03/28/2025 09:00 AM,AJ,04/11/2025,,Pass,4.511,Routine Surveillance,Mercer,PrincetonWWTP-01,Sample,WWTP,04/11/2025 08:56 AM,Amy Jones
E01-0609,G,Composite,,04/02/2025 09:00 AM,04/01/2025 09:00 AM,04/02/2025 09:00 AM,AJ,04/11/2025,,Pass,3.371,Routine Surveillance,Mercer,PrincetonWWTP-01,Sample,WWTP,04/11/2025 08:57 AM,Amy Jones
V01-0013,G,Composite,,04/07/2025 07:00 AM,04/06/2025 07:00 AM,04/07/2025 07:00 AM,AJ,04/11/2025,,Pass,2.9,Routine Surveillance,Hardy,MoorefieldWWTP-01,Sample,WWTP,04/11/2025 08:58 AM,Amy Jones
V01-0017,G,Composite,,04/01/2025 07:00 AM,03/31/2025 07:00 AM,04/01/2025 07:00 AM,AJ,04/11/2025,,Pass,3.2,Routine Surveillance,Hardy,MoorefieldWWTP-01,Sample,WWTP,04/11/2025 08:59 AM,Amy Jones
V01-0026,G,Composite,,04/03/2025 07:00 AM,04/02/2025 07:00 AM,04/03/2025 07:00 AM,AJ,04/11/2025,,Pass,3.6,Routine Surveillance,Hardy,MoorefieldWWTP-01,Sample,WWTP,04/11/2025 08:59 AM,Amy Jones
V01-0030,G,Composite,,04/04/2025 07:00 AM,04/03/2025 07:00 AM,04/04/2025 07:00 AM,AJ,04/11/2025,,Pass,3.5,Routine Surveillance,Hardy,MoorefieldWWTP-01,Sample,WWTP,04/11/2025 09:00 AM,Amy Jones
V01-0032,G,Composite,,04/02/2025 07:00 AM,04/01/2025 07:00 AM,04/02/2025 07:00 AM,AJ,04/11/2025,,Pass,3.6,Routine Surveillance,Hardy,MoorefieldWWTP-01,Sample,WWTP,04/11/2025 09:01 AM,Amy Jones
L01-0638,G,Composite,,04/07/2025 08:00 AM,04/06/2025 08:00 AM,04/07/2025 08:00 AM,AJ,04/11/2025,,Pass,0.411,Routine Surveillance,Doddridge,WestUnionWWTP-01,Sample,WWTP,04/11/2025 09:02 AM,Amy Jones
M03-0516,G,Composite,,04/07/2025 08:00 AM,04/06/2025 08:00 AM,04/07/2025 08:00 AM,AJ,04/11/2025,,Pass,0.886,Routine Surveillance,Marion,ManningtonWWTP-01,Sample,WWTP,04/11/2025 09:03 AM,Amy Jones
D01-0592,G,Composite,,04/08/2025 07:00 AM,04/07/2025 07:00 AM,04/08/2025 07:00 AM,AJ,04/11/2025,,Pass,1.19,Routine Surveillance,Jefferson,CharlesTownWWTP-01,Sample,WWTP,04/11/2025 09:03 AM,Amy Jones
F01-0126,G,Composite,,04/08/2025 07:00 AM,04/07/2025 07:00 AM,04/08/2025 07:00 AM,AJ,04/11/2025,,Pass,1.9,Routine Surveillance,Lewis,WestonWWTP-01,Sample,WWTP,04/11/2025 09:05 AM,Amy Jones
T01-0311,G,Composite,,04/07/2025 07:00 AM,04/06/2025 07:00 AM,04/07/2025 07:00 AM,AJ,04/11/2025,,Pass,0.53,Routine Surveillance,Mason,PointPleasantWWTP-01,Sample,WWTP,04/11/2025 09:06 AM,Amy Jones
Q01-0606,G,Composite,,03/31/2025 08:00 AM,03/30/2025 08:00 AM,03/31/2025 08:00 AM,AJ,04/11/2025,,Pass,0.417,Routine Surveillance,Boone,MadisonWWTP-01,Sample,WWTP,04/11/2025 09:07 AM,Amy Jones
K01-0455,G,Composite,,04/08/2025 06:30 AM,04/07/2025 06:30 AM,04/08/2025 06:30 AM,AJ,04/11/2025,,Pass,15.220,Routine Surveillance,Wood,ParkersburgWWTP-01,Sample,WWTP,04/11/2025 09:08 AM,Amy Jones
U01-0112,G,Composite,,04/07/2025 10:00 AM,04/06/2025 10:00 AM,04/07/2025 10:00 AM,AJ,04/11/2025,,Pass,0.901,Routine Surveillance,Fayette,WhiteOakWWTP-01,Sample,WWTP,04/11/2025 09:09 AM,Amy Jones
Q01-0607,G,Composite,,04/07/2025 08:00 AM,04/06/2025 08:00 AM,04/07/2025 08:00 AM,AJ,04/11/2025,,Pass,1.221,Routine Surveillance,Boone,MadisonWWTP-01,Sample,WWTP,04/11/2025 09:10 AM,Amy Jones
H01-0976,G,Composite,,04/07/2025 08:00 AM,04/06/2025 08:00 AM,04/07/2025 08:00 AM,AJ,04/11/2025,,Pass,4.5,Routine Surveillance,Marshall,MoundsvilleWWTP-01,Sample,WWTP,04/11/2025 09:11 AM,Amy Jones
R02-0531,G,Composite,,04/07/2025 08:00 AM,04/06/2025 08:00 AM,04/07/2025 08:00 AM,AJ,04/11/2025,,Pass,3.95,Routine Surveillance,Randolph,ElkinsWWTP-01,Sample,WWTP,04/11/2025 09:12 AM,Amy Jones
J01-0528,G,Composite,,04/07/2025 07:30 AM,04/06/2025 07:30 AM,04/07/2025 07:30 AM,AJ,04/11/2025,,Pass,0.230,Routine Surveillance,Preston,AlpineLakeWWTP-01,Sample,WWTP,04/11/2025 09:13 AM,Amy Jones
A04-0623,G,Composite,,04/07/2025 08:00 AM,04/06/2025 08:00 AM,04/07/2025 08:00 AM,AJ,04/11/2025,,Pass,3.064,Routine Surveillance,Monongalia,CheatLakeWWTP-01,Sample,WWTP,04/11/2025 09:14 AM,Amy Jones
N02-0562,G,Composite,,04/07/2025 07:00 AM,04/06/2025 07:00 AM,04/07/2025 07:00 AM,AJ,04/11/2025,,Pass,17.81,Routine Surveillance,Harrison,ClarksburgWWTP-01,Sample,WWTP,04/11/2025 09:15 AM,Amy Jones
G01-0620,G,Composite,,04/07/2025 09:00 AM,04/06/2025 09:00 AM,04/07/2025 09:00 AM,AJ,04/11/2025,,Pass,1.279,Routine Surveillance,Mineral,KeyserWWTP-01,Sample,WWTP,04/11/2025 09:16 AM,Amy Jones
M04-0402,G,Composite,,04/07/2025 08:30 AM,04/06/2025 08:30 AM,04/07/2025 08:30 AM,AJ,04/11/2025,,Pass,0.440,Routine Surveillance,Marion,FarmingtonWWTP-01,Sample,WWTP,04/11/2025 09:17 AM,Amy Jones
C01-0771,G,Composite,,04/07/2025 08:00 AM,04/06/2025 08:00 AM,04/07/2025 08:00 AM,AJ,04/17/2025,,Pass,9.67,Routine Surveillance,Ohio,WheelingWWTP-01,Sample,WWTP,04/17/2025 10:27 AM,Amy Jones
C01-0772,G,Composite,,04/08/2025 08:00 AM,04/07/2025 08:00 AM,04/08/2025 08:00 AM,AJ,04/17/2025,,Pass,9.77,Routine Surveillance,Ohio,WheelingWWTP-01,Sample,WWTP,04/17/2025 10:28 AM,Amy Jones
C01-0773,G,Composite,,04/09/2025 08:00 AM,04/08/2025 08:00 AM,04/09/2025 08:00 AM,AJ,04/17/2025,,Pass,9.78,Routine Surveillance,Ohio,WheelingWWTP-01,Sample,WWTP,04/17/2025 10:28 AM,Amy Jones
C01-0775,G,Composite,,04/14/2025 08:00 AM,04/13/2025 08:00 AM,04/14/2025 08:00 AM,AJ,04/17/2025,,Pass,8.0,Routine Surveillance,Ohio,WheelingWWTP-01,Sample,WWTP,04/17/2025 10:29 AM,Amy Jones
C01-0774,G,Composite,,04/10/2025 08:00 AM,04/09/2025 08:00 AM,04/10/2025 08:00 AM,AJ,04/17/2025,,Pass,9.81,Routine Surveillance,Ohio,WheelingWWTP-01,Sample,WWTP,04/17/2025 10:30 AM,Amy Jones
E01-0610,G,Composite,,04/04/2025 09:00 AM,04/03/2025 09:00 AM,04/04/2025 09:00 AM,AJ,04/17/2025,,Pass,3.617,Routine Surveillance,Mercer,PrincetonWWTP-01,Sample,WWTP,04/17/2025 10:31 AM,Amy Jones
E01-0611,G,Composite,,04/08/2025 09:00 AM,04/07/2025 09:00 AM,04/08/2025 09:00 AM,AJ,04/17/2025,,Pass,6.562,Routine Surveillance,Mercer,PrincetonWWTP-01,Sample,WWTP,04/17/2025 10:32 AM,Amy Jones
E01-0612,G,Composite,,04/09/2025 09:00 AM,04/08/2025 09:00 AM,04/09/2025 09:00 AM,AJ,04/17/2025,,Pass,4.488,Routine Surveillance,Mercer,PrincetonWWTP-01,Sample,WWTP,04/17/2025 10:33 AM,Amy Jones
V01-0011,G,Composite,,04/08/2025 07:00 AM,04/07/2025 07:00 AM,04/08/2025 07:00 AM,AJ,04/17/2025,,Fail: Missing Required Data,,Routine Surveillance,Hardy,MoorefieldWWTP-01,Sample,WWTP,04/17/2025 10:33 AM,Amy Jones
V01-0014,G,Composite,,04/09/2025 07:00 AM,04/08/2025 07:00 AM,04/09/2025 07:00 AM,AJ,04/17/2025,,Pass,3.6,Routine Surveillance,Hardy,MoorefieldWWTP-01,Sample,WWTP,04/17/2025 10:34 AM,Amy Jones
V01-0016,G,Composite,,04/07/2025 07:00 AM,04/06/2025 07:00 AM,04/07/2025 07:00 AM,AJ,04/17/2025,,Pass,3.68,Routine Surveillance,Hardy,MoorefieldWWTP-01,Sample,WWTP,04/17/2025 10:35 AM,Amy Jones
V01-0024,G,Composite,,04/11/2025 07:00 AM,04/10/2025 07:00 AM,04/11/2025 07:00 AM,AJ,04/17/2025,,Fail: Missing Required Data,,Routine Surveillance,Hardy,MoorefieldWWTP-01,Sample,WWTP,04/17/2025 10:36 AM,Amy Jones
V01-0025,G,Composite,,04/10/2025 07:00 AM,04/09/2025 07:00 AM,04/10/2025 07:00 AM,AJ,04/17/2025,,Pass,3.6,Routine Surveillance,Hardy,MoorefieldWWTP-01,Sample,WWTP,04/17/2025 10:37 AM,Amy Jones
D01-0595,G,Composite,,04/15/2025 07:10 AM,04/14/2025 07:10 AM,04/15/2025 07:10 AM,AJ,04/17/2025,,Pass,1.10,Routine Surveillance,Jefferson,CharlesTownWWTP-01,Sample,WWTP,04/17/2025 10:38 AM,Amy Jones
K01-0470,G,Composite,,04/15/2025 06:20 AM,04/14/2025 06:20 AM,04/15/2025 06:20 AM,AJ,04/17/2025,,Pass,6.371,Routine Surveillance,Wood,ParkersburgWWTP-01,Sample,WWTP,04/17/2025 10:39 AM,Amy Jones
J01-0529,G,Composite,,04/14/2025 07:30 AM,04/13/2025 07:30 AM,04/14/2025 07:30 AM,AJ,04/17/2025,,Pass,0.176,Routine Surveillance,Preston,AlpineLakeWWTP-01,Sample,WWTP,04/17/2025 10:40 AM,Amy Jones
H01-0977,G,Composite,,04/14/2025 08:00 AM,04/13/2025 08:00 AM,04/14/2025 08:00 AM,AJ,04/17/2025,,Pass,1.9,Routine Surveillance,Marshall,MoundsvilleWWTP-01,Sample,WWTP,04/17/2025 10:40 AM,Amy Jones
R02-0536,G,Composite,,04/14/2025 08:00 AM,04/13/2025 08:00 AM,04/14/2025 08:00 AM,AJ,04/17/2025,,Pass,3.97,Routine Surveillance,Randolph,ElkinsWWTP-01,Sample,WWTP,04/17/2025 10:41 AM,Amy Jones
U01-0103,G,Composite,,04/14/2025 11:00 AM,04/13/2025 11:00 AM,04/14/2025 11:00 AM,AJ,04/17/2025,,Pass,0.600,Routine Surveillance,Fayette,WhiteOakWWTP-01,Sample,WWTP,04/17/2025 10:42 AM,Amy Jones
A04-0691,G,Composite,,04/14/2025 08:00 AM,04/13/2025 08:00 AM,04/14/2025 08:00 AM,AJ,04/17/2025,,Pass,0.767,Routine Surveillance,Monongalia,CheatLakeWWTP-01,Sample,WWTP,04/17/2025 10:43 AM,Amy Jones
A01-1222,G,Composite,,04/13/2025 12:00 AM,04/12/2025 12:00 AM,04/13/2025 12:00 AM,AJ,04/17/2025,,Pass,10.0,Routine Surveillance,Monongalia,StarCityWWTP-01,Sample,WWTP,04/17/2025 10:44 AM,Amy Jones
A01-1223,G,Composite,,04/14/2025 12:00 AM,04/13/2025 12:00 AM,04/14/2025 12:00 AM,AJ,04/17/2025,,Pass,10.3,Routine Surveillance,Monongalia,StarCityWWTP-01,Sample,WWTP,04/17/2025 10:45 AM,Amy Jones
A01-1221,G,Composite,,04/12/2025 12:00 AM,04/11/2025 12:00 AM,04/12/2025 12:00 AM,AJ,04/17/2025,,Pass,10.5,Routine Surveillance,Monongalia,StarCityWWTP-01,Sample,WWTP,04/17/2025 10:45 AM,Amy Jones
A01-1220,G,Composite,,04/10/2025 12:00 AM,04/09/2025 12:00 AM,04/10/2025 12:00 AM,AJ,04/17/2025,,Pass,13.0,Routine Surveillance,Monongalia,StarCityWWTP-01,Sample,WWTP,04/17/2025 10:46 AM,Amy Jones
O01-0318,G,Composite,,04/14/2025 08:00 AM,04/13/2025 08:00 AM,04/14/2025 08:00 AM,AJ,04/17/2025,,Pass,1.26,Routine Surveillance,Taylor,GraftonWWTP-01,Sample,WWTP,04/17/2025 10:47 AM,Amy Jones
M03-0512,G,Composite,,04/14/2025 08:00 AM,04/13/2025 08:00 AM,04/14/2025 08:00 AM,AJ,04/17/2025,,Pass,0.229,Routine Surveillance,Marion,ManningtonWWTP-01,Sample,WWTP,04/17/2025 10:49 AM,Amy Jones
O01-0319,G,Composite,,04/07/2025 08:00 AM,04/06/2025 08:00 AM,04/07/2025 08:00 AM,AJ,04/17/2025,,Pass,2.23,Routine Surveillance,Taylor,GraftonWWTP-01,Sample,WWTP,04/17/2025 10:49 AM,Amy Jones
P01-0177,G,Composite,,04/07/2025 07:00 AM,04/06/2025 07:00 AM,04/07/2025 07:00 AM,AJ,04/17/2025,,Pass,0.614,Routine Surveillance,Pleasants,StMarysWWTP-01,Sample,WWTP,04/17/2025 10:50 AM,Amy Jones
M04-0411,G,Composite,,04/14/2025 08:30 AM,04/13/2025 08:30 AM,04/14/2025 08:30 AM,AJ,04/17/2025,,Pass,0.099,Routine Surveillance,Marion,FarmingtonWWTP-01,Sample,WWTP,04/17/2025 10:51 AM,Amy Jones
L01-0623,G,Composite,,04/14/2025 07:00 AM,04/13/2025 07:00 AM,04/14/2025 07:00 AM,AJ,04/17/2025,,Pass,0.274,Routine Surveillance,Doddridge,WestUnionWWTP-01,Sample,WWTP,04/17/2025 10:52 AM,Amy Jones
N02-0567,G,Composite,,04/14/2025 07:00 AM,04/13/2025 07:00 AM,04/14/2025 07:00 AM,AJ,04/17/2025,,Pass,8.3,Routine Surveillance,Harrison,ClarksburgWWTP-01,Sample,WWTP,04/17/2025 10:53 AM,Amy Jones
N03-0586,G,Composite,,04/14/2025 07:30 AM,04/13/2025 07:30 AM,04/14/2025 07:30 AM,AJ,04/17/2025,,Pass,0.343450,Routine Surveillance,Harrison,SalemWWTP-01,Sample,WWTP,04/17/2025 10:54 AM,Amy Jones
A01-1227,G,Composite,,04/19/2025 12:00 AM,04/18/2025 12:00 AM,04/19/2025 12:00 AM,AJ,04/24/2025,,Fail: Missing Required Data,,Routine Surveillance,Monongalia,StarCityWWTP-01,Sample,WWTP,04/24/2025 10:36 AM,Amy Jones
A01-1226,G,Composite,,04/17/2025 12:00 AM,04/16/2025 12:00 AM,04/17/2025 12:00 AM,AJ,04/24/2025,,Pass,8.7,Routine Surveillance,Monongalia,StarCityWWTP-01,Sample,WWTP,04/24/2025 10:37 AM,Amy Jones
A01-1224,G,Composite,,04/15/2025 12:00 AM,04/14/2025 12:00 AM,04/15/2025 12:00 AM,AJ,04/24/2025,,Pass,11.1,Routine Surveillance,Monongalia,StarCityWWTP-01,Sample,WWTP,04/24/2025 10:37 AM,Amy Jones
A01-1225,G,Composite,,04/16/2025 12:00 AM,04/15/2025 12:00 AM,04/16/2025 12:00 AM,AJ,04/24/2025,,Pass,9.6,Routine Surveillance,Monongalia,StarCityWWTP-01,Sample,WWTP,04/24/2025 10:38 AM,Amy Jones
N03-0583,G,Composite,,04/21/2025 08:00 AM,04/20/2025 08:00 AM,04/21/2025 08:00 AM,AJ,04/24/2025,,Pass,0.337268,Routine Surveillance,Harrison,SalemWWTP-01,Sample,WWTP,04/24/2025 10:39 AM,Amy Jones
C01-0876,G,Composite,,04/14/2025 07:00 AM,04/13/2025 07:00 AM,04/14/2025 07:00 AM,AJ,04/24/2025,,Pass,8.05,Routine Surveillance,Ohio,WheelingWWTP-01,Sample,WWTP,04/24/2025 10:41 AM,Amy Jones
C01-0877,G,Composite,,04/15/2025 07:00 AM,04/14/2025 07:00 AM,04/15/2025 07:00 AM,AJ,04/24/2025,,Pass,7.03,Routine Surveillance,Ohio,WheelingWWTP-01,Sample,WWTP,04/24/2025 10:41 AM,Amy Jones
C01-0878,G,Composite,,04/16/2025 07:00 AM,04/15/2025 07:00 AM,04/16/2025 07:00 AM,AJ,04/24/2025,,Pass,7.16,Routine Surveillance,Ohio,WheelingWWTP-01,Sample,WWTP,04/24/2025 10:42 AM,Amy Jones
C01-0879,G,Composite,,04/17/2025 07:00 AM,04/16/2025 07:00 AM,04/17/2025 07:00 AM,AJ,04/24/2025,,Pass,6.93,Routine Surveillance,Ohio,WheelingWWTP-01,Sample,WWTP,04/24/2025 10:43 AM,Amy Jones
C01-0881,G,Composite,,04/18/2025 07:00 AM,04/17/2025 07:00 AM,04/18/2025 07:00 AM,AJ,04/24/2025,,Pass,6.79,Routine Surveillance,Ohio,WheelingWWTP-01,Sample,WWTP,04/24/2025 10:43 AM,Amy Jones
E01-0614,G,Composite,,04/11/2025 09:00 AM,04/10/2025 09:00 AM,04/11/2025 09:00 AM,AJ,04/24/2025,,Pass,4.419,Routine Surveillance,Mercer,PrincetonWWTP-01,Sample,WWTP,04/24/2025 10:44 AM,Amy Jones
E01-0615,G,Composite,,04/15/2025 09:00 AM,04/14/2025 09:00 AM,04/15/2025 09:00 AM,AJ,04/24/2025,,Pass,4.155,Routine Surveillance,Mercer,PrincetonWWTP-01,Sample,WWTP,04/24/2025 10:45 AM,Amy Jones
E01-0616,G,Composite,,04/16/2025 09:00 AM,04/15/2025 09:00 AM,04/16/2025 09:00 AM,AJ,04/24/2025,,Pass,4.504,Routine Surveillance,Mercer,PrincetonWWTP-01,Sample,WWTP,04/24/2025 10:46 AM,Amy Jones
D01-0589,G,Composite,,04/22/2025 07:00 AM,04/21/2025 07:00 AM,04/22/2025 07:00 AM,AJ,04/24/2025,,Pass,1.20,Routine Surveillance,Jefferson,CharlesTownWWTP-01,Sample,WWTP,04/24/2025 10:47 AM,Amy Jones
F01-0127,G,Composite,,04/14/2025 07:00 AM,04/13/2025 07:00 AM,04/14/2025 07:00 AM,AJ,04/24/2025,,Pass,1.4,Routine Surveillance,Lewis,WestonWWTP-01,Sample,WWTP,04/24/2025 10:48 AM,Amy Jones
R02-0537,G,Composite,,04/21/2025 08:00 AM,04/20/2025 07:00 AM,04/21/2025 07:00 AM,AJ,04/24/2025,,Pass,3.65,Routine Surveillance,Randolph,ElkinsWWTP-01,Sample,WWTP,04/24/2025 10:50 AM,Amy Jones
U01-0059,G,Composite,,04/21/2025 09:40 AM,04/20/2025 09:00 AM,04/21/2025 09:00 AM,AJ,04/24/2025,,Pass,0.4,Routine Surveillance,Fayette,WhiteOakWWTP-01,Sample,WWTP,04/24/2025 10:51 AM,Amy Jones
Q01-0608,G,Composite,,04/14/2025 08:00 AM,04/13/2025 08:00 AM,04/14/2025 08:00 AM,AJ,04/24/2025,,Pass,0.443,Routine Surveillance,Boone,MadisonWWTP-01,Sample,WWTP,04/24/2025 10:52 AM,Amy Jones
K01-0454,G,Composite,,04/22/2025 06:25 AM,04/21/2025 06:25 AM,04/22/2025 06:25 AM,AJ,04/24/2025,,Pass,5.445,Routine Surveillance,Wood,ParkersburgWWTP-01,Sample,WWTP,04/24/2025 10:53 AM,Amy Jones
P01-0176,G,Composite,,04/21/2025 07:00 AM,04/20/2025 07:00 AM,04/21/2025 07:00 AM,AJ,04/24/2025,,Pass,0.452,Routine Surveillance,Pleasants,StMarysWWTP-01,Sample,WWTP,04/24/2025 10:54 AM,Amy Jones
O01-0316,G,Composite,,04/21/2025 08:00 AM,04/20/2025 08:00 AM,04/21/2025 08:00 AM,AJ,04/24/2025,,Pass,1.04,Routine Surveillance,Taylor,GraftonWWTP-01,Sample,WWTP,04/24/2025 10:55 AM,Amy Jones
M03-0511,G,Composite,,04/21/2025 08:00 AM,04/20/2025 08:00 AM,04/21/2025 08:00 AM,AJ,04/24/2025,,Pass,0.204,Routine Surveillance,Marion,ManningtonWWTP-01,Sample,WWTP,04/24/2025 10:56 AM,Amy Jones
M04-0413,G,Composite,,04/21/2025 08:05 AM,04/20/2025 08:05 AM,04/21/2025 08:05 AM,AJ,04/24/2025,,Pass,0.067,Routine Surveillance,Marion,FarmingtonWWTP-01,Sample,WWTP,04/24/2025 10:57 AM,Amy Jones
N02-0569,G,Composite,,04/21/2025 07:00 AM,04/20/2025 07:00 AM,04/21/2025 07:00 AM,AJ,04/24/2025,,Pass,6.79,Routine Surveillance,Harrison,ClarksburgWWTP-01,Sample,WWTP,04/24/2025 10:58 AM,Amy Jones
L01-0622,G,Composite,,04/21/2025 08:00 AM,04/20/2025 08:00 AM,04/21/2025 08:00 AM,AJ,04/24/2025,,Pass,0.272,Routine Surveillance,Doddridge,WestUnionWWTP-01,Sample,WWTP,04/24/2025 10:59 AM,Amy Jones
Q01-0609,G,Composite,,04/21/2025 08:00 AM,04/20/2025 08:00 AM,04/21/2025 08:00 AM,AJ,04/24/2025,,Pass,0.322,Routine Surveillance,Boone,MadisonWWTP-01,Sample,WWTP,04/24/2025 11:01 AM,Amy Jones
T01-0313,G,Composite,,04/14/2025 06:50 AM,04/13/2025 06:50 AM,04/14/2025 06:50 AM,AJ,04/24/2025,,Pass,0.17,Routine Surveillance,Mason,PointPleasantWWTP-01,Sample,WWTP,04/24/2025 11:02 AM,Amy Jones
T01-0314,G,Composite,,04/21/2025 09:30 AM,04/20/2025 09:30 AM,04/21/2025 09:30 AM,AJ,04/24/2025,,Pass,0.38,Routine Surveillance,Mason,PointPleasantWWTP-01,Sample,WWTP,04/24/2025 11:03 AM,Amy Jones
J01-0530,G,Composite,,04/21/2025 07:30 AM,04/20/2025 07:30 AM,04/21/2025 07:30 AM,AJ,04/24/2025,,Pass,0.120,Routine Surveillance,Preston,AlpineLakeWWTP-01,Sample,WWTP,04/24/2025 11:04 AM,Amy Jones
H01-0979,G,Composite,,04/21/2025 09:00 AM,04/20/2025 09:00 AM,04/21/2025 09:00 AM,AJ,04/24/2025,,Pass,1.4,Routine Surveillance,Marshall,MoundsvilleWWTP-01,Sample,WWTP,04/24/2025 11:05 AM,Amy Jones
F01-0130,G,Composite,,04/21/2025 07:00 AM,04/20/2025 07:00 AM,04/21/2025 07:00 AM,AJ,04/24/2025,,Pass,0.9,Routine Surveillance,Lewis,WestonWWTP-01,Sample,WWTP,04/24/2025 11:05 AM,Amy Jones
G01-0617,G,Composite,,04/21/2025 09:00 AM,04/20/2025 09:00 AM,04/21/2025 09:00 AM,AJ,04/24/2025,,Pass,0.881,Routine Surveillance,Mineral,KeyserWWTP-01,Sample,WWTP,04/24/2025 11:13 AM,Amy Jones
A01-1228,G,Composite,,04/22/2025 12:00 AM,04/21/2025 12:00 AM,04/22/2025 12:00 AM,AJ,05/01/2025,,Pass,8.6,Routine Surveillance,Monongalia,StarCityWWTP-01,Sample,WWTP,05/01/2025 10:22 AM,Amy Jones
A01-1233,G,Composite,,04/28/2025 12:00 AM,04/27/2025 12:00 AM,04/28/2025 12:00 AM,AJ,05/01/2025,,Pass,8.9,Routine Surveillance,Monongalia,StarCityWWTP-01,Sample,WWTP,05/01/2025 10:23 AM,Amy Jones
A01-1230,G,Composite,,04/24/2025 12:00 AM,04/23/2025 12:00 AM,04/24/2025 12:00 AM,AJ,05/01/2025,,Pass,7.6,Routine Surveillance,Monongalia,StarCityWWTP-01,Sample,WWTP,05/01/2025 10:24 AM,Amy Jones
A01-1231,G,Composite,,04/26/2025 12:00 AM,04/25/2025 12:00 AM,04/26/2025 12:00 AM,AJ,05/01/2025,,Pass,12.9,Routine Surveillance,Monongalia,StarCityWWTP-01,Sample,WWTP,05/01/2025 10:24 AM,Amy Jones
A01-1229,G,Composite,,04/23/2025 12:00 AM,04/22/2025 12:00 AM,04/23/2025 12:00 AM,AJ,05/01/2025,,Pass,7.7,Routine Surveillance,Monongalia,StarCityWWTP-01,Sample,WWTP,05/01/2025 10:25 AM,Amy Jones
A01-1232,G,Composite,,04/27/2025 12:00 AM,04/26/2025 12:00 AM,04/27/2025 12:00 AM,AJ,05/01/2025,,Pass,9.4,Routine Surveillance,Monongalia,StarCityWWTP-01,Sample,WWTP,05/01/2025 10:26 AM,Amy Jones
C01-0882,G,Composite,,04/22/2025 07:00 AM,04/21/2025 07:00 AM,04/22/2025 07:00 AM,AJ,05/01/2025,,Pass,7.0,Routine Surveillance,Ohio,WheelingWWTP-01,Sample,WWTP,05/01/2025 10:27 AM,Amy Jones
C01-0883,G,Composite,,04/23/2025 07:00 AM,04/22/2025 07:00 AM,04/23/2025 07:00 AM,AJ,05/01/2025,,Pass,7.26,Routine Surveillance,Ohio,WheelingWWTP-01,Sample,WWTP,05/01/2025 10:28 AM,Amy Jones
C01-0884,G,Composite,,04/24/2025 07:00 AM,04/23/2025 07:00 AM,04/24/2025 07:00 AM,AJ,05/01/2025,,Pass,6.13,Routine Surveillance,Ohio,WheelingWWTP-01,Sample,WWTP,05/01/2025 10:29 AM,Amy Jones
C01-0885,G,Composite,,04/25/2025 07:00 AM,04/24/2025 07:00 AM,04/25/2025 07:00 AM,AJ,05/01/2025,,Pass,7.9,Routine Surveillance,Ohio,WheelingWWTP-01,Sample,WWTP,05/01/2025 10:30 AM,Amy Jones
C01-0886,G,Composite,,04/28/2025 07:00 AM,04/27/2025 07:00 AM,04/28/2025 07:00 AM,AJ,05/01/2025,,Pass,7.5,Routine Surveillance,Ohio,WheelingWWTP-01,Sample,WWTP,05/01/2025 10:31 AM,Amy Jones
E01-0617,G,Composite,,04/18/2025 09:00 AM,04/17/2025 09:00 AM,03/18/2025 07:00 AM,AJ,05/01/2025,,Pass,3.471,Routine Surveillance,Mercer,PrincetonWWTP-01,Sample,WWTP,05/01/2025 10:32 AM,Amy Jones
E01-0618,G,Composite,,04/22/2025 09:00 AM,04/21/2025 09:00 AM,04/22/2025 09:00 AM,AJ,05/01/2025,,Pass,3.026,Routine Surveillance,Mercer,PrincetonWWTP-01,Sample,WWTP,05/01/2025 10:33 AM,Amy Jones
E01-0619,G,Composite,,04/23/2025 09:00 AM,04/22/2025 09:00 AM,04/23/2025 09:00 AM,AJ,05/01/2025,,Pass,3.057,Routine Surveillance,Mercer,PrincetonWWTP-01,Sample,WWTP,05/01/2025 10:33 AM,Amy Jones
H01-0980,G,Composite,,04/28/2025 08:00 AM,04/27/2025 08:00 AM,04/28/2025 08:00 AM,AJ,05/01/2025,,Pass,1.5,Routine Surveillance,Marshall,MoundsvilleWWTP-01,Sample,WWTP,05/01/2025 10:34 AM,Amy Jones
U01-0119,G,Composite,,04/29/2025 10:00 AM,04/28/2025 10:00 AM,04/29/2025 10:00 AM,AJ,05/01/2025,,Pass,0.322,Routine Surveillance,Fayette,WhiteOakWWTP-01,Sample,WWTP,05/01/2025 10:35 AM,Amy Jones
J01-0531,G,Composite,,04/28/2025 07:00 AM,04/27/2025 07:00 AM,04/28/2025 07:00 AM,AJ,05/01/2025,,Pass,0.235,Routine Surveillance,Preston,AlpineLakeWWTP-01,Sample,WWTP,05/01/2025 10:36 AM,Amy Jones
R02-0534,G,Composite,,04/28/2025 08:00 AM,04/27/2025 08:00 AM,04/28/2025 08:00 AM,AJ,05/01/2025,,Pass,4.72,Routine Surveillance,Randolph,ElkinsWWTP-01,Sample,WWTP,05/01/2025 10:37 AM,Amy Jones
A04-0696,G,Composite,,04/28/2025 08:00 AM,04/27/2025 08:00 AM,04/28/2025 08:00 AM,AJ,05/01/2025,,Pass,0.657,Routine Surveillance,Monongalia,CheatLakeWWTP-01,Sample,WWTP,05/01/2025 10:38 AM,Amy Jones
O01-0308,G,Composite,,04/28/2025 08:00 AM,04/27/2025 08:00 AM,04/28/2025 08:00 AM,AJ,05/01/2025,,Pass,1.28,Routine Surveillance,Taylor,GraftonWWTP-01,Sample,WWTP,05/01/2025 10:41 AM,Amy Jones
L01-0629,G,Composite,,04/28/2025 08:00 AM,04/27/2025 08:00 AM,04/28/2025 08:00 AM,AJ,05/01/2025,,Pass,0.271,Routine Surveillance,Doddridge,WestUnionWWTP-01,Sample,WWTP,05/01/2025 10:43 AM,Amy Jones
M03-0513,G,Composite,,04/28/2025 08:30 AM,04/27/2025 08:30 AM,04/28/2025 08:30 AM,AJ,05/01/2025,,Pass,0.179,Routine Surveillance,Marion,ManningtonWWTP-01,Sample,WWTP,05/01/2025 10:44 AM,Amy Jones
D01-0588,G,Composite,,04/29/2025 07:00 AM,04/28/2025 07:00 AM,04/29/2025 07:00 AM,AJ,05/01/2025,,Pass,1.10,Routine Surveillance,Jefferson,CharlesTownWWTP-01,Sample,WWTP,05/01/2025 10:45 AM,Amy Jones
K01-0537,G,Composite,,04/29/2025 06:20 AM,04/28/2025 06:20 AM,04/29/2025 06:20 AM,AJ,05/01/2025,,Pass,4.669,Routine Surveillance,Wood,ParkersburgWWTP-01,Sample,WWTP,05/01/2025 10:46 AM,Amy Jones
A01-1235,G,Composite,,04/30/2025 12:00 AM,04/29/2025 12:00 AM,04/30/2025 12:00 AM,AJ,05/01/2025,,Pass,11.8,Routine Surveillance,Monongalia,StarCityWWTP-01,Sample,WWTP,05/01/2025 10:47 AM,Amy Jones
A01-1234,G,Composite,,04/29/2025 12:00 AM,04/28/2025 12:00 AM,04/29/2025 12:00 AM,AJ,05/01/2025,,Pass,9.2,Routine Surveillance,Monongalia,StarCityWWTP-01,Sample,WWTP,05/01/2025 10:48 AM,Amy Jones
N02-0563,G,Composite,,04/28/2025 07:00 AM,04/27/2025 07:00 AM,04/28/2025 07:00 AM,AJ,05/01/2025,,Pass,6.56,Routine Surveillance,Harrison,ClarksburgWWTP-01,Sample,WWTP,05/01/2025 10:48 AM,Amy Jones
G01-0618,G,Composite,,04/27/2025 09:00 AM,04/27/2025 09:00 AM,04/28/2025 09:00 AM,AJ,05/01/2025,,Pass,0.832,Routine Surveillance,Mineral,KeyserWWTP-01,Sample,WWTP,05/01/2025 10:49 AM,Amy Jones
C01-0887,G,Composite,,04/29/2025 07:00 AM,04/28/2025 07:00 AM,04/29/2025 07:00 AM,AJ,05/08/2025,,Pass,7.68,Routine Surveillance,Ohio,WheelingWWTP-01,Sample,WWTP,05/08/2025 10:36 AM,Amy Jones
C01-0888,G,Composite,,04/30/2025 07:00 AM,04/29/2025 07:00 AM,04/30/2025 07:00 AM,AJ,05/08/2025,,Pass,7.2,Routine Surveillance,Ohio,WheelingWWTP-01,Sample,WWTP,05/08/2025 10:37 AM,Amy Jones
C01-0889,G,Composite,,05/01/2025 07:00 AM,04/30/2025 07:00 AM,05/01/2025 07:00 AM,AJ,05/08/2025,,Pass,8.07,Routine Surveillance,Ohio,WheelingWWTP-01,Sample,WWTP,05/08/2025 10:38 AM,Amy Jones
C01-0890,G,Composite,,05/02/2025 07:00 AM,05/01/2025 07:00 AM,05/02/2025 07:00 AM,AJ,05/08/2025,,Pass,0.26,Routine Surveillance,Ohio,WheelingWWTP-01,Sample,WWTP,05/08/2025 10:38 AM,Amy Jones
C01-0891,G,Composite,,05/05/2025 07:00 AM,05/04/2025 07:00 AM,05/05/2025 07:00 AM,AJ,05/08/2025,,Pass,6.80,Routine Surveillance,Ohio,WheelingWWTP-01,Sample,WWTP,05/08/2025 10:40 AM,Amy Jones
E01-0737,G,Composite,,04/25/2025 09:00 AM,04/24/2025 09:00 AM,04/25/2025 09:00 AM,AJ,05/08/2025,,Pass,3.042,Routine Surveillance,Mercer,PrincetonWWTP-01,Sample,WWTP,05/08/2025 10:43 AM,Amy Jones
E01-0738,G,Composite,,04/29/2025 09:00 AM,04/28/2025 09:00 AM,04/29/2025 09:00 AM,AJ,05/08/2025,,Pass,4.120,Routine Surveillance,Mercer,PrincetonWWTP-01,Sample,WWTP,05/08/2025 10:44 AM,Amy Jones
E01-0739,G,Composite,,04/30/2025 09:00 AM,04/29/2025 09:00 AM,04/30/2025 09:00 AM,AJ,05/08/2025,,Pass,5.445,Routine Surveillance,Mercer,PrincetonWWTP-01,Sample,WWTP,05/08/2025 10:45 AM,Amy Jones
O01-0322,G,Composite,,05/05/2025 08:00 AM,05/04/2025 08:00 AM,05/05/2025 08:00 AM,AJ,05/08/2025,,Pass,1.70,Routine Surveillance,Taylor,GraftonWWTP-01,Sample,WWTP,05/08/2025 10:46 AM,Amy Jones
M04-0409,G,Composite,,05/05/2025 08:00 AM,05/04/2025 08:00 AM,05/05/2025 08:00 AM,AJ,05/08/2025,,Pass,0.075,Routine Surveillance,Marion,FarmingtonWWTP-01,Sample,WWTP,05/08/2025 10:47 AM,Amy Jones
P01-0174,G,Composite,,05/05/2025 07:00 AM,05/04/2025 07:00 AM,05/05/2025 07:00 AM,AJ,05/08/2025,,Pass,0.336,Routine Surveillance,Pleasants,StMarysWWTP-01,Sample,WWTP,05/08/2025 10:48 AM,Amy Jones
L01-0627,G,Composite,,05/05/2025 07:00 AM,05/04/2025 07:00 AM,05/05/2025 07:00 AM,AJ,05/08/2025,,Pass,0.323,Routine Surveillance,Doddridge,WestUnionWWTP-01,Sample,WWTP,05/08/2025 10:49 AM,Amy Jones
F01-0131,G,Composite,,05/05/2025 07:00 AM,05/04/2025 07:00 AM,05/05/2025 07:00 AM,AJ,05/08/2025,,Pass,1.5,Routine Surveillance,Lewis,WestonWWTP-01,Sample,WWTP,05/08/2025 10:50 AM,Amy Jones
A04-0676,G,Composite,,05/05/2025 08:00 AM,05/04/2025 08:00 AM,05/05/2025 08:00 AM,AJ,05/08/2025,,Pass,1.023,Routine Surveillance,Monongalia,CheatLakeWWTP-01,Sample,WWTP,05/08/2025 10:51 AM,Amy Jones
D01-0590,G,Composite,,05/06/2025 07:10 AM,05/05/2025 07:10 AM,05/06/2025 07:10 AM,AJ,05/08/2025,,Pass,1.20,Routine Surveillance,Jefferson,CharlesTownWWTP-01,Sample,WWTP,05/08/2025 10:52 AM,Amy Jones
K01-0535,G,Composite,,05/07/2025 06:30 AM,05/06/2025 06:30 AM,05/07/2025 06:30 AM,AJ,05/08/2025,,Pass,7.702,Routine Surveillance,Wood,ParkersburgWWTP-01,Sample,WWTP,05/08/2025 10:53 AM,Amy Jones
H01-0981,G,Composite,,05/05/2025 08:00 AM,05/04/2025 08:00 AM,05/05/2025 08:00 AM,AJ,05/08/2025,,Pass,1.7,Routine Surveillance,Marshall,MoundsvilleWWTP-01,Sample,WWTP,05/08/2025 10:54 AM,Amy Jones
U01-0084,G,Composite,,05/05/2025 09:00 AM,05/04/2025 09:00 AM,05/05/2025 09:00 AM,AJ,05/08/2025,,Pass,0.398,Routine Surveillance,Fayette,WhiteOakWWTP-01,Sample,WWTP,05/08/2025 10:55 AM,Amy Jones
G01-0630,G,Composite,,05/05/2025 08:00 AM,05/04/2025 09:00 AM,05/05/2025 09:00 AM,AJ,05/08/2025,,Fail: Missing Required Data,,Routine Surveillance,Mineral,KeyserWWTP-01,Sample,WWTP,05/08/2025 10:56 AM,Amy Jones
J01-0532,G,Composite,,05/05/2025 07:30 AM,05/04/2025 07:30 AM,05/05/2025 07:30 AM,AJ,05/08/2025,,Pass,0.266,Routine Surveillance,Preston,AlpineLakeWWTP-01,Sample,WWTP,05/08/2025 10:57 AM,Amy Jones
T01-0315,G,Composite,,05/05/2025 12:20 PM,05/04/2025 12:20 PM,05/05/2025 12:20 PM,AJ,05/08/2025,,Pass,0.05,Routine Surveillance,Mason,PointPleasantWWTP-01,Sample,WWTP,05/08/2025 10:59 AM,Amy Jones
M03-0509,G,Composite,,05/05/2025 08:00 AM,05/04/2025 08:00 AM,05/05/2025 08:00 AM,AJ,05/08/2025,,Pass,0.259,Routine Surveillance,Marion,ManningtonWWTP-01,Sample,WWTP,05/08/2025 11:00 AM,Amy Jones
Q01-0610,G,Composite,,04/28/2025 08:00 AM,04/27/2025 08:00 AM,04/28/2025 08:00 AM,AJ,05/08/2025,,Pass,0.342,Routine Surveillance,Boone,MadisonWWTP-01,Sample,WWTP,05/08/2025 11:01 AM,Amy Jones
R02-0539,G,Composite,,05/05/2025 08:00 AM,05/04/2025 08:00 AM,05/05/2025 08:00 AM,AJ,05/08/2025,,Pass,6.7,Routine Surveillance,Randolph,ElkinsWWTP-01,Sample,WWTP,05/08/2025 11:02 AM,Amy Jones
N02-0556,G,Composite,,05/05/2025 07:00 AM,05/04/2025 07:00 AM,05/05/2025 07:00 AM,AJ,05/08/2025,,Pass,8.83,Routine Surveillance,Harrison,ClarksburgWWTP-01,Sample,WWTP,05/08/2025 11:02 AM,Amy Jones
A01-1239,G,Composite,,05/05/2025 12:00 AM,05/04/2025 12:00 AM,05/05/2025 12:00 AM,AJ,05/08/2025,,Pass,11.8,Routine Surveillance,Monongalia,StarCityWWTP-01,Sample,WWTP,05/08/2025 11:04 AM,Amy Jones
A01-1237,G,Composite,,05/03/2025 12:00 AM,05/02/2025 12:00 AM,05/03/2025 12:00 AM,AJ,05/08/2025,,Pass,14.8,Routine Surveillance,Monongalia,StarCityWWTP-01,Sample,WWTP,05/08/2025 11:05 AM,Amy Jones
A01-1236,G,Composite,,05/01/2025 12:00 AM,04/30/2025 12:00 AM,05/01/2025 12:00 AM,AJ,05/08/2025,,Pass,10.3,Routine Surveillance,Monongalia,StarCityWWTP-01,Sample,WWTP,05/08/2025 11:05 AM,Amy Jones
A01-1238,G,Composite,,05/04/2025 12:00 AM,05/03/2025 12:00 AM,05/04/2025 12:00 AM,AJ,05/08/2025,,Pass,13.9,Routine Surveillance,Monongalia,StarCityWWTP-01,Sample,WWTP,05/08/2025 11:06 AM,Amy Jones
A01-1243,G,Composite,,05/10/2025 12:00 AM,05/09/2025 12:00 AM,05/10/2025 12:00 AM,AJ,05/15/2025,,Pass,9.6,Routine Surveillance,Monongalia,StarCityWWTP-01,Sample,WWTP,05/15/2025 09:58 AM,Amy Jones
A01-1244,G,Composite,,05/11/2025 12:00 AM,05/10/2025 12:00 AM,05/11/2025 12:00 AM,AJ,05/15/2025,,Pass,8.9,Routine Surveillance,Monongalia,StarCityWWTP-01,Sample,WWTP,05/15/2025 09:59 AM,Amy Jones
A01-1242,G,Composite,,05/08/2025 12:00 AM,05/07/2025 12:00 AM,05/08/2025 12:00 AM,AJ,05/15/2025,,Pass,12.7,Routine Surveillance,Monongalia,StarCityWWTP-01,Sample,WWTP,05/15/2025 10:01 AM,Amy Jones
A01-1245,G,Composite,,05/12/2025 12:00 AM,05/11/2025 12:00 AM,05/12/2025 12:00 AM,AJ,05/15/2025,,Pass,8.6,Routine Surveillance,Monongalia,StarCityWWTP-01,Sample,WWTP,05/15/2025 10:02 AM,Amy Jones
A01-1240,G,Composite,,05/06/2025 12:00 AM,05/05/2025 12:00 AM,05/06/2025 12:00 AM,AJ,05/15/2025,,Pass,12.4,Routine Surveillance,Monongalia,StarCityWWTP-01,Sample,WWTP,05/15/2025 10:02 AM,Amy Jones
A01-1241,G,Composite,,05/07/2025 12:00 AM,05/06/2025 12:00 AM,05/07/2025 12:00 AM,AJ,05/15/2025,,Pass,15.6,Routine Surveillance,Monongalia,StarCityWWTP-01,Sample,WWTP,05/15/2025 10:04 AM,Amy Jones
C01-0892,G,Composite,,05/06/2025 07:00 AM,05/05/2025 07:00 AM,05/06/2025 07:00 AM,AJ,05/15/2025,,Pass,7.24,Routine Surveillance,Ohio,WheelingWWTP-01,Sample,WWTP,05/15/2025 10:06 AM,Amy Jones
C01-0893,G,Composite,,05/07/2025 07:00 AM,05/06/2025 07:00 AM,05/07/2025 07:00 AM,AJ,05/15/2025,,Pass,7.14,Routine Surveillance,Ohio,WheelingWWTP-01,Sample,WWTP,05/15/2025 10:06 AM,Amy Jones
C01-0894,G,Composite,,05/08/2025 07:00 AM,05/07/2025 07:00 AM,05/08/2025 07:00 AM,AJ,05/15/2025,,Pass,7.32,Routine Surveillance,Ohio,WheelingWWTP-01,Sample,WWTP,05/15/2025 10:07 AM,Amy Jones
C01-0895,G,Composite,,05/09/2025 07:00 AM,05/08/2025 07:00 AM,05/09/2025 07:00 AM,AJ,05/15/2025,,Pass,7.69,Routine Surveillance,Ohio,WheelingWWTP-01,Sample,WWTP,05/15/2025 10:08 AM,Amy Jones
C01-0896,G,Composite,,05/12/2025 07:00 AM,05/11/2025 07:00 AM,05/12/2025 07:00 AM,AJ,05/15/2025,,Pass,7.06,Routine Surveillance,Ohio,WheelingWWTP-01,Sample,WWTP,05/15/2025 10:09 AM,Amy Jones
E01-0732,G,Composite,,05/01/2025 09:00 AM,04/30/2025 09:00 AM,05/01/2025 09:00 AM,AJ,05/15/2025,,Pass,3.194,Routine Surveillance,Mercer,PrincetonWWTP-01,Sample,WWTP,05/15/2025 10:10 AM,Amy Jones
E01-0733,G,Composite,,05/02/2025 09:00 AM,05/01/2025 09:00 AM,05/02/2025 09:00 AM,AJ,05/15/2025,,Pass,3.372,Routine Surveillance,Mercer,PrincetonWWTP-01,Sample,WWTP,05/15/2025 10:11 AM,Amy Jones
E01-0734,G,Composite,,05/06/2025 09:00 AM,05/05/2025 09:00 AM,05/06/2025 09:00 AM,AJ,05/15/2025,,Pass,5.647,Routine Surveillance,Mercer,PrincetonWWTP-01,Sample,WWTP,05/15/2025 10:12 AM,Amy Jones
H01-0982,G,Composite,,05/12/2025 08:00 AM,05/11/2025 08:00 AM,05/12/2025 08:00 AM,AJ,05/15/2025,,Pass,1.4,Routine Surveillance,Marshall,MoundsvilleWWTP-01,Sample,WWTP,05/15/2025 10:13 AM,Amy Jones
U01-0079,G,Composite,,05/10/2025 09:00 AM,05/09/2025 09:00 AM,05/10/2025 09:00 AM,AJ,05/15/2025,,Pass,0.231,Routine Surveillance,Fayette,WhiteOakWWTP-01,Sample,WWTP,05/15/2025 10:14 AM,Amy Jones
J01-0533,G,Composite,,05/12/2025 07:30 AM,05/11/2025 07:30 AM,05/12/2025 07:30 AM,AJ,05/15/2025,,Pass,0.183,Routine Surveillance,Preston,AlpineLakeWWTP-01,Sample,WWTP,05/15/2025 10:15 AM,Amy Jones
A04-0675,G,Composite,,05/12/2025 08:00 AM,05/11/2025 08:00 AM,05/12/2025 08:00 AM,AJ,05/15/2025,,Pass,0.687,Routine Surveillance,Monongalia,CheatLakeWWTP-01,Sample,WWTP,05/15/2025 10:16 AM,Amy Jones
R02-0533,G,Composite,,05/12/2025 08:00 AM,05/11/2025 08:00 AM,05/12/2025 08:00 AM,AJ,05/15/2025,,Pass,3.88,Routine Surveillance,Randolph,ElkinsWWTP-01,Sample,WWTP,05/15/2025 10:19 AM,Amy Jones
D01-0585,G,Composite,,05/13/2025 07:10 AM,05/12/2025 07:10 AM,05/13/2025 07:10 AM,AJ,05/15/2025,,Pass,1.23,Routine Surveillance,Jefferson,CharlesTownWWTP-01,Sample,WWTP,05/15/2025 10:20 AM,Amy Jones
T01-0306,G,Composite,,05/12/2025 07:20 AM,05/11/2025 07:20 AM,05/12/2025 07:20 AM,AJ,05/15/2025,,Pass,0.18,Routine Surveillance,Mason,PointPleasantWWTP-01,Sample,WWTP,05/15/2025 10:21 AM,Amy Jones
A01-1246,G,Composite,,05/13/2025 12:00 AM,05/12/2025 12:00 AM,05/13/2025 12:00 AM,AJ,05/15/2025,,Pass,14.2,Routine Surveillance,Monongalia,StarCityWWTP-01,Sample,WWTP,05/15/2025 11:31 AM,Amy Jones
Q01-0611,G,Composite,,05/05/2025 08:00 AM,05/04/2025 08:00 AM,05/05/2025 08:00 AM,AJ,05/15/2025,,Pass,0.421,Routine Surveillance,Boone,MadisonWWTP-01,Sample,WWTP,05/15/2025 11:32 AM,Amy Jones
G01-0638,G,Composite,,05/12/2025 08:00 AM,05/11/2025 09:00 AM,05/12/2025 08:00 AM,BB,05/15/2025,,Pass,1.302,Routine Surveillance,Mineral,KeyserWWTP-01,Sample,WWTP,05/15/2025 11:35 AM,Amy Jones
K01-0525,G,Composite,,05/13/2025 06:20 AM,05/12/2025 06:27 AM,05/13/2025 06:20 AM,EM,05/15/2025,,Pass,5.324,Routine Surveillance,Wood,ParkersburgWWTP-01,Sample,WWTP,05/15/2025 11:37 AM,Amy Jones
F01-0128,G,Composite,,05/12/2025 07:00 AM,05/11/2025 07:00 AM,05/12/2025 07:00 AM,ID,05/15/2025,,Pass,,Routine Surveillance,Lewis,WestonWWTP-01,Sample,WWTP,05/15/2025 11:43 AM,Amy Jones
Q01-0612,G,Composite,,05/12/2025 08:00 AM,05/11/2025 08:00 AM,05/12/2025 08:00 AM,AJ,05/15/2025,,Pass,0.341,Routine Surveillance,Boone,MadisonWWTP-01,Sample,WWTP,05/15/2025 11:45 AM,Amy Jones
C01-0956,G,Composite,,08/05/2025 08:00 AM,08/04/2025 08:00 AM,08/05/2025 08:00 AM,AJ,08/14/2025,,Pass,5.25,Routine Surveillance,Ohio,WheelingWWTP-01,Sample,WWTP,08/14/2025 10:36 AM,Amy Jones
C01-0957,G,Composite,,08/06/2025 08:00 AM,08/05/2025 08:00 AM,08/06/2025 08:00 AM,AJ,08/14/2025,,Pass,5.31,Routine Surveillance,Ohio,WheelingWWTP-01,Sample,WWTP,08/14/2025 10:37 AM,Amy Jones
C01-0958,G,Composite,,08/06/2025 08:00 AM,08/05/2025 08:00 AM,08/06/2025 08:00 AM,AJ,08/14/2025,,Pass,5.31,Routine Surveillance,Ohio,WheelingWWTP-01,Sample,WWTP,08/14/2025 10:38 AM,Amy Jones
C01-0959,G,Composite,,08/08/2025 08:00 AM,08/07/2025 08:00 AM,08/08/2025 08:00 AM,AJ,08/14/2025,,Pass,5.55,Routine Surveillance,Ohio,WheelingWWTP-01,Sample,WWTP,08/14/2025 10:39 AM,Amy Jones
C01-0960,G,Composite,,08/11/2025 08:00 AM,08/10/2025 08:00 AM,08/11/2025 08:00 AM,AJ,08/14/2025,,Pass,4.92,Routine Surveillance,Ohio,WheelingWWTP-01,Sample,WWTP,08/14/2025 10:39 AM,Amy Jones
T01-0413,G,Composite,,08/11/2025 07:00 AM,08/10/2025 07:00 AM,08/11/2025 07:00 AM,AJ,08/14/2025,,Pass,0.18,Routine Surveillance,Mason,PointPleasantWWTP-01,Sample,WWTP,08/14/2025 10:40 AM,Amy Jones
H01-0994,G,Composite,,08/11/2025 08:00 AM,08/10/2025 08:00 AM,08/11/2025 08:00 AM,AJ,08/14/2025,,Pass,1.1,,Marshall,MoundsvilleWWTP-01,Sample,WWTP,08/14/2025 10:41 AM,Amy Jones
A04-0694,G,Composite,,08/12/2025 08:00 AM,08/11/2025 08:00 AM,08/12/2025 08:00 AM,AJ,08/14/2025,,Pass,0.524,Routine Surveillance,Monongalia,CheatLakeWWTP-01,Sample,WWTP,08/14/2025 10:42 AM,Amy Jones
M03-0527,G,Composite,,08/11/2025 08:00 AM,08/10/2025 08:00 AM,08/11/2025 08:00 AM,AJ,08/14/2025,,Pass,0.125,Routine Surveillance,Marion,ManningtonWWTP-01,Sample,WWTP,08/14/2025 10:43 AM,Amy Jones
P01-0192,G,Composite,,08/11/2025 07:00 AM,08/10/2025 07:00 AM,08/11/2025 07:00 AM,AJ,08/14/2025,,Pass,0.173,Routine Surveillance,Pleasants,StMarysWWTP-01,Sample,WWTP,08/14/2025 10:44 AM,Amy Jones
L01-0642,G,Composite,,08/11/2025 08:00 AM,08/10/2025 08:00 AM,08/11/2025 08:00 AM,AJ,08/14/2025,,Pass,0.164,Routine Surveillance,Doddridge,WestUnionWWTP-01,Sample,WWTP,08/14/2025 10:46 AM,Amy Jones
F01-0143,G,Composite,,08/05/2025 07:00 AM,08/04/2025 07:00 AM,08/05/2025 07:00 AM,AJ,08/14/2025,,Pass,1.2,Routine Surveillance,Lewis,WestonWWTP-01,Sample,WWTP,08/14/2025 10:47 AM,Amy Jones
R02-0542,G,Composite,,08/11/2025 08:00 AM,08/10/2025 08:00 AM,08/11/2025 08:00 AM,AJ,08/14/2025,,Pass,1.86,Routine Surveillance,Randolph,ElkinsWWTP-01,Sample,WWTP,08/14/2025 10:48 AM,Amy Jones
A01-1322,G,Composite,,08/09/2025 12:00 AM,08/08/2025 12:00 AM,08/09/2025 12:00 AM,AJ,08/14/2025,,Pass,7.0,Routine Surveillance,Monongalia,StarCityWWTP-01,Sample,WWTP,08/14/2025 10:49 AM,Amy Jones
A01-1323,G,Composite,,08/10/2025 12:00 AM,08/09/2025 12:00 AM,08/10/2025 12:00 AM,AJ,08/14/2025,,Pass,7.3,Routine Surveillance,Monongalia,StarCityWWTP-01,Sample,WWTP,08/14/2025 10:50 AM,Amy Jones
A01-1325,G,Composite,,08/12/2025 12:00 AM,08/11/2025 12:00 AM,08/12/2025 12:00 AM,AJ,08/14/2025,,Pass,7.5,Routine Surveillance,Monongalia,StarCityWWTP-01,Sample,WWTP,08/14/2025 10:50 AM,Amy Jones
A01-1321,G,Composite,,08/07/2025 12:00 AM,08/06/2025 12:00 AM,08/07/2025 12:00 AM,AJ,08/14/2025,,Pass,7.9,Routine Surveillance,Monongalia,StarCityWWTP-01,Sample,WWTP,08/14/2025 10:51 AM,Amy Jones
A01-1324,G,Composite,,08/11/2025 12:00 AM,08/10/2025 12:00 AM,08/11/2025 12:00 AM,AJ,08/14/2025,,Pass,7.3,Routine Surveillance,Monongalia,StarCityWWTP-01,Sample,WWTP,08/14/2025 10:51 AM,Amy Jones
A01-1320,G,Composite,,08/06/2025 12:00 AM,08/05/2025 12:00 AM,08/06/2025 12:00 AM,AJ,08/14/2025,,Pass,7.9,Routine Surveillance,Monongalia,StarCityWWTP-01,Sample,WWTP,08/14/2025 10:52 AM,Amy Jones
N02-0548,G,Composite,,08/11/2025 07:00 AM,08/10/2025 07:00 AM,08/11/2025 07:00 AM,AJ,08/14/2025,,Pass,6.13,Routine Surveillance,Harrison,ClarksburgWWTP-01,Sample,WWTP,08/14/2025 10:53 AM,Amy Jones
K01-0538,G,Composite,,08/12/2025 06:17 AM,08/11/2025 06:29 AM,08/12/2025 06:17 AM,AJ,08/14/2025,LEFT IN OFFICE OVERNIGHT,Pass,4.154,Routine Surveillance,Wood,ParkersburgWWTP-01,Sample,WWTP,08/14/2025 10:58 AM,Amy Jones
D01-0594,G,Composite,,08/12/2025 06:50 AM,08/11/2025 06:45 AM,08/12/2025 06:45 AM,AJ,08/14/2025,LEFT IN OFFICE OVERNIGHT,Pass,1.20,Routine Surveillance,Jefferson,CharlesTownWWTP-01,Sample,WWTP,08/14/2025 10:59 AM,Amy Jones
J01-0546,G,Composite,,08/11/2025 07:30 AM,08/10/2025 07:30 AM,08/11/2025 07:30 AM,AJ,08/14/2025,LEFT IN OFFICE OVERNIGHT,Pass,0.053,Routine Surveillance,Preston,AlpineLakeWWTP-01,Sample,WWTP,08/14/2025 11:01 AM,Amy Jones
Q01-0625,G,Composite,,08/11/2025 08:00 AM,08/10/2025 08:00 AM,08/11/2025 08:00 AM,AJ,08/14/2025,LEFT IN OFFICE OVERNIGHT,Pass,0.229,Routine Surveillance,Boone,MadisonWWTP-01,Sample,WWTP,08/14/2025 11:07 AM,Amy Jones
U01-0164,G,Composite,,08/11/2025 09:40 AM,08/10/2025 09:40 AM,08/11/2025 09:40 AM,AJ,08/14/2025,LEFT IN OFFICE OVERNIGHT,Pass,0.147,Routine Surveillance,Fayette,WhiteOakWWTP-01,Sample,WWTP,08/14/2025 11:08 AM,Amy Jones
C01-0961,G,Composite,,08/12/2025 08:00 AM,08/11/2025 08:00 AM,08/12/2025 08:00 AM,AJ,08/21/2025,,Pass,5.21,Routine Surveillance,Ohio,WheelingWWTP-01,Sample,WWTP,08/21/2025 09:48 AM,Amy Jones
C01-0962,G,Composite,,08/13/2025 08:00 AM,08/12/2025 08:00 AM,08/13/2025 08:00 AM,AJ,08/21/2025,,Pass,5.13,Routine Surveillance,Ohio,WheelingWWTP-01,Sample,WWTP,08/21/2025 09:48 AM,Amy Jones
C01-0963,G,Composite,,08/14/2025 08:00 AM,08/13/2025 08:00 AM,08/14/2025 08:00 AM,AJ,08/21/2025,,Pass,6.07,Routine Surveillance,Ohio,WheelingWWTP-01,Sample,WWTP,08/21/2025 09:49 AM,Amy Jones
C01-0964,G,Composite,,08/15/2025 08:00 AM,08/14/2025 08:00 AM,08/15/2025 08:00 AM,AJ,08/21/2025,,Pass,5.12,Routine Surveillance,Ohio,WheelingWWTP-01,Sample,WWTP,08/21/2025 09:50 AM,Amy Jones
C01-0965,G,Composite,,08/18/2025 08:00 AM,08/17/2025 08:00 AM,08/18/2025 08:00 AM,AJ,08/21/2025,,Pass,4.97,Routine Surveillance,Ohio,WheelingWWTP-01,Sample,WWTP,08/21/2025 09:51 AM,Amy Jones
G01-0646,G,Composite,,08/18/2025 09:00 AM,08/17/2025 09:00 AM,08/18/2025 09:00 AM,AJ,08/21/2025,,Pass,,Routine Surveillance,Mineral,KeyserWWTP-01,Sample,WWTP,08/21/2025 09:52 AM,Amy Jones
R02-0555,G,Composite,,08/18/2025 08:00 AM,08/17/2025 08:00 AM,08/18/2025 08:00 AM,AJ,08/21/2025,,Pass,1.67,Routine Surveillance,Randolph,ElkinsWWTP-01,Sample,WWTP,08/21/2025 09:53 AM,Amy Jones
J01-0547,G,Composite,,08/18/2025 07:30 AM,08/17/2025 07:30 AM,08/18/2025 07:30 AM,AJ,08/21/2025,,Pass,0.103,Routine Surveillance,Preston,AlpineLakeWWTP-01,Sample,WWTP,08/21/2025 09:54 AM,Amy Jones
H01-0995,G,Composite,,08/18/2025 08:00 AM,08/17/2025 08:00 AM,08/18/2025 08:00 AM,AJ,08/21/2025,,Pass,1.2,Routine Surveillance,Marshall,MoundsvilleWWTP-01,Sample,WWTP,08/21/2025 09:55 AM,Amy Jones
T01-0414,G,Composite,,08/18/2025 07:00 AM,08/17/2025 07:00 AM,08/18/2025 07:00 AM,AJ,08/21/2025,,Pass,0.23,Routine Surveillance,Mason,PointPleasantWWTP-01,Sample,WWTP,08/21/2025 09:56 AM,Amy Jones
Q01-0626,G,Composite,,08/18/2025 08:00 AM,08/17/2025 08:00 AM,08/18/2025 08:00 AM,AJ,08/21/2025,,Pass,0.320,Routine Surveillance,Boone,MadisonWWTP-01,Sample,WWTP,08/21/2025 09:57 AM,Amy Jones
O01-0557,G,Composite,,08/18/2025 08:00 AM,08/17/2025 08:00 AM,08/18/2025 08:00 AM,AJ,08/21/2025,,Pass,0.96,Routine Surveillance,Taylor,GraftonWWTP-01,Sample,WWTP,08/21/2025 09:58 AM,Amy Jones
O01-0555,G,Composite,,08/11/2025 08:00 AM,08/10/2025 08:00 AM,08/11/2025 08:00 AM,AJ,08/21/2025,,Pass,0.85,Routine Surveillance,Taylor,GraftonWWTP-01,Sample,WWTP,08/21/2025 09:58 AM,Amy Jones
P01-0194,G,Composite,,08/18/2025 07:00 AM,08/17/2025 08:00 AM,08/18/2025 08:00 AM,AJ,08/21/2025,,Pass,0.185,Routine Surveillance,Pleasants,StMarysWWTP-01,Sample,WWTP,08/21/2025 09:59 AM,Amy Jones
N02-0591,G,Composite,,08/18/2025 07:00 AM,08/17/2025 07:00 AM,08/18/2025 07:00 AM,AJ,08/21/2025,,Pass,6.32,Routine Surveillance,Harrison,ClarksburgWWTP-01,Sample,WWTP,08/21/2025 10:00 AM,Amy Jones
M03-0520,G,Composite,,08/18/2025 08:00 AM,08/17/2025 08:00 AM,08/18/2025 08:00 AM,AJ,08/21/2025,,Pass,0.155,Routine Surveillance,Marion,ManningtonWWTP-01,Sample,WWTP,08/21/2025 10:02 AM,Amy Jones
M04-0421,G,Composite,,08/18/2025 08:00 AM,08/17/2025 08:00 AM,08/18/2025 08:00 AM,AJ,08/21/2025,,Pass,0.096,Routine Surveillance,Marion,FarmingtonWWTP-01,Sample,WWTP,08/21/2025 10:02 AM,Amy Jones
A04-0688,G,Composite,,08/19/2025 08:00 AM,08/18/2025 08:00 AM,08/19/2025 08:00 AM,AJ,08/21/2025,,Pass,0.593,Routine Surveillance,Monongalia,CheatLakeWWTP-01,Sample,WWTP,08/21/2025 10:03 AM,Amy Jones
U01-0160,G,Composite,,08/19/2025 08:45 AM,08/18/2025 08:45 AM,08/19/2025 08:45 AM,AJ,08/21/2025,,Pass,0.1,Routine Surveillance,Fayette,WhiteOakWWTP-01,Sample,WWTP,08/21/2025 10:05 AM,Amy Jones
D01-0614,G,Composite,,08/19/2025 07:00 AM,08/18/2025 07:00 AM,08/19/2025 07:00 AM,AJ,08/21/2025,,Pass,1.10,Routine Surveillance,Jefferson,CharlesTownWWTP-01,Sample,WWTP,08/21/2025 10:06 AM,Amy Jones
K01-0459,G,Composite,,08/19/2025 06:20 AM,08/18/2025 06:20 AM,08/19/2025 06:20 AM,AJ,08/21/2025,,Pass,4.362,Routine Surveillance,Wood,ParkersburgWWTP-01,Sample,WWTP,08/21/2025 10:07 AM,Amy Jones
A01-1328,G,Composite,,08/16/2025 12:00 AM,08/15/2025 12:00 AM,08/16/2025 12:00 AM,AJ,08/21/2025,,Pass,8.5,Routine Surveillance,Monongalia,StarCityWWTP-01,Sample,WWTP,08/21/2025 10:08 AM,Amy Jones
A01-1329,G,Composite,,08/17/2025 12:00 AM,08/16/2025 12:00 AM,08/17/2025 12:00 AM,AJ,08/21/2025,,Pass,9.8,Routine Surveillance,Monongalia,StarCityWWTP-01,Sample,WWTP,08/21/2025 10:09 AM,Amy Jones
A01-1330,G,Composite,,08/18/2025 12:00 AM,08/17/2025 12:00 AM,08/18/2025 12:00 AM,AJ,08/21/2025,,Pass,8.6,Routine Surveillance,Monongalia,StarCityWWTP-01,Sample,WWTP,08/21/2025 10:10 AM,Amy Jones
A01-1326,G,Composite,,08/13/2025 12:00 AM,08/12/2025 12:00 AM,08/13/2025 12:00 AM,AJ,08/21/2025,,Pass,12.7,Routine Surveillance,Monongalia,StarCityWWTP-01,Sample,WWTP,08/21/2025 10:10 AM,Amy Jones
A01-1327,G,Composite,,08/14/2025 12:00 AM,08/13/2025 12:00 AM,08/14/2025 12:00 AM,AJ,08/21/2025,,Pass,10.9,Routine Surveillance,Monongalia,StarCityWWTP-01,Sample,WWTP,08/21/2025 10:11 AM,Amy Jones
A01-1331,G,Composite,,08/19/2025 12:00 AM,08/18/2025 12:00 AM,08/19/2025 12:00 AM,AJ,08/21/2025,,Pass,8.3,Routine Surveillance,Monongalia,StarCityWWTP-01,Sample,WWTP,08/21/2025 10:12 AM,Amy Jones
U01-0151,G,Composite,,08/25/2025 09:00 AM,08/24/2025 09:00 AM,08/25/2025 09:00 AM,AJ,08/28/2025,,Pass,0.169,Routine Surveillance,Fayette,WhiteOakWWTP-01,Sample,WWTP,08/28/2025 10:51 AM,Amy Jones
H01-0996,G,Composite,,08/25/2025 08:00 AM,08/24/2025 08:00 AM,08/25/2025 08:00 AM,AJ,08/28/2025,,Pass,1.0,Routine Surveillance,Marshall,MoundsvilleWWTP-01,Sample,WWTP,08/28/2025 10:52 AM,Amy Jones
C01-0967,G,Composite,,08/20/2025 08:00 AM,08/19/2025 08:00 AM,08/20/2025 08:00 AM,AJ,08/28/2025,,Pass,4.89,Routine Surveillance,Ohio,WheelingWWTP-01,Sample,WWTP,08/28/2025 10:53 AM,Amy Jones
C01-0966,G,Composite,,08/19/2025 08:00 AM,08/18/2025 08:00 AM,08/19/2025 08:00 AM,AJ,08/28/2025,,Pass,5.15,Routine Surveillance,Ohio,WheelingWWTP-01,Sample,WWTP,08/28/2025 10:54 AM,Amy Jones
C01-0970,G,Composite,,08/22/2025 08:00 AM,08/21/2025 08:00 AM,08/22/2025 08:00 AM,AJ,08/28/2025,,Pass,5.03,Routine Surveillance,Ohio,WheelingWWTP-01,Sample,WWTP,08/28/2025 10:55 AM,Amy Jones
C01-0968,G,Composite,,08/21/2025 08:00 AM,08/20/2025 08:00 AM,08/21/2025 08:00 AM,AJ,08/28/2025,,Pass,5.65,Routine Surveillance,Ohio,WheelingWWTP-01,Sample,WWTP,08/28/2025 10:56 AM,Amy Jones
C01-0971,G,Composite,,08/26/2025 08:00 AM,08/25/2025 08:00 AM,08/26/2025 08:00 AM,AJ,08/28/2025,,Pass,4.89,Routine Surveillance,Ohio,WheelingWWTP-01,Sample,WWTP,08/28/2025 10:57 AM,Amy Jones
R02-0524,G,Composite,,08/25/2025 08:00 AM,08/24/2025 08:00 AM,08/25/2025 08:00 AM,AJ,08/28/2025,,Pass,1.76,Routine Surveillance,Randolph,ElkinsWWTP-01,Sample,WWTP,08/28/2025 10:58 AM,Amy Jones
F01-0140,G,Composite,,08/19/2025 07:00 AM,08/18/2025 07:00 AM,08/19/2025 07:00 AM,AJ,08/28/2025,,Pass,1.5,Routine Surveillance,Lewis,WestonWWTP-01,Sample,WWTP,08/28/2025 10:59 AM,Amy Jones
T01-0412,G,Composite,,08/25/2025 12:00 PM,08/24/2025 12:00 PM,08/25/2025 12:00 PM,AJ,08/28/2025,,Pass,0.30,Routine Surveillance,Mason,PointPleasantWWTP-01,Sample,WWTP,08/28/2025 11:00 AM,Amy Jones
J01-0548,G,Composite,,08/25/2025 07:30 AM,08/24/2025 07:30 AM,08/25/2025 07:30 AM,AJ,08/28/2025,,Pass,0.052,Routine Surveillance,Preston,AlpineLakeWWTP-01,Sample,WWTP,08/28/2025 11:01 AM,Amy Jones
D01-0601,G,Composite,,08/26/2025 07:00 AM,08/25/2025 07:00 AM,08/26/2025 07:00 AM,AJ,08/28/2025,,Pass,1.24,Routine Surveillance,Jefferson,CharlesTownWWTP-01,Sample,WWTP,08/28/2025 11:02 AM,Amy Jones
F01-0141,G,Composite,,08/25/2025 07:00 AM,08/24/2025 07:00 AM,08/25/2025 07:00 AM,AJ,08/28/2025,,Pass,1.9,Routine Surveillance,Lewis,WestonWWTP-01,Sample,WWTP,08/28/2025 11:03 AM,Amy Jones
N02-0606,G,Composite,,08/25/2025 07:00 AM,08/24/2025 07:00 AM,08/25/2025 07:00 AM,AJ,08/28/2025,,Pass,8.73,Routine Surveillance,Harrison,ClarksburgWWTP-01,Sample,WWTP,08/28/2025 11:04 AM,Amy Jones
M03-0524,G,Composite,,08/25/2025 08:00 AM,08/24/2025 08:00 AM,08/25/2025 08:00 AM,AJ,08/28/2025,,Pass,0.151,Routine Surveillance,Marion,ManningtonWWTP-01,Sample,WWTP,08/28/2025 11:05 AM,Amy Jones
M04-0415,G,Composite,,08/25/2025 07:00 AM,08/24/2025 07:00 AM,08/25/2025 07:00 AM,AJ,08/28/2025,,Pass,0.071,Routine Surveillance,Marion,FarmingtonWWTP-01,Sample,WWTP,08/28/2025 11:05 AM,Amy Jones
P01-0196,G,Composite,,08/25/2025 07:00 AM,08/24/2025 07:00 AM,08/25/2025 07:00 AM,AJ,08/28/2025,,Pass,0.183,Routine Surveillance,Pleasants,StMarysWWTP-01,Sample,WWTP,08/28/2025 11:07 AM,Amy Jones
A04-0678,G,Composite,,08/26/2025 08:00 AM,08/25/2025 08:00 AM,08/26/2025 08:00 AM,AJ,08/28/2025,,Pass,0.527,Routine Surveillance,Monongalia,CheatLakeWWTP-01,Sample,WWTP,08/28/2025 11:08 AM,Amy Jones
L01-0649,G,Composite,,08/25/2025 07:00 AM,08/24/2025 07:00 AM,08/25/2025 07:00 AM,AJ,08/28/2025,,Pass,0.156,Routine Surveillance,Doddridge,WestUnionWWTP-01,Sample,WWTP,08/28/2025 11:09 AM,Amy Jones
K01-0554,G,Composite,,08/26/2025 06:30 AM,08/25/2025 06:30 AM,08/26/2025 06:30 AM,AJ,08/28/2025,,Pass,3.950,Routine Surveillance,Wood,ParkersburgWWTP-01,Sample,WWTP,08/28/2025 11:10 AM,Amy Jones
G01-0647,G,Composite,,08/25/2025 08:00 AM,08/24/2025 08:00 AM,08/25/2025 08:00 AM,AJ,08/28/2025,,Fail: Missing Required Data,,Routine Surveillance,Mineral,KeyserWWTP-01,Sample,WWTP,08/28/2025 11:11 AM,Amy Jones
A01-1336,G,Composite,,08/25/2025 12:00 AM,08/24/2025 12:00 AM,08/25/2025 12:00 AM,AJ,08/28/2025,,Pass,8.9,Routine Surveillance,Monongalia,StarCityWWTP-01,Sample,WWTP,08/28/2025 11:17 AM,Amy Jones
A01-1340,G,Composite,,08/26/2025 12:00 AM,08/25/2025 12:00 AM,08/26/2025 12:00 AM,AJ,08/28/2025,,Pass,8.1,Routine Surveillance,Monongalia,StarCityWWTP-01,Sample,WWTP,08/28/2025 11:17 AM,Amy Jones
A01-1334,G,Composite,,08/23/2025 12:00 AM,08/22/2025 12:00 AM,08/23/2025 12:00 AM,AJ,08/28/2025,,Pass,7.6,Routine Surveillance,Monongalia,StarCityWWTP-01,Sample,WWTP,08/28/2025 11:18 AM,Amy Jones
A01-1335,G,Composite,,08/24/2025 12:00 AM,08/23/2025 12:00 AM,08/24/2025 12:00 AM,AJ,08/28/2025,,Pass,8.4,Routine Surveillance,Monongalia,StarCityWWTP-01,Sample,WWTP,08/28/2025 11:19 AM,Amy Jones
A01-1332,G,Composite,,08/20/2025 12:00 AM,08/19/2025 12:00 AM,08/20/2025 12:00 AM,AJ,08/28/2025,,Pass,8.3,Routine Surveillance,Monongalia,StarCityWWTP-01,Sample,WWTP,08/28/2025 11:19 AM,Amy Jones
A01-1333,G,Composite,,08/21/2025 12:00 AM,08/20/2025 12:00 AM,08/21/2025 12:00 AM,AJ,08/28/2025,,Pass,10.1,Routine Surveillance,Monongalia,StarCityWWTP-01,Sample,WWTP,08/28/2025 11:20 AM,Amy Jones
C01-0976,G,Composite,,08/26/2025 08:00 AM,08/25/2025 08:00 AM,08/26/2025 08:00 AM,AJ,09/04/2025,,Pass,6.2,Routine Surveillance,Ohio,WheelingWWTP-01,Sample,WWTP,09/04/2025 09:44 AM,Amy Jones
C01-0977,G,Composite,,08/27/2025 08:00 AM,08/26/2025 08:00 AM,08/27/2025 08:00 AM,AJ,09/04/2025,,Pass,6.8,Routine Surveillance,Ohio,WheelingWWTP-01,Sample,WWTP,09/04/2025 09:45 AM,Amy Jones
C01-0978,G,Composite,,08/28/2025 08:00 AM,08/27/2025 08:00 AM,08/28/2025 08:00 AM,AJ,09/04/2025,,Pass,5.8,Routine Surveillance,Ohio,WheelingWWTP-01,Sample,WWTP,09/04/2025 09:46 AM,Amy Jones
C01-0979,G,Composite,,08/29/2025 08:00 AM,08/28/2025 08:00 AM,08/29/2025 08:00 AM,AJ,09/04/2025,,Pass,5.9,Routine Surveillance,Ohio,WheelingWWTP-01,Sample,WWTP,09/04/2025 09:47 AM,Amy Jones
C01-0980,G,Composite,,09/02/2025 08:00 AM,09/01/2025 08:00 AM,09/02/2025 08:00 AM,AJ,09/04/2025,,Pass,5.4,Routine Surveillance,Ohio,WheelingWWTP-01,Sample,WWTP,09/04/2025 09:47 AM,Amy Jones
R02-0559,G,Composite,,09/02/2025 08:00 AM,09/01/2025 08:00 AM,09/02/2025 08:00 AM,AJ,09/04/2025,,Pass,1.57,Routine Surveillance,Randolph,ElkinsWWTP-01,Sample,WWTP,09/04/2025 09:48 AM,Amy Jones
K01-0558,G,Composite,,09/02/2025 06:20 AM,09/01/2025 06:20 AM,09/02/2025 06:20 AM,AJ,09/04/2025,,Pass,3.751,Routine Surveillance,Wood,ParkersburgWWTP-01,Sample,WWTP,09/04/2025 09:49 AM,Amy Jones
U01-0159,G,Composite,,09/02/2025 08:00 AM,09/01/2025 08:00 AM,09/02/2025 08:00 AM,AJ,09/04/2025,,Pass,0.123,Routine Surveillance,Monongalia,CheatLakeWWTP-01,Sample,WWTP,09/04/2025 09:50 AM,Amy Jones
J01-0549,G,Composite,,09/02/2025 07:30 AM,09/01/2025 07:30 AM,09/02/2025 07:20 AM,AJ,09/04/2025,,Pass,0.052,Routine Surveillance,Preston,AlpineLakeWWTP-01,Sample,WWTP,09/04/2025 09:51 AM,Amy Jones
H01-0997,G,Composite,,09/02/2025 08:00 AM,09/01/2025 08:00 AM,09/02/2025 08:00 AM,AJ,09/04/2025,,Pass,1.0,Routine Surveillance,Marshall,MoundsvilleWWTP-01,Sample,WWTP,09/04/2025 09:52 AM,Amy Jones
Q01-0627,G,Composite,,08/25/2025 08:00 AM,08/24/2025 08:00 AM,08/25/2025 08:00 AM,AJ,09/04/2025,,Pass,0.276,Routine Surveillance,Boone,MadisonWWTP-01,Sample,WWTP,09/04/2025 09:53 AM,Amy Jones
G01-0648,G,Composite,,09/01/2025 08:30 AM,08/31/2025 08:00 AM,09/01/2025 08:00 AM,AJ,09/04/2025,,Pass,0.576,Routine Surveillance,Mineral,KeyserWWTP-01,Sample,WWTP,09/04/2025 09:56 AM,Amy Jones
D01-0613,G,Composite,,09/02/2025 07:05 AM,09/01/2025 07:05 AM,09/02/2025 07:05 AM,AJ,09/04/2025,,Pass,1.20,Routine Surveillance,Jefferson,CharlesTownWWTP-01,Sample,WWTP,09/04/2025 09:58 AM,Amy Jones
T01-0320,G,Composite,,09/02/2025 07:00 AM,09/01/2025 07:00 AM,09/02/2025 07:00 AM,AJ,09/04/2025,,Pass,0.8,Routine Surveillance,Mason,PointPleasantWWTP-01,Sample,WWTP,09/04/2025 10:00 AM,Amy Jones
M03-0523,G,Composite,,09/02/2025 08:00 AM,09/01/2025 08:00 AM,09/02/2025 08:00 AM,AJ,09/04/2025,,Pass,0.135,Routine Surveillance,Marion,ManningtonWWTP-01,Sample,WWTP,09/04/2025 10:01 AM,Amy Jones
L01-0641,G,Composite,,09/01/2025 07:00 AM,08/31/2025 07:00 AM,09/01/2025 07:00 AM,AJ,09/04/2025,,Fail: Missing Required Data,,Routine Surveillance,Doddridge,WestUnionWWTP-01,Sample,WWTP,09/04/2025 10:02 AM,Amy Jones
N02-0600,G,Composite,,09/02/2025 07:00 AM,09/01/2025 07:00 AM,09/02/2025 07:00 AM,AJ,09/04/2025,,Pass,6.02,Routine Surveillance,Harrison,ClarksburgWWTP-01,Sample,WWTP,09/04/2025 10:03 AM,Amy Jones
P01-0193,G,Composite,,09/01/2025 07:00 AM,08/31/2025 07:00 AM,09/01/2025 07:00 AM,AJ,09/04/2025,,Pass,0.174,Routine Surveillance,Pleasants,StMarysWWTP-01,Sample,WWTP,09/04/2025 10:04 AM,Amy Jones
A04-0563,G,Composite,,09/02/2025 08:00 AM,09/01/2025 08:00 AM,09/02/2025 08:00 AM,AJ,09/04/2025,,Pass,0.552,Routine Surveillance,Monongalia,CheatLakeWWTP-01,Sample,WWTP,09/04/2025 10:05 AM,Amy Jones
A01-1341,G,Composite,,08/27/2025 12:00 AM,08/26/2025 12:00 AM,08/27/2025 12:00 AM,AJ,09/04/2025,,Pass,7.5,Routine Surveillance,Monongalia,StarCityWWTP-01,Sample,WWTP,09/04/2025 10:09 AM,Amy Jones
A01-1345,G,Composite,,09/01/2025 12:00 AM,08/31/2025 12:00 AM,09/01/2025 12:00 AM,AJ,09/04/2025,,Pass,7.0,Routine Surveillance,Monongalia,StarCityWWTP-01,Sample,WWTP,09/04/2025 10:09 AM,Amy Jones
A01-1343,G,Composite,,09/02/2025 12:00 AM,09/01/2025 12:00 AM,09/02/2025 12:00 AM,AJ,09/04/2025,,Pass,7.3,Routine Surveillance,Monongalia,StarCityWWTP-01,Sample,WWTP,09/04/2025 10:10 AM,Amy Jones
A01-1342,G,Composite,,08/28/2025 12:00 AM,08/27/2025 12:00 AM,08/28/2025 12:00 AM,AJ,09/04/2025,,Pass,7.1,Routine Surveillance,Monongalia,StarCityWWTP-01,Sample,WWTP,09/04/2025 10:11 AM,Amy Jones
C01-0823,G,Composite,,12/12/2024 07:00 AM,12/11/2024 07:00 AM,12/12/2024 07:00 AM,AJ,12/18/2024,,Pass,2.98,Routine Surveillance,Ohio,WheelingWWTP-01,Sample,WWTP,12/18/2024 11:09 AM,Amy Jones
C01-0824,G,Composite,,12/13/2024 07:00 AM,12/12/2024 07:00 AM,12/13/2024 07:00 AM,AJ,12/18/2024,,Pass,2.90,Routine Surveillance,Ohio,WheelingWWTP-01,Sample,WWTP,12/18/2024 11:10 AM,Amy Jones
C01-0821,G,Composite,,12/10/2024 07:00 AM,12/09/2024 07:00 AM,12/10/2024 07:00 AM,AJ,12/18/2024,,Pass,2.97,Routine Surveillance,Ohio,WheelingWWTP-01,Sample,WWTP,12/18/2024 11:11 AM,Amy Jones
C01-0825,G,Composite,,12/16/2024 07:00 AM,12/15/2024 07:00 AM,12/16/2024 07:00 AM,AJ,12/18/2024,,Pass,2.96,Routine Surveillance,Ohio,WheelingWWTP-01,Sample,WWTP,12/18/2024 11:12 AM,Amy Jones
C01-0822,G,Composite,,12/11/2024 07:00 AM,12/10/2024 07:00 AM,12/11/2024 07:00 AM,AJ,12/18/2024,,Pass,2.98,Routine Surveillance,Ohio,WheelingWWTP-01,Sample,WWTP,12/18/2024 11:12 AM,Amy Jones
D01-0558,G,Composite,,12/17/2024 07:00 AM,12/16/2024 07:00 AM,12/17/2024 07:00 AM,AJ,12/18/2024,,Pass,1.33,Routine Surveillance,Jefferson,CharlesTownWWTP-01,Sample,WWTP,12/18/2024 11:14 AM,Amy Jones
U01-0134,G,Composite,,12/16/2024 09:00 AM,12/15/2024 09:00 AM,12/16/2024 09:00 AM,AJ,12/18/2024,,Pass,0.305,Routine Surveillance,Fayette,WhiteOakWWTP-01,Sample,WWTP,12/18/2024 11:15 AM,Amy Jones
T01-0385,G,Composite,,12/17/2024 07:00 AM,12/16/2024 07:00 AM,12/17/2024 07:00 AM,AJ,12/18/2024,,Pass,0.30,Routine Surveillance,Mason,PointPleasantWWTP-01,Sample,WWTP,12/18/2024 11:17 AM,Amy Jones
A04-0633,G,Composite,,12/09/2024 08:00 AM,12/08/2024 08:00 AM,12/09/2024 08:00 AM,AJ,12/18/2024,,Pass,0.577,Routine Surveillance,Monongalia,CheatLakeWWTP-01,Sample,WWTP,12/18/2024 11:17 AM,Amy Jones
J01-0512,G,Composite,,12/16/2024 07:30 AM,12/15/2024 07:30 AM,12/16/2024 07:30 AM,AJ,12/18/2024,,Pass,0.307,Routine Surveillance,Preston,AlpineLakeWWTP-01,Sample,WWTP,12/18/2024 11:18 AM,Amy Jones
R02-0509,G,Composite,,12/16/2024 08:00 AM,12/15/2024 08:00 AM,12/16/2024 08:00 AM,AJ,12/18/2024,,Pass,1.99,Routine Surveillance,Randolph,ElkinsWWTP-01,Sample,WWTP,12/18/2024 11:19 AM,Amy Jones
K01-0506,G,Composite,,12/17/2024 06:30 AM,12/16/2024 06:30 AM,12/17/2024 06:30 AM,AJ,12/18/2024,,Pass,7.642,Routine Surveillance,Wood,ParkersburgWWTP-01,Sample,WWTP,12/18/2024 11:20 AM,Amy Jones
A04-0635,G,Composite,,12/16/2024 08:00 AM,12/15/2024 08:00 AM,12/16/2024 08:00 AM,AJ,12/18/2024,,Pass,0.889,Routine Surveillance,Monongalia,CheatLakeWWTP-01,Sample,WWTP,12/18/2024 11:21 AM,Amy Jones
O01-0548,G,Composite,,12/17/2024 08:00 AM,12/16/2024 08:00 AM,12/17/2024 08:00 AM,AJ,12/18/2024,,Pass,2.61,Routine Surveillance,Taylor,GraftonWWTP-01,Sample,WWTP,12/18/2024 11:24 AM,Amy Jones
L01-0618,G,Composite,,12/15/2024 08:00 AM,12/14/2024 08:00 AM,12/15/2024 08:00 AM,AJ,12/18/2024,,Pass,0.352,Routine Surveillance,Doddridge,WestUnionWWTP-01,Sample,WWTP,12/18/2024 11:25 AM,Amy Jones
N02-0537,G,Composite,,12/17/2024 07:00 AM,12/16/2024 07:00 AM,12/17/2024 07:00 AM,AJ,12/18/2024,,Pass,9.93,Routine Surveillance,Harrison,ClarksburgWWTP-01,Sample,WWTP,12/18/2024 11:26 AM,Amy Jones
M03-0492,G,Composite,,12/17/2024 08:00 AM,12/16/2024 08:00 AM,12/17/2024 08:00 AM,AJ,12/18/2024,,Pass,0.417,Routine Surveillance,Marion,ManningtonWWTP-01,Sample,WWTP,12/18/2024 11:26 AM,Amy Jones
P01-0168,G,Composite,,12/15/2024 08:00 AM,12/14/2024 08:00 AM,12/15/2024 08:00 AM,AJ,12/18/2024,,Pass,0.182,Routine Surveillance,Pleasants,StMarysWWTP-01,Sample,WWTP,12/18/2024 11:27 AM,Amy Jones
A01-1122,G,Composite,,12/17/2024 12:00 AM,12/16/2024 12:00 AM,12/17/2024 12:00 AM,AJ,12/19/2024,,Pass,13.7,Routine Surveillance,Monongalia,StarCityWWTP-01,Sample,WWTP,12/19/2024 01:35 PM,Amy Jones
A01-1116,G,Composite,,12/10/2024 12:00 AM,12/09/2024 12:00 AM,12/10/2024 12:00 AM,AJ,12/19/2024,,Pass,12.6,Routine Surveillance,Monongalia,StarCityWWTP-01,Sample,WWTP,12/19/2024 01:36 PM,Amy Jones
A01-1123,G,Composite,,12/18/2024 12:00 AM,12/17/2024 12:00 AM,12/18/2024 12:00 AM,AJ,12/19/2024,,Pass,13.8,Routine Surveillance,Monongalia,StarCityWWTP-01,Sample,WWTP,12/19/2024 01:36 PM,Amy Jones
A01-1121,G,Composite,,12/16/2024 12:00 AM,12/15/2024 12:00 AM,12/16/2024 12:00 AM,AJ,12/19/2024,,Pass,14.0,Routine Surveillance,Monongalia,StarCityWWTP-01,Sample,WWTP,12/19/2024 01:37 PM,Amy Jones
A01-1119,G,Composite,,12/14/2024 12:00 AM,12/13/2024 12:00 AM,12/14/2024 12:00 AM,AJ,12/19/2024,,Pass,8.5,Routine Surveillance,Monongalia,StarCityWWTP-01,Sample,WWTP,12/19/2024 01:37 PM,Amy Jones
A01-1115,G,Composite,,12/09/2024 12:00 AM,12/08/2024 12:00 AM,12/09/2024 12:00 AM,AJ,12/19/2024,,Pass,13.0,Routine Surveillance,Monongalia,StarCityWWTP-01,Sample,WWTP,12/19/2024 01:38 PM,Amy Jones
A01-1120,G,Composite,,12/15/2024 12:00 AM,12/14/2024 12:00 AM,12/15/2024 12:00 AM,AJ,12/19/2024,,Pass,12.9,Routine Surveillance,Monongalia,StarCityWWTP-01,Sample,WWTP,12/19/2024 01:39 PM,Amy Jones
A01-1117,G,Composite,,12/11/2024 12:00 AM,12/10/2024 12:00 AM,12/11/2024 12:00 AM,AJ,12/19/2024,,Pass,19.0,Routine Surveillance,Monongalia,StarCityWWTP-01,Sample,WWTP,12/19/2024 01:39 PM,Amy Jones
A01-1118,G,Composite,,12/12/2024 12:00 AM,12/11/2024 12:00 AM,12/12/2024 12:00 AM,AJ,12/19/2024,,Pass,12.8,Routine Surveillance,Monongalia,StarCityWWTP-01,Sample,WWTP,12/19/2024 01:40 PM,Amy Jones
A01-1133,G,Composite,,12/30/2024 12:00 AM,12/29/2024 12:00 AM,12/30/2024 12:00 AM,AJ,01/09/2025,,Pass,6.8,Routine Surveillance,Monongalia,StarCityWWTP-01,Sample,WWTP,01/09/2025 11:09 AM,Amy Jones
A01-1135,G,Composite,,01/01/2025 12:00 AM,12/31/2024 12:00 AM,01/01/2025 12:00 AM,AJ,01/09/2025,,Pass,8.1,Routine Surveillance,Monongalia,StarCityWWTP-01,Sample,WWTP,01/09/2025 11:10 AM,Amy Jones
A01-1134,G,Composite,,12/31/2024 12:00 AM,12/30/2024 12:00 AM,12/31/2024 12:00 AM,AJ,01/09/2025,,Pass,8.1,Routine Surveillance,Monongalia,StarCityWWTP-01,Sample,WWTP,01/09/2025 11:10 AM,Amy Jones
A01-1137,G,Composite,,01/04/2025 12:00 AM,01/03/2025 12:00 AM,01/04/2025 12:00 AM,AJ,01/09/2025,,Pass,6.9,Routine Surveillance,Monongalia,StarCityWWTP-01,Sample,WWTP,01/09/2025 11:12 AM,Amy Jones
A01-1139,G,Composite,,01/06/2025 12:00 AM,01/05/2025 12:00 AM,01/06/2025 12:00 AM,AJ,01/09/2025,,Pass,6.8,Routine Surveillance,Monongalia,StarCityWWTP-01,Sample,WWTP,01/09/2025 11:12 AM,Amy Jones
A01-1136,G,Composite,,01/02/2025 12:00 AM,01/01/2025 12:00 AM,01/02/2025 12:00 AM,AJ,01/09/2025,,Pass,7.5,Routine Surveillance,Monongalia,StarCityWWTP-01,Sample,WWTP,01/09/2025 11:13 AM,Amy Jones
A01-1140,G,Composite,,01/07/2025 12:00 AM,01/06/2025 12:00 AM,01/07/2025 12:00 AM,AJ,01/09/2025,,Pass,7.0,Routine Surveillance,Monongalia,StarCityWWTP-01,Sample,WWTP,01/09/2025 11:13 AM,Amy Jones
A01-1138,G,Composite,,01/05/2025 12:00 AM,01/04/2025 12:00 AM,01/05/2025 12:00 AM,AJ,01/09/2025,,Pass,6.9,Routine Surveillance,Monongalia,StarCityWWTP-01,Sample,WWTP,01/09/2025 11:14 AM,Amy Jones
A01-1130,G,Composite,,12/26/2024 12:00 AM,12/25/2024 12:00 AM,12/26/2024 12:00 AM,AJ,01/09/2025,,Pass,6.7,Routine Surveillance,Monongalia,StarCityWWTP-01,Sample,WWTP,01/09/2025 11:16 AM,Amy Jones
A01-1126,G,Composite,,12/22/2024 12:00 AM,12/21/2024 12:00 AM,12/22/2024 12:00 AM,AJ,01/09/2025,,Pass,8.1,Routine Surveillance,Monongalia,StarCityWWTP-01,Sample,WWTP,01/09/2025 11:16 AM,Amy Jones
A01-1131,G,Composite,,12/29/2024 12:00 AM,12/28/2024 12:00 AM,12/29/2024 12:00 AM,AJ,01/09/2025,,Pass,6.6,Routine Surveillance,Monongalia,StarCityWWTP-01,Sample,WWTP,01/09/2025 11:17 AM,Amy Jones
A01-1125,G,Composite,,12/21/2024 12:00 AM,12/20/2024 12:00 AM,12/21/2024 12:00 AM,AJ,01/09/2025,,Pass,9.1,Routine Surveillance,Monongalia,StarCityWWTP-01,Sample,WWTP,01/09/2025 11:18 AM,Amy Jones
A01-1132,G,Composite,,12/28/2024 12:00 AM,12/27/2024 12:00 AM,12/28/2024 12:00 AM,AJ,01/09/2025,,Pass,6.8,Routine Surveillance,Monongalia,StarCityWWTP-01,Sample,WWTP,01/09/2025 11:18 AM,Amy Jones
A01-1124,G,Composite,,12/19/2024 12:00 AM,12/18/2024 12:00 AM,12/19/2024 12:00 AM,AJ,01/09/2025,,Pass,14.0,Routine Surveillance,Monongalia,StarCityWWTP-01,Sample,WWTP,01/09/2025 11:19 AM,Amy Jones
A01-1129,G,Composite,,12/25/2024 12:00 AM,12/24/2024 12:00 AM,12/25/2024 12:00 AM,AJ,01/09/2025,,Pass,6.2,Routine Surveillance,Monongalia,StarCityWWTP-01,Sample,WWTP,01/09/2025 11:20 AM,Amy Jones
A01-1128,G,Composite,,12/24/2024 12:00 AM,12/23/2024 12:00 AM,12/24/2024 12:00 AM,AJ,01/09/2025,,Pass,8.1,Routine Surveillance,Monongalia,StarCityWWTP-01,Sample,WWTP,01/09/2025 11:20 AM,Amy Jones
A01-1127,G,Composite,,12/23/2024 12:00 AM,12/22/2024 12:00 AM,12/23/2024 12:00 AM,AJ,01/09/2025,,Pass,7.6,Routine Surveillance,Monongalia,StarCityWWTP-01,Sample,WWTP,01/09/2025 11:22 AM,Amy Jones
C01-0830,G,Composite,,12/30/2024 08:00 AM,12/29/2024 08:00 AM,12/30/2024 08:00 AM,AJ,01/09/2025,,Pass,7.58,Routine Surveillance,Ohio,WheelingWWTP-01,Sample,WWTP,01/09/2025 11:29 AM,Amy Jones
D01-0567,G,Composite,,12/20/2024 08:00 AM,12/19/2024 08:00 AM,12/20/2024 08:00 AM,AJ,01/09/2025,,Pass,2.94,Routine Surveillance,Ohio,WheelingWWTP-01,Sample,WWTP,01/09/2025 11:30 AM,Amy Jones
D01-0568,G,Composite,,12/23/2024 08:00 AM,12/22/2024 08:00 AM,12/23/2024 08:00 AM,AJ,01/09/2025,,Pass,5.70,Routine Surveillance,Ohio,WheelingWWTP-01,Sample,WWTP,01/09/2025 11:31 AM,Amy Jones
C01-0829,G,Composite,,12/27/2024 08:00 AM,12/26/2024 08:00 AM,12/27/2024 08:00 AM,AJ,01/09/2025,,Pass,6.50,Routine Surveillance,Ohio,WheelingWWTP-01,Sample,WWTP,01/09/2025 11:32 AM,Amy Jones
K01-0521,G,,,,,,AJ,01/09/2025,NO COMP LABEL,Fail: Missing Required Data,,Routine Surveillance,Wood,ParkersburgWWTP-01,Sample,WWTP,01/09/2025 11:40 AM,Amy Jones
K01-0515,G,Composite,,01/01/2025 06:30 AM,12/31/2024 06:30 AM,01/01/2025 06:30 AM,AJ,01/09/2025,,Pass,6.091,Routine Surveillance,Wood,ParkersburgWWTP-01,Sample,WWTP,01/09/2025 11:41 AM,Amy Jones
T01-0387,G,Composite,,12/31/2024 07:00 AM,12/30/2024 07:00 AM,12/31/2024 07:00 AM,AJ,01/09/2025,,Pass,0.29,Routine Surveillance,Mason,PointPleasantWWTP-01,Sample,WWTP,01/09/2025 11:42 AM,Amy Jones
T01-0386,G,Composite,,12/24/2024 07:00 AM,12/23/2024 07:00 AM,12/24/2024 07:00 AM,AJ,01/09/2025,,Pass,0.12,Routine Surveillance,Mason,PointPleasantWWTP-01,Sample,WWTP,01/09/2025 11:43 AM,Amy Jones
U01-0127,G,Composite,,12/29/2024 10:00 AM,12/28/2024 10:00 AM,01/09/2025 10:00 AM,AJ,01/09/2025,,Pass,0.749,Routine Surveillance,Fayette,WhiteOakWWTP-01,Sample,WWTP,01/09/2025 11:44 AM,Amy Jones
U01-0126,G,Composite,,12/23/2024 01:00 PM,12/22/2024 01:00 PM,12/23/2024 01:00 PM,AJ,01/09/2025,,Pass,0.138,Routine Surveillance,Fayette,WhiteOakWWTP-01,Sample,WWTP,01/09/2025 11:45 AM,Amy Jones
A04-0643,G,Composite,,01/06/2025 08:00 AM,01/05/2025 08:00 AM,01/06/2025 08:00 AM,AJ,01/09/2025,,Pass,0.570,Routine Surveillance,Monongalia,CheatLakeWWTP-01,Sample,WWTP,01/09/2025 11:45 AM,Amy Jones
A04-0638,G,Composite,,01/01/2025 08:00 AM,12/31/2024 08:00 AM,01/01/2025 08:00 AM,AJ,01/09/2025,,Pass,0.566,Routine Surveillance,Monongalia,CheatLakeWWTP-01,Sample,WWTP,01/09/2025 11:46 AM,Amy Jones
A04-0641,G,Composite,,12/23/2024 08:00 AM,12/22/2024 08:00 AM,12/23/2024 08:00 AM,AJ,01/09/2025,,Pass,0.679,Routine Surveillance,Monongalia,CheatLakeWWTP-01,Sample,WWTP,01/09/2025 11:47 AM,Amy Jones
D01-0565,G,Composite,,12/17/2024 08:00 AM,12/16/2024 08:00 AM,12/17/2024 08:00 AM,AJ,01/09/2025,,Pass,3.07,Routine Surveillance,Ohio,WheelingWWTP-01,Sample,WWTP,01/09/2025 11:55 AM,Amy Jones
D01-0564,G,Composite,,12/18/2024 08:00 AM,12/17/2024 08:00 AM,12/18/2024 08:00 AM,AJ,01/09/2025,,Pass,2.95,Routine Surveillance,Ohio,WheelingWWTP-01,Sample,WWTP,01/09/2025 11:56 AM,Amy Jones
D01-0566,G,Composite,,12/19/2024 08:00 AM,12/18/2024 08:00 AM,12/19/2024 08:00 AM,AJ,01/09/2025,,Pass,2.93,Routine Surveillance,Ohio,WheelingWWTP-01,Sample,WWTP,01/09/2025 11:57 AM,Amy Jones
C01-0826,G,Composite,,12/24/2024 08:00 AM,12/23/2024 08:00 AM,12/24/2024 08:00 AM,AJ,01/09/2025,,Pass,5.78,Routine Surveillance,Ohio,WheelingWWTP-01,Sample,WWTP,01/09/2025 11:59 AM,Amy Jones
C01-0827,G,Composite,,12/25/2024 08:00 AM,12/24/2024 08:00 AM,12/25/2024 08:00 AM,AJ,01/09/2025,,Pass,5.63,Routine Surveillance,Ohio,WheelingWWTP-01,Sample,WWTP,01/09/2025 12:00 PM,Amy Jones
C01-0828,G,Composite,,12/26/2024 08:00 AM,12/25/2024 08:00 AM,12/26/2024 08:00 AM,AJ,01/09/2025,,Pass,5.66,Routine Surveillance,Ohio,WheelingWWTP-01,Sample,WWTP,01/09/2025 12:00 PM,Amy Jones
G01-0609,G,Composite,,12/23/2024 09:00 AM,12/22/2024 09:00 AM,12/23/2024 09:00 AM,AJ,01/09/2025,,Pass,1.055,Routine Surveillance,Mineral,KeyserWWTP-01,Sample,WWTP,01/09/2025 12:06 PM,Amy Jones
G01-0613,G,Composite,,12/31/2024 08:00 AM,12/30/2024 08:00 AM,12/31/2024 08:00 AM,AJ,01/09/2025,,Fail: Missing Required Data,,Routine Surveillance,Mineral,KeyserWWTP-01,Sample,WWTP,01/09/2025 12:09 PM,Amy Jones
R02-0508,G,Composite,,12/23/2024 08:00 AM,12/22/2024 08:00 AM,12/23/2024 08:00 AM,AJ,01/09/2025,,Pass,5.53,Routine Surveillance,Randolph,ElkinsWWTP-01,Sample,WWTP,01/09/2025 12:09 PM,Amy Jones
R02-0521,G,Composite,,12/30/2024 08:00 AM,12/29/2024 08:00 AM,12/30/2024 08:00 AM,AJ,01/09/2025,,Pass,5.266,Routine Surveillance,Randolph,ElkinsWWTP-01,Sample,WWTP,01/09/2025 12:10 PM,Amy Jones
C01-0831,G,Composite,,12/31/2024 08:00 AM,12/30/2024 08:00 AM,12/31/2024 08:00 AM,AJ,01/10/2025,,Pass,8.01,Routine Surveillance,Ohio,WheelingWWTP-01,Sample,WWTP,01/10/2025 11:30 AM,Amy Jones
C01-0832,G,Composite,,01/01/2025 08:00 AM,12/31/2024 08:00 AM,01/01/2025 08:00 AM,AJ,01/10/2025,,Pass,5.81,Routine Surveillance,Ohio,WheelingWWTP-01,Sample,WWTP,01/10/2025 11:31 AM,Amy Jones
C01-0833,G,Composite,,01/02/2025 08:00 AM,01/01/2025 08:00 AM,01/02/2025 08:00 AM,AJ,01/10/2025,,Pass,5.68,Routine Surveillance,Ohio,WheelingWWTP-01,Sample,WWTP,01/10/2025 11:32 AM,Amy Jones
C01-0834,G,Composite,,01/03/2025 08:00 AM,01/02/2025 08:00 AM,01/03/2025 08:00 AM,AJ,01/10/2025,,Pass,5.58,,Ohio,WheelingWWTP-01,Sample,WWTP,01/10/2025 11:33 AM,Amy Jones
C01-0835,G,Composite,,01/07/2025 08:00 AM,01/06/2025 08:00 AM,01/07/2025 08:00 AM,AJ,01/10/2025,,Pass,5.87,Routine Surveillance,Ohio,WheelingWWTP-01,Sample,WWTP,01/10/2025 11:34 AM,Amy Jones
D01-0573,G,Composite,,12/31/2024 07:00 AM,12/30/2024 07:00 AM,12/31/2024 07:00 AM,AJ,01/10/2025,,Pass,1.2,Routine Surveillance,Jefferson,CharlesTownWWTP-01,Sample,WWTP,01/10/2025 11:36 AM,Amy Jones
D01-0577,G,Composite,,12/24/2024 07:00 AM,12/23/2024 07:00 AM,12/24/2024 07:00 AM,AJ,01/10/2025,,Pass,1.2,Routine Surveillance,Jefferson,CharlesTownWWTP-01,Sample,WWTP,01/10/2025 11:36 AM,Amy Jones
K01-0517,G,Composite,,01/07/2025 06:30 AM,01/06/2025 06:30 AM,01/07/2025 06:30 AM,AJ,01/10/2025,,Pass,4.736,Routine Surveillance,Wood,ParkersburgWWTP-01,Sample,WWTP,01/10/2025 11:37 AM,Amy Jones
G01-0612,G,Composite,,01/06/2025 08:00 AM,01/05/2025 08:00 AM,01/06/2025 08:00 AM,AJ,01/10/2025,,Pass,0.932,Routine Surveillance,Mineral,KeyserWWTP-01,Sample,WWTP,01/10/2025 11:38 AM,Amy Jones
H01-0961,G,Composite,,12/30/2024 08:00 AM,12/29/2024 08:00 AM,12/30/2024 08:00 AM,AJ,01/10/2025,,Pass,1.7,Routine Surveillance,Marshall,MoundsvilleWWTP-01,Sample,WWTP,01/10/2025 11:40 AM,Amy Jones
H01-0963,G,Composite,,12/23/2024 08:00 AM,12/22/2024 08:00 AM,12/23/2024 08:00 AM,AJ,01/10/2025,,Pass,1.4,Routine Surveillance,Marshall,MoundsvilleWWTP-01,Sample,WWTP,01/10/2025 11:41 AM,Amy Jones
H01-0962,G,Composite,,01/06/2025 08:00 AM,01/05/2025 08:00 AM,01/06/2025 08:00 AM,AJ,01/10/2025,,Pass,1.4,Routine Surveillance,Marshall,MoundsvilleWWTP-01,Sample,WWTP,01/10/2025 11:41 AM,Amy Jones
D01-0579,G,Composite,,01/07/2025 07:00 AM,01/06/2025 07:00 AM,01/07/2025 07:00 AM,AJ,01/10/2025,,Pass,1.18,Routine Surveillance,Jefferson,CharlesTownWWTP-01,Sample,WWTP,01/10/2025 11:42 AM,Amy Jones
J01-0514,G,Composite,,12/30/2024 07:30 AM,12/29/2024 07:30 AM,12/30/2024 07:30 AM,AJ,01/10/2025,,Pass,0.152,Routine Surveillance,Preston,AlpineLakeWWTP-01,Sample,WWTP,01/10/2025 11:43 AM,Amy Jones
J01-0513,G,Composite,,12/23/2024 07:30 AM,12/22/2024 07:30 AM,12/23/2024 07:30 AM,AJ,01/10/2025,,Pass,0.182,Routine Surveillance,Preston,AlpineLakeWWTP-01,Sample,WWTP,01/10/2025 11:44 AM,Amy Jones
A01-1143,G,Composite,,01/11/2025 12:00 AM,01/10/2025 12:00 AM,01/11/2025 12:00 AM,AJ,01/16/2025,,Pass,7.5,Routine Surveillance,Monongalia,StarCityWWTP-01,Sample,WWTP,01/16/2025 10:08 AM,Amy Jones
A01-1144,G,Composite,,01/12/2025 12:00 AM,01/11/2025 12:00 AM,01/12/2025 12:00 AM,AJ,01/16/2025,,Pass,8.0,Routine Surveillance,Monongalia,StarCityWWTP-01,Sample,WWTP,01/16/2025 10:08 AM,Amy Jones
A01-1141,G,Composite,,01/08/2025 12:00 AM,01/07/2025 12:00 AM,01/08/2025 12:00 AM,AJ,01/16/2025,,Pass,7.2,Routine Surveillance,Monongalia,StarCityWWTP-01,Sample,WWTP,01/16/2025 10:09 AM,Amy Jones
A01-1145,G,Composite,,01/13/2025 12:00 AM,01/12/2025 12:00 AM,01/13/2025 12:00 AM,AJ,01/16/2025,,Pass,8.9,Routine Surveillance,Monongalia,StarCityWWTP-01,Sample,WWTP,01/16/2025 10:10 AM,Amy Jones
A01-1142,G,Composite,,01/09/2025 12:00 AM,01/08/2025 12:00 AM,01/09/2025 12:00 AM,AJ,01/16/2025,,Pass,7.2,Routine Surveillance,Monongalia,StarCityWWTP-01,Sample,WWTP,01/16/2025 10:11 AM,Amy Jones
A04-0644,G,Composite,,01/13/2025 08:00 AM,01/12/2025 08:00 AM,01/13/2025 08:00 AM,AJ,01/16/2025,,Pass,0.631,Routine Surveillance,Monongalia,CheatLakeWWTP-01,Sample,WWTP,01/16/2025 10:12 AM,Amy Jones
R02-0516,G,Composite,,01/06/2025 08:00 AM,01/05/2025 08:00 AM,01/06/2025 08:00 AM,AJ,01/16/2025,,Pass,4.02,Routine Surveillance,Randolph,ElkinsWWTP-01,Sample,WWTP,01/16/2025 10:13 AM,Amy Jones
R02-0522,G,Composite,,01/13/2025 08:00 AM,01/12/2025 08:00 AM,01/13/2025 08:00 AM,AJ,01/16/2025,,Pass,5.91,Routine Surveillance,Randolph,ElkinsWWTP-01,Sample,WWTP,01/16/2025 10:13 AM,Amy Jones
U01-0129,G,Composite,,01/13/2025 10:00 AM,01/12/2025 10:00 AM,01/13/2025 10:00 AM,AJ,01/16/2025,,Pass,0.663,Routine Surveillance,Fayette,WhiteOakWWTP-01,Sample,WWTP,01/16/2025 10:14 AM,Amy Jones
T01-0388,G,Composite,,01/14/2025 07:00 AM,01/13/2025 07:00 AM,01/14/2025 07:00 AM,,,,,0.16,Routine Surveillance,Mason,PointPleasantWWTP-01,Sample,WWTP,01/16/2025 10:15 AM,Amy Jones
E01-0707,G,Composite,,01/07/2025 09:00 AM,01/06/2025 09:00 AM,01/07/2025 09:00 AM,AJ,01/16/2025,,Pass,7.115,Routine Surveillance,Mercer,PrincetonWWTP-01,Sample,WWTP,01/16/2025 10:17 AM,Amy Jones
E01-0708,G,Composite,,01/08/2025 09:00 AM,01/07/2025 09:00 AM,01/08/2025 09:00 AM,AJ,01/16/2025,,Pass,5.011,Routine Surveillance,Mercer,PrincetonWWTP-01,Sample,WWTP,01/16/2025 10:18 AM,Amy Jones
E01-0706,G,Composite,,01/06/2025 07:30 AM,01/05/2025 07:30 AM,01/06/2025 07:30 AM,AJ,01/16/2025,,Pass,9.059,Routine Surveillance,Mercer,PrincetonWWTP-01,Sample,WWTP,01/16/2025 10:19 AM,Amy Jones
Q01-0588,G,Composite,,12/16/2024 08:00 AM,12/15/2024 08:00 AM,12/16/2024 08:00 AM,AJ,01/16/2025,,Pass,0.779,Routine Surveillance,Boone,MadisonWWTP-01,Sample,WWTP,01/16/2025 10:20 AM,Amy Jones
Q01-0594,G,Composite,,01/06/2025 08:00 AM,01/05/2025 08:00 AM,01/06/2025 08:00 AM,AJ,01/16/2025,,Pass,0.666,Routine Surveillance,Boone,MadisonWWTP-01,Sample,WWTP,01/16/2025 10:21 AM,Amy Jones
Q01-0593,G,Composite,,12/30/2024 08:00 AM,12/29/2024 08:00 AM,12/30/2024 08:00 AM,AJ,01/16/2025,,Pass,0.548,Routine Surveillance,Boone,MadisonWWTP-01,Sample,WWTP,01/16/2025 10:22 AM,Amy Jones
Q01-0592,G,Composite,,12/23/2024 08:00 AM,12/22/2024 08:00 AM,12/23/2024 08:00 AM,AJ,01/16/2025,,Pass,0.489,Routine Surveillance,Boone,MadisonWWTP-01,Sample,WWTP,01/16/2025 10:22 AM,Amy Jones
N02-0543,G,Composite,,01/08/2025 07:00 AM,01/07/2025 07:00 AM,01/08/2025 07:00 AM,AJ,01/16/2025,,Pass,7.016,Routine Surveillance,Harrison,ClarksburgWWTP-01,Sample,WWTP,01/16/2025 10:25 AM,Amy Jones
N02-0536,G,Composite,,12/31/2024 07:00 AM,12/30/2024 07:00 AM,12/31/2024 07:00 AM,AJ,01/16/2025,,Pass,5.72,Routine Surveillance,Harrison,ClarksburgWWTP-01,Sample,WWTP,01/16/2025 10:26 AM,Amy Jones
N02-0528,G,Composite,,12/24/2024 07:00 AM,12/23/2024 07:00 AM,12/24/2024 07:00 AM,AJ,01/16/2025,,Pass,7.32,Routine Surveillance,Harrison,ClarksburgWWTP-01,Sample,WWTP,01/16/2025 10:26 AM,Amy Jones
N02-0551,G,Composite,,01/13/2025 07:00 AM,01/12/2025 07:00 AM,01/13/2025 07:00 AM,AJ,01/16/2025,,Pass,8.282,Routine Surveillance,Harrison,ClarksburgWWTP-01,Sample,WWTP,01/16/2025 10:27 AM,Amy Jones
P01-0165,G,Composite,,01/13/2025 08:00 AM,01/12/2025 08:00 AM,01/13/2025 08:00 AM,AJ,01/16/2025,,Pass,0.187,Routine Surveillance,Pleasants,StMarysWWTP-01,Sample,WWTP,01/16/2025 10:29 AM,Amy Jones
P01-0164,G,Composite,,01/06/2025 08:00 AM,01/05/2025 08:00 AM,01/06/2025 08:00 AM,AJ,01/16/2025,,Pass,0.120,Routine Surveillance,Pleasants,StMarysWWTP-01,Sample,WWTP,01/16/2025 10:31 AM,Amy Jones
O01-0551,G,Composite,,01/07/2025 08:00 AM,01/06/2025 08:00 AM,01/07/2025 08:00 AM,AJ,01/16/2025,,Pass,1.31,Routine Surveillance,Taylor,GraftonWWTP-01,Sample,WWTP,01/16/2025 10:32 AM,Amy Jones
O01-0549,G,Composite,,12/30/2024 08:00 AM,12/29/2024 08:00 AM,12/30/2024 08:00 AM,AJ,01/16/2025,,Pass,1.31,Routine Surveillance,Taylor,GraftonWWTP-01,Sample,WWTP,01/16/2025 10:32 AM,Amy Jones
O01-0550,G,Composite,,12/23/2024 08:00 AM,12/22/2024 08:00 AM,12/23/2024 08:00 AM,AJ,01/16/2025,,Pass,1.61,Routine Surveillance,Taylor,GraftonWWTP-01,Sample,WWTP,01/16/2025 10:33 AM,Amy Jones
M03-0489,G,Composite,,12/31/2024 08:00 AM,12/30/2024 08:00 AM,12/31/2024 08:00 AM,AJ,01/16/2025,,Pass,0.169,Routine Surveillance,Marion,ManningtonWWTP-01,Sample,WWTP,01/16/2025 10:35 AM,Amy Jones
U01-0128,G,,,,,,AJ,01/16/2025,ILLEGIBLE DATE,Fail: Missing Required Data,0.791,Routine Surveillance,Fayette,WhiteOakWWTP-01,Sample,WWTP,01/16/2025 10:37 AM,Amy Jones
L01-0601,G,Composite,,12/22/2024 08:00 AM,12/21/2024 08:00 AM,12/22/2024 08:00 AM,AJ,01/16/2025,,Pass,0.243,Routine Surveillance,Doddridge,WestUnionWWTP-01,Sample,WWTP,01/16/2025 10:38 AM,Amy Jones
E01-0681,G,Composite,,01/10/2025 09:00 AM,01/09/2025 09:00 AM,01/10/2025 09:00 AM,AJ,01/16/2025,,Pass,4.378,Routine Surveillance,Mercer,PrincetonWWTP-01,Sample,WWTP,01/16/2025 11:08 AM,Amy Jones
E01-0682,G,Composite,,01/14/2025 09:00 AM,01/13/2025 09:00 AM,01/14/2025 09:00 AM,AJ,01/16/2025,,Pass,3.731,Routine Surveillance,Mercer,PrincetonWWTP-01,Sample,WWTP,01/16/2025 11:09 AM,Amy Jones
E01-0683,G,Composite,,01/15/2025 09:00 AM,01/14/2025 09:00 AM,01/15/2025 09:00 AM,AJ,01/16/2025,,Pass,3.559,Routine Surveillance,Mercer,PrincetonWWTP-01,Sample,WWTP,01/16/2025 11:10 AM,Amy Jones
C01-0839,G,Composite,,01/10/2025 07:00 AM,01/09/2025 07:00 AM,01/10/2025 07:00 AM,AJ,01/16/2025,,Pass,5.50,Routine Surveillance,Ohio,WheelingWWTP-01,Sample,WWTP,01/16/2025 11:12 AM,Amy Jones
C01-0840,G,Composite,,01/13/2025 07:00 AM,01/12/2025 07:00 AM,01/13/2025 07:00 AM,AJ,01/16/2025,,Pass,5.39,Routine Surveillance,Ohio,WheelingWWTP-01,Sample,WWTP,01/16/2025 11:13 AM,Amy Jones
C01-0838,G,Composite,,01/09/2025 07:00 AM,01/08/2025 07:00 AM,01/09/2025 07:00 AM,AJ,01/16/2025,,Pass,5.56,Routine Surveillance,Ohio,WheelingWWTP-01,Sample,WWTP,01/16/2025 11:13 AM,Amy Jones
C01-0837,G,Composite,,01/08/2025 07:00 AM,01/07/2025 07:00 AM,01/08/2025 07:00 AM,AJ,01/16/2025,,Pass,5.46,Routine Surveillance,Ohio,WheelingWWTP-01,Sample,WWTP,01/16/2025 11:14 AM,Amy Jones
C01-0836,G,Composite,,01/07/2025 07:00 AM,01/06/2025 07:00 AM,01/07/2025 07:00 AM,AJ,01/16/2025,,Pass,5.48,Routine Surveillance,Ohio,WheelingWWTP-01,Sample,WWTP,01/16/2025 11:15 AM,Amy Jones
D01-0561,G,Composite,,01/14/2025 07:10 AM,01/13/2025 07:10 AM,01/14/2025 07:10 AM,AJ,01/16/2025,,Pass,1.24,Routine Surveillance,Jefferson,CharlesTownWWTP-01,Sample,WWTP,01/16/2025 11:16 AM,Amy Jones
H01-0964,G,Composite,,01/13/2025 08:00 AM,01/12/2025 08:00 AM,01/13/2025 08:00 AM,AJ,01/16/2025,,Pass,1.4,Routine Surveillance,Marshall,MoundsvilleWWTP-01,Sample,WWTP,01/16/2025 11:17 AM,Amy Jones
K01-0514,G,Composite,,01/14/2025 06:30 AM,01/13/2025 06:30 AM,01/14/2025 06:30 AM,AJ,01/16/2025,,Pass,5.426,Routine Surveillance,Wood,ParkersburgWWTP-01,Sample,WWTP,01/16/2025 11:18 AM,Amy Jones
Q01-0595,G,Composite,,01/13/2025 08:00 AM,01/12/2025 08:00 AM,01/13/2025 08:00 AM,AJ,01/16/2025,,Pass,0.468,Routine Surveillance,Boone,MadisonWWTP-01,Sample,WWTP,01/16/2025 11:19 AM,Amy Jones
A01-1148,G,Composite,,01/16/2025 12:00 AM,01/15/2025 12:00 AM,01/16/2025 12:00 AM,AJ,01/23/2025,,Pass,8.8,Routine Surveillance,Monongalia,StarCityWWTP-01,Sample,WWTP,01/23/2025 10:16 AM,Amy Jones
A01-1151,G,Composite,,01/20/2025 12:00 AM,01/19/2025 12:00 AM,01/20/2025 12:00 AM,AJ,01/23/2025,,Pass,10.7,Routine Surveillance,Monongalia,StarCityWWTP-01,Sample,WWTP,01/23/2025 10:16 AM,Amy Jones
A01-1146,G,Composite,,01/14/2025 12:00 AM,01/13/2025 12:00 AM,01/14/2025 12:00 AM,AJ,01/23/2025,,Pass,8.5,Routine Surveillance,Monongalia,StarCityWWTP-01,Sample,WWTP,01/23/2025 10:17 AM,Amy Jones
A01-1147,G,Composite,,01/15/2025 12:00 AM,01/14/2025 12:00 AM,01/15/2025 12:00 AM,AJ,01/23/2025,,Pass,8.5,Routine Surveillance,Monongalia,StarCityWWTP-01,Sample,WWTP,01/23/2025 10:18 AM,Amy Jones
A01-1150,G,Composite,,01/19/2025 12:00 AM,01/18/2025 12:00 AM,01/19/2025 12:00 AM,AJ,01/23/2025,,Pass,12.5,Routine Surveillance,Monongalia,StarCityWWTP-01,Sample,WWTP,01/23/2025 10:18 AM,Amy Jones
A01-1149,G,Composite,,01/18/2025 12:00 AM,01/17/2025 12:00 AM,01/18/2025 12:00 AM,AJ,01/23/2025,,Pass,11.4,Routine Surveillance,Monongalia,StarCityWWTP-01,Sample,WWTP,01/23/2025 10:19 AM,Amy Jones
N02-0550,G,Composite,,01/22/2025 07:00 AM,01/21/2025 07:00 AM,01/22/2025 07:00 AM,AJ,01/23/2025,,Pass,9.963,Routine Surveillance,Harrison,ClarksburgWWTP-01,Sample,WWTP,01/23/2025 10:22 AM,Amy Jones
M03-0490,G,Composite,,01/20/2025 08:00 AM,01/19/2025 08:00 AM,01/20/2025 08:00 AM,AJ,01/23/2025,,Pass,0.260,Routine Surveillance,Marion,ManningtonWWTP-01,Sample,WWTP,01/23/2025 10:23 AM,Amy Jones
P01-0167,G,Composite,,01/20/2025 08:00 AM,01/19/2025 08:00 AM,01/20/2025 08:00 AM,AJ,01/23/2025,,Pass,0.179,Routine Surveillance,Pleasants,StMarysWWTP-01,Sample,WWTP,01/23/2025 10:25 AM,Amy Jones
O01-0528,G,Composite,,01/21/2025 08:00 AM,01/20/2025 08:00 AM,01/21/2025 08:00 AM,AJ,01/23/2025,,Pass,2.08,Routine Surveillance,Taylor,GraftonWWTP-01,Sample,WWTP,01/23/2025 10:26 AM,Amy Jones
O01-0505,G,Composite,,01/14/2025 08:00 AM,01/13/2025 08:00 AM,01/14/2025 08:00 AM,AJ,01/23/2025,,Pass,1.77,Routine Surveillance,Taylor,GraftonWWTP-01,Sample,WWTP,01/23/2025 10:26 AM,Amy Jones
C01-0841,G,Composite,,01/14/2025 08:00 AM,01/13/2025 08:00 AM,01/14/2025 08:00 AM,AJ,01/23/2025,,Pass,5.73,Routine Surveillance,Ohio,WheelingWWTP-01,Sample,WWTP,01/23/2025 10:30 AM,Amy Jones
C01-0842,G,Composite,,01/15/2025 08:00 AM,01/14/2025 08:00 AM,01/15/2025 08:00 AM,AJ,01/23/2025,,Pass,5.31,Routine Surveillance,Ohio,WheelingWWTP-01,Sample,WWTP,01/23/2025 10:48 AM,Amy Jones
C01-0844,G,Composite,,01/17/2025 08:00 AM,01/16/2025 08:00 AM,01/17/2025 08:00 AM,AJ,01/23/2025,,Pass,5.87,Routine Surveillance,Ohio,WheelingWWTP-01,Sample,WWTP,01/23/2025 10:49 AM,Amy Jones
C01-0843,G,Composite,,01/16/2025 08:00 AM,01/15/2025 08:00 AM,01/16/2025 08:00 AM,AJ,01/23/2025,,Pass,5.36,Routine Surveillance,Ohio,WheelingWWTP-01,Sample,WWTP,01/23/2025 10:50 AM,Amy Jones
C01-0845,G,Composite,,01/21/2025 08:00 AM,01/20/2025 08:00 AM,01/21/2025 08:00 AM,AJ,01/23/2025,,Pass,6.14,Routine Surveillance,Ohio,WheelingWWTP-01,Sample,WWTP,01/23/2025 10:51 AM,Amy Jones
J01-0516,G,Composite,,01/13/2025 07:30 AM,01/12/2025 07:30 AM,01/13/2025 07:30 AM,AJ,01/23/2025,,Pass,0.092,Routine Surveillance,Preston,AlpineLakeWWTP-01,Sample,WWTP,01/23/2025 10:54 AM,Amy Jones
J01-0515,G,Composite,,01/05/2025 10:15 AM,01/05/2025 10:10 AM,01/06/2025 10:15 AM,AJ,01/23/2025,,Fail: Missing Required Data,,Routine Surveillance,Preston,AlpineLakeWWTP-01,Sample,WWTP,01/23/2025 10:55 AM,Amy Jones
H01-0965,G,Composite,,01/21/2025 08:00 AM,01/20/2025 08:00 AM,01/21/2025 08:00 AM,AJ,01/23/2025,,Pass,1.6,Routine Surveillance,Marshall,MoundsvilleWWTP-01,Sample,WWTP,01/23/2025 10:56 AM,Amy Jones
J01-0517,G,Composite,,01/21/2025 07:30 AM,01/20/2025 07:30 AM,01/21/2025 07:30 AM,AJ,01/23/2025,,Pass,0.120,Routine Surveillance,Preston,AlpineLakeWWTP-01,Sample,WWTP,01/23/2025 10:57 AM,Amy Jones
R02-0518,G,Composite,,01/21/2025 08:00 AM,01/20/2025 08:00 AM,01/21/2025 08:00 AM,AJ,01/23/2025,,Pass,2.14,Routine Surveillance,Randolph,ElkinsWWTP-01,Sample,WWTP,01/23/2025 10:58 AM,Amy Jones
K01-0519,G,Composite,,01/21/2025 06:24 AM,01/20/2025 06:24 AM,01/21/2025 06:24 AM,AJ,01/23/2025,,Pass,6.113,Routine Surveillance,Wood,ParkersburgWWTP-01,Sample,WWTP,01/23/2025 10:59 AM,Amy Jones
T01-0393,G,Composite,,01/21/2025 10:50 AM,01/20/2025 10:45 AM,01/21/2025 10:45 AM,AJ,01/23/2025,,Fail: Arrived Frozen,0.28,Routine Surveillance,Mason,PointPleasantWWTP-01,Sample,WWTP,01/23/2025 11:04 AM,Amy Jones
E01-0685,G,Composite,,01/17/2025 09:00 AM,01/16/2025 09:00 AM,01/17/2025 09:00 AM,AJ,01/23/2025,,Pass,4.530,Routine Surveillance,Mercer,PrincetonWWTP-01,Sample,WWTP,01/23/2025 11:05 AM,Amy Jones
E01-0686,G,Composite,,01/21/2025 09:00 AM,01/20/2025 09:00 AM,01/21/2025 09:00 AM,AJ,01/23/2025,,Pass,5.35,Routine Surveillance,Mercer,PrincetonWWTP-01,Sample,WWTP,01/23/2025 11:06 AM,Amy Jones
E01-0684,G,Composite,,01/16/2025 09:00 AM,01/15/2025 09:00 AM,01/16/2025 09:00 AM,AJ,01/23/2025,,Pass,3.407,Routine Surveillance,Mercer,PrincetonWWTP-01,Sample,WWTP,01/23/2025 11:07 AM,Amy Jones
U01-0130,G,Composite,,01/21/2025 10:00 AM,01/20/2025 10:00 AM,01/21/2025 10:00 AM,AJ,01/23/2025,,Pass,0.730,Routine Surveillance,Fayette,WhiteOakWWTP-01,Sample,WWTP,01/23/2025 11:09 AM,Amy Jones
Q01-0596,G,Composite,,01/21/2025 08:00 AM,01/20/2025 08:00 AM,01/21/2025 08:00 AM,AJ,01/23/2025,,Pass,0.720,Routine Surveillance,Boone,MadisonWWTP-01,Sample,WWTP,01/23/2025 11:09 AM,Amy Jones
A01-1152,G,Composite,,01/21/2025 12:00 AM,01/20/2025 12:00 AM,01/21/2025 12:00 AM,AJ,01/29/2025,,Pass,9.9,Routine Surveillance,Monongalia,StarCityWWTP-01,Sample,WWTP,01/29/2025 10:59 AM,Amy Jones
A01-1153,G,Composite,,01/22/2025 12:00 AM,01/21/2025 12:00 AM,01/22/2025 12:00 AM,AJ,01/29/2025,,Pass,10.9,Routine Surveillance,Monongalia,StarCityWWTP-01,Sample,WWTP,01/29/2025 11:00 AM,Amy Jones
A01-1154,G,Composite,,01/23/2025 12:00 AM,01/22/2025 12:00 AM,01/23/2025 12:00 AM,AJ,01/29/2025,,Pass,10.5,Routine Surveillance,Monongalia,StarCityWWTP-01,Sample,WWTP,01/29/2025 11:00 AM,Amy Jones
A01-1155,G,Composite,,01/25/2025 12:00 AM,01/24/2025 12:00 AM,01/25/2025 12:00 AM,AJ,01/29/2025,,Pass,9.7,Routine Surveillance,Monongalia,StarCityWWTP-01,Sample,WWTP,01/29/2025 11:01 AM,Amy Jones
A01-1156,G,Composite,,01/26/2025 12:00 AM,01/25/2025 12:00 AM,01/26/2025 12:00 AM,AJ,01/29/2025,,Pass,10.4,Routine Surveillance,Monongalia,StarCityWWTP-01,Sample,WWTP,01/29/2025 11:02 AM,Amy Jones
A01-1158,G,Composite,,01/27/2025 12:00 AM,01/26/2025 12:00 AM,01/27/2025 12:00 AM,AJ,01/29/2025,,Pass,10.4,Routine Surveillance,Monongalia,StarCityWWTP-01,Sample,WWTP,01/29/2025 11:02 AM,Amy Jones
C01-0851,G,Composite,,02/04/2025 07:00 AM,02/03/2025 07:00 AM,02/04/2025 07:00 AM,AJ,02/13/2025,,Pass,6.06,Routine Surveillance,Ohio,WheelingWWTP-01,Sample,WWTP,02/13/2025 08:55 AM,Amy Jones
C01-0852,G,Composite,,02/05/2025 07:00 AM,02/04/2025 07:00 AM,02/05/2025 07:00 AM,AJ,02/13/2025,,Pass,6.38,Routine Surveillance,Ohio,WheelingWWTP-01,Sample,WWTP,02/13/2025 08:56 AM,Amy Jones
C01-0853,G,Composite,,02/06/2025 07:00 AM,02/05/2025 07:00 AM,02/06/2025 07:00 AM,AJ,02/13/2025,,Pass,6.32,Routine Surveillance,Ohio,WheelingWWTP-01,Sample,WWTP,02/13/2025 08:57 AM,Amy Jones
C01-0854,G,Composite,,02/07/2025 07:00 AM,02/06/2025 07:00 AM,02/07/2025 07:00 AM,AJ,02/13/2025,,Pass,8.42,Routine Surveillance,Ohio,WheelingWWTP-01,Sample,WWTP,02/13/2025 08:57 AM,Amy Jones
C01-0855,G,Composite,,02/10/2025 07:00 AM,02/09/2025 07:00 AM,02/10/2025 07:00 AM,AJ,02/13/2025,,Pass,9.55,Routine Surveillance,Ohio,WheelingWWTP-01,Sample,WWTP,02/13/2025 08:58 AM,Amy Jones
H01-0968,G,Composite,,02/10/2025 08:00 AM,02/09/2025 08:00 AM,02/10/2025 08:00 AM,AJ,02/13/2025,,Pass,2.5,Routine Surveillance,Marshall,MoundsvilleWWTP-01,Sample,WWTP,02/13/2025 09:00 AM,Amy Jones
T01-0391,G,Composite,,02/11/2025 07:00 AM,02/10/2025 07:00 AM,02/11/2025 07:00 AM,AJ,02/13/2025,,Pass,0.25,Routine Surveillance,Mason,PointPleasantWWTP-01,Sample,WWTP,02/13/2025 09:01 AM,Amy Jones
N03-0552,G,Composite,,02/10/2025 07:30 AM,02/09/2025 07:30 AM,02/10/2025 07:30 AM,AJ,02/13/2025,,Pass,0.798290,Routine Surveillance,Harrison,SalemWWTP-01,Sample,WWTP,02/13/2025 09:02 AM,Amy Jones
D01-0574,G,Composite,,02/11/2025 07:00 AM,02/10/2025 07:00 AM,02/11/2025 07:00 AM,AJ,02/13/2025,,Pass,1.36,Routine Surveillance,Jefferson,CharlesTownWWTP-01,Sample,WWTP,02/13/2025 09:03 AM,Amy Jones
K01-0518,G,Composite,,02/11/2025 06:30 AM,02/10/2025 06:30 AM,02/11/2025 06:30 AM,AJ,02/13/2025,,Pass,6.151,Routine Surveillance,Wood,ParkersburgWWTP-01,Sample,WWTP,02/13/2025 09:04 AM,Amy Jones
R02-0519,G,Composite,,02/10/2025 08:00 AM,02/09/2025 08:00 AM,02/10/2025 08:00 AM,AJ,02/13/2025,,Pass,4.12,Routine Surveillance,Randolph,ElkinsWWTP-01,Sample,WWTP,02/13/2025 09:05 AM,Amy Jones
J01-0520,G,Composite,,02/10/2025 07:30 AM,02/09/2025 07:30 AM,02/10/2025 07:30 AM,AJ,02/13/2025,,Pass,0.351,Routine Surveillance,Preston,AlpineLakeWWTP-01,Sample,WWTP,02/13/2025 09:05 AM,Amy Jones
G01-0603,G,Composite,,02/10/2025 08:00 AM,02/09/2025 08:00 AM,02/10/2025 08:00 AM,AJ,02/13/2025,,Fail: Missing Required Data,,Routine Surveillance,Mineral,KeyserWWTP-01,Sample,WWTP,02/13/2025 09:06 AM,Amy Jones
V01-0001,G,,,,,,AJ,02/13/2025,,Fail: Missing Required Data,,Routine Surveillance,Hardy,MoorefieldWWTP-01,Sample,WWTP,02/13/2025 09:09 AM,Amy Jones
U01-0146,G,Composite,,02/10/2025 09:30 AM,02/09/2025 09:30 AM,02/10/2025 09:30 AM,AJ,02/13/2025,,Pass,0.827,Routine Surveillance,Fayette,WhiteOakWWTP-01,Sample,WWTP,02/13/2025 09:10 AM,Amy Jones
A01-1164,G,Composite,,02/04/2025 12:00 AM,02/03/2025 12:00 AM,02/04/2025 12:00 AM,AJ,02/13/2025,,Pass,10.6,Routine Surveillance,Monongalia,StarCityWWTP-01,Sample,WWTP,02/13/2025 09:12 AM,Amy Jones
A01-1167,G,Composite,,02/08/2025 12:00 AM,02/07/2025 12:00 AM,02/08/2025 12:00 AM,AJ,02/13/2025,,Pass,14.3,Routine Surveillance,Monongalia,StarCityWWTP-01,Sample,WWTP,02/13/2025 09:13 AM,Amy Jones
A01-1168,G,Composite,,02/09/2025 12:00 AM,02/08/2025 12:00 AM,02/09/2025 12:00 AM,AJ,02/13/2025,,Pass,16.8,Routine Surveillance,Monongalia,StarCityWWTP-01,Sample,WWTP,02/13/2025 09:13 AM,Amy Jones
A01-1165,G,Composite,,02/05/2025 12:00 AM,02/04/2025 12:00 AM,02/05/2025 12:00 AM,AJ,02/13/2025,,Pass,9.8,Routine Surveillance,Monongalia,StarCityWWTP-01,Sample,WWTP,02/13/2025 09:14 AM,Amy Jones
A01-1169,G,Composite,,02/10/2025 12:00 AM,02/09/2025 12:00 AM,02/10/2025 12:00 AM,AJ,02/13/2025,,Pass,13.0,Routine Surveillance,Monongalia,StarCityWWTP-01,Sample,WWTP,02/13/2025 09:16 AM,Amy Jones
A01-1166,G,Composite,,02/06/2025 12:00 AM,02/05/2025 12:00 AM,02/06/2025 12:00 AM,AJ,02/13/2025,,Pass,18.1,Routine Surveillance,Monongalia,StarCityWWTP-01,Sample,WWTP,02/13/2025 09:16 AM,Amy Jones
L01-0617,G,Composite,,02/10/2025 08:00 AM,02/09/2025 08:00 AM,02/10/2025 08:00 AM,AJ,02/13/2025,,Pass,0.245,Routine Surveillance,Doddridge,WestUnionWWTP-01,Sample,WWTP,02/13/2025 09:21 AM,Amy Jones
P01-0185,G,Composite,,02/10/2025 08:00 AM,02/09/2025 08:00 AM,02/10/2025 08:00 AM,AJ,02/13/2025,,Pass,0.322,Routine Surveillance,Pleasants,StMarysWWTP-01,Sample,WWTP,02/13/2025 09:22 AM,Amy Jones
A04-0650,G,Composite,,02/10/2025 08:00 AM,02/09/2025 08:00 AM,02/10/2025 08:00 AM,AJ,02/13/2025,,Pass,1.542,Routine Surveillance,Monongalia,CheatLakeWWTP-01,Sample,WWTP,02/13/2025 09:23 AM,Amy Jones
M03-0503,G,Composite,,02/10/2025 08:00 AM,02/09/2025 08:00 AM,02/10/2025 08:00 AM,AJ,02/13/2025,,Pass,0.521,Routine Surveillance,Marion,ManningtonWWTP-01,Sample,WWTP,02/13/2025 09:24 AM,Amy Jones
O01-0563,G,Composite,,02/10/2025 08:00 AM,02/09/2025 08:00 AM,02/10/2025 08:00 AM,AJ,02/13/2025,,Pass,2.38,Routine Surveillance,Taylor,GraftonWWTP-01,Sample,WWTP,02/13/2025 09:25 AM,Amy Jones
N02-0553,G,Composite,,02/10/2025 07:00 AM,02/09/2025 07:00 AM,02/10/2025 07:00 AM,AJ,02/13/2025,,Pass,6.34,Routine Surveillance,Harrison,ClarksburgWWTP-01,Sample,WWTP,02/13/2025 09:26 AM,Amy Jones
A01-1171,G,Composite,,02/12/2025 12:00 AM,02/11/2025 12:00 AM,02/12/2025 12:00 AM,AJ,02/20/2025,,Pass,12.1,Routine Surveillance,Monongalia,StarCityWWTP-01,Sample,WWTP,02/20/2025 09:40 AM,Amy Jones
A01-1173,G,Composite,,02/15/2025 12:00 AM,02/14/2025 12:00 AM,02/15/2025 12:00 AM,AJ,02/20/2025,,Pass,14.8,Routine Surveillance,Monongalia,StarCityWWTP-01,Sample,WWTP,02/20/2025 09:41 AM,Amy Jones
A01-1174,G,Composite,,02/16/2025 12:00 AM,02/15/2025 12:00 AM,02/16/2025 12:00 AM,AJ,02/20/2025,,Pass,19.2,Routine Surveillance,Monongalia,StarCityWWTP-01,Sample,WWTP,02/20/2025 09:41 AM,Amy Jones
A01-1175,G,Composite,,02/17/2025 12:00 AM,02/16/2025 12:00 AM,02/17/2025 12:00 AM,AJ,02/20/2025,,Pass,17.2,Routine Surveillance,Monongalia,StarCityWWTP-01,Sample,WWTP,02/20/2025 09:42 AM,Amy Jones
A01-1172,G,Composite,,02/13/2025 12:00 AM,02/12/2025 12:00 AM,02/13/2025 12:00 AM,AJ,02/20/2025,,Pass,14.5,Routine Surveillance,Monongalia,StarCityWWTP-01,Sample,WWTP,02/20/2025 09:43 AM,Amy Jones
A01-1170,G,Composite,,02/11/2025 12:00 AM,02/10/2025 12:00 AM,02/11/2025 12:00 AM,AJ,02/20/2025,,Pass,12.1,Routine Surveillance,Monongalia,StarCityWWTP-01,Sample,WWTP,02/20/2025 09:43 AM,Amy Jones
C01-0859,G,Composite,,02/14/2025 08:00 AM,02/13/2025 08:00 AM,02/14/2025 08:00 AM,AJ,02/20/2025,,Pass,6.67,Routine Surveillance,Ohio,WheelingWWTP-01,Sample,WWTP,02/20/2025 09:45 AM,Amy Jones
C01-0860,G,Composite,,02/17/2025 08:00 AM,02/16/2025 08:00 AM,02/17/2025 08:00 AM,AJ,02/20/2025,,Pass,7.31,Routine Surveillance,Ohio,WheelingWWTP-01,Sample,WWTP,02/20/2025 09:46 AM,Amy Jones
C01-0856,G,Composite,,02/11/2025 08:00 AM,02/10/2025 08:00 AM,02/11/2025 08:00 AM,AJ,02/20/2025,,Pass,6.55,Routine Surveillance,Ohio,WheelingWWTP-01,Sample,WWTP,02/20/2025 09:47 AM,Amy Jones
C01-0858,G,Composite,,02/13/2025 08:00 AM,02/12/2025 08:00 AM,02/13/2025 08:00 AM,AJ,02/20/2025,,Pass,6.86,Routine Surveillance,Ohio,WheelingWWTP-01,Sample,WWTP,02/20/2025 09:47 AM,Amy Jones
C01-0857,G,Composite,,02/12/2025 08:00 AM,02/11/2025 08:00 AM,02/12/2025 08:00 AM,AJ,02/20/2025,,Pass,6.97,Routine Surveillance,Ohio,WheelingWWTP-01,Sample,WWTP,02/20/2025 09:48 AM,Amy Jones
E01-0695,G,Composite,,02/12/2025 10:00 AM,02/11/2025 10:00 AM,02/12/2025 10:00 AM,AJ,02/20/2025,,Pass,6.792,Routine Surveillance,Mercer,PrincetonWWTP-01,Sample,WWTP,02/20/2025 09:49 AM,Amy Jones
E01-0694,G,Composite,,02/11/2025 10:00 AM,02/10/2025 10:00 AM,02/11/2025 10:00 AM,AJ,02/20/2025,,Pass,7.200,Routine Surveillance,Mercer,PrincetonWWTP-01,Sample,WWTP,02/20/2025 09:50 AM,Amy Jones
E01-0693,G,Composite,,02/07/2025 10:00 AM,02/06/2025 10:00 AM,02/07/2025 10:00 AM,AJ,02/20/2025,,Pass,4.361,Routine Surveillance,Mercer,PrincetonWWTP-01,Sample,WWTP,02/20/2025 09:52 AM,Amy Jones
K01-0508,G,Composite,,02/18/2025 06:30 AM,02/17/2025 06:30 AM,02/18/2025 06:30 AM,AJ,02/20/2025,,Pass,13.040,Routine Surveillance,Wood,ParkersburgWWTP-01,Sample,WWTP,02/20/2025 09:57 AM,Amy Jones
A04-0648,G,Composite,,02/18/2025 08:00 AM,02/17/2025 08:00 AM,02/18/2025 08:00 AM,AJ,02/20/2025,,Pass,1.530,Routine Surveillance,Monongalia,CheatLakeWWTP-01,Sample,WWTP,02/20/2025 09:57 AM,Amy Jones
P01-0169,G,Composite,,02/17/2025 08:00 AM,02/16/2025 08:00 AM,02/17/2025 08:00 AM,AJ,02/20/2025,,Pass,0.772,Routine Surveillance,Pleasants,StMarysWWTP-01,Sample,WWTP,02/20/2025 09:59 AM,Amy Jones
H01-0969,G,Composite,,02/18/2025 08:00 AM,02/17/2025 08:00 AM,02/18/2025 08:00 AM,AJ,02/20/2025,,Pass,3.9,Routine Surveillance,Marshall,MoundsvilleWWTP-01,Sample,WWTP,02/20/2025 10:00 AM,Amy Jones
J01-0521,G,Composite,,02/17/2025 12:30 PM,02/16/2025 12:30 PM,02/17/2025 12:30 PM,AJ,02/20/2025,,Pass,2.332,Routine Surveillance,Preston,AlpineLakeWWTP-01,Sample,WWTP,02/20/2025 10:01 AM,Amy Jones
R02-0523,G,Composite,,02/17/2025 08:00 AM,02/16/2025 08:00 AM,02/17/2025 08:00 AM,AJ,02/20/2025,,Pass,4.62,Routine Surveillance,Randolph,ElkinsWWTP-01,Sample,WWTP,02/20/2025 10:02 AM,Amy Jones
D01-0586,G,Composite,,02/18/2025 07:00 AM,02/17/2025 07:00 AM,02/18/2025 07:00 AM,AJ,02/20/2025,,Pass,1.12,Routine Surveillance,Jefferson,CharlesTownWWTP-01,Sample,WWTP,02/20/2025 10:02 AM,Amy Jones
U01-0145,G,Composite,,02/18/2025 10:00 AM,02/17/2025 10:00 AM,02/18/2025 10:00 AM,AJ,02/20/2025,,Pass,0.726,Routine Surveillance,Fayette,WhiteOakWWTP-01,Sample,WWTP,02/20/2025 11:04 AM,Amy Jones
Q01-0600,G,Composite,,02/17/2025 08:00 AM,02/16/2025 08:00 AM,02/17/2025 08:00 AM,AJ,02/20/2025,,Pass,0.980,Routine Surveillance,Boone,MadisonWWTP-01,Sample,WWTP,02/20/2025 11:05 AM,Amy Jones
Q01-0599,G,Composite,,02/10/2025 08:00 AM,02/09/2025 08:00 AM,02/10/2025 08:00 AM,AJ,02/20/2025,,Fail: Arrived Frozen,1.18,Routine Surveillance,Boone,MadisonWWTP-01,Sample,WWTP,02/20/2025 11:06 AM,Amy Jones
A01-1177,G,Composite,,02/19/2025 12:00 AM,02/18/2025 12:00 AM,02/19/2025 12:00 AM,AJ,02/27/2025,,Pass,12.2,Routine Surveillance,Monongalia,StarCityWWTP-01,Sample,WWTP,02/27/2025 09:37 AM,Amy Jones
A01-1181,G,Composite,,02/24/2025 12:00 AM,02/23/2025 12:00 AM,02/24/2025 12:00 AM,AJ,02/27/2025,,Pass,9.7,Routine Surveillance,Monongalia,StarCityWWTP-01,Sample,WWTP,02/27/2025 09:38 AM,Amy Jones
A01-1180,G,Composite,,02/23/2025 12:00 AM,02/22/2025 12:00 AM,02/23/2025 12:00 AM,AJ,02/27/2025,,Pass,9.9,Routine Surveillance,Monongalia,StarCityWWTP-01,Sample,WWTP,02/27/2025 09:38 AM,Amy Jones
A01-1178,G,Composite,,02/20/2025 12:00 AM,02/19/2025 12:00 AM,02/20/2025 12:00 AM,AJ,02/27/2025,,Pass,11.5,Routine Surveillance,Monongalia,StarCityWWTP-01,Sample,WWTP,02/27/2025 09:39 AM,Amy Jones
A01-1179,G,Composite,,02/22/2025 12:00 AM,02/21/2025 12:00 AM,02/22/2025 12:00 AM,AJ,02/27/2025,,Pass,10.0,Routine Surveillance,Monongalia,StarCityWWTP-01,Sample,WWTP,02/27/2025 09:39 AM,Amy Jones
A01-1176,G,Composite,,02/18/2025 12:00 AM,02/17/2025 12:00 AM,02/18/2025 12:00 AM,AJ,02/27/2025,,Pass,14.1,Routine Surveillance,Monongalia,StarCityWWTP-01,Sample,WWTP,02/27/2025 09:40 AM,Amy Jones
A04-0647,G,Composite,,02/24/2025 08:00 AM,02/23/2025 08:00 AM,02/24/2025 08:00 AM,AJ,02/27/2025,,Pass,0.703,Routine Surveillance,Monongalia,CheatLakeWWTP-01,Sample,WWTP,02/27/2025 09:41 AM,Amy Jones
O01-0562,G,Composite,,02/17/2025 08:00 AM,02/16/2025 08:00 AM,02/17/2025 08:00 AM,AJ,02/27/2025,,Pass,2.44,Routine Surveillance,Taylor,GraftonWWTP-01,Sample,WWTP,02/27/2025 09:42 AM,Amy Jones
O01-0565,G,Composite,,02/24/2025 08:00 AM,02/23/2025 08:00 AM,02/24/2025 08:00 AM,AJ,02/27/2025,,Pass,2.04,Routine Surveillance,Taylor,GraftonWWTP-01,Sample,WWTP,02/27/2025 09:43 AM,Amy Jones
N02-0554,G,Composite,,02/18/2025 07:00 AM,02/17/2025 07:00 AM,02/18/2025 07:00 AM,AJ,02/27/2025,,Pass,17.234,Routine Surveillance,Harrison,ClarksburgWWTP-01,Sample,WWTP,02/27/2025 09:44 AM,Amy Jones
N02-0559,G,Composite,,02/24/2025 07:00 AM,02/23/2025 07:00 AM,02/24/2025 07:00 AM,AJ,02/27/2025,,Pass,8.76,Routine Surveillance,Harrison,ClarksburgWWTP-01,Sample,WWTP,02/27/2025 09:45 AM,Amy Jones
M03-0501,G,Composite,,02/24/2025 08:00 AM,02/23/2025 08:00 AM,02/24/2025 08:00 AM,AJ,02/27/2025,,Pass,0.245,Routine Surveillance,Marion,ManningtonWWTP-01,Sample,WWTP,02/27/2025 09:46 AM,Amy Jones
P01-0182,G,Composite,,02/24/2025 07:00 AM,02/23/2025 07:00 AM,02/24/2025 07:00 AM,AJ,02/27/2025,,Pass,0.231,Routine Surveillance,Pleasants,StMarysWWTP-01,Sample,WWTP,02/27/2025 09:48 AM,Amy Jones
V01-0005,G,Composite,,02/13/2025 08:00 AM,02/12/2025 08:00 AM,02/13/2025 08:00 AM,AJ,02/27/2025,,Pass,3.82,Routine Surveillance,Hardy,MoorefieldWWTP-01,Sample,WWTP,02/27/2025 09:53 AM,Amy Jones
V01-0008,G,Composite,,02/19/2025 07:00 AM,02/18/2025 07:00 AM,02/19/2025 07:00 AM,AJ,02/27/2025,,Pass,3.86,Routine Surveillance,Hardy,MoorefieldWWTP-01,Sample,WWTP,02/27/2025 09:54 AM,Amy Jones
U01-0144,G,Composite,,02/24/2025 10:00 AM,02/23/2025 10:00 AM,02/24/2025 10:00 AM,AJ,02/27/2025,,Pass,0.60,Routine Surveillance,Fayette,WhiteOakWWTP-01,Sample,WWTP,02/27/2025 09:56 AM,Amy Jones
H01-0970,G,Composite,,02/24/2025 08:00 AM,02/23/2025 08:00 AM,02/24/2025 08:00 AM,AJ,02/27/2025,,Pass,1.8,Routine Surveillance,Marshall,MoundsvilleWWTP-01,Sample,WWTP,02/27/2025 09:56 AM,Amy Jones
T01-0392,G,Composite,,02/25/2025 07:00 AM,02/24/2025 07:00 AM,02/25/2025 07:00 AM,AJ,02/27/2025,,Pass,0.16,Routine Surveillance,Mason,PointPleasantWWTP-01,Sample,WWTP,02/27/2025 09:57 AM,Amy Jones
N03-0581,G,Composite,,02/24/2025 07:30 AM,02/23/2025 07:30 AM,02/24/2025 07:30 AM,AJ,02/27/2025,,Pass,0.36557,Routine Surveillance,Harrison,SalemWWTP-01,Sample,WWTP,02/27/2025 09:58 AM,Amy Jones
N03-0580,G,Composite,,02/18/2025 07:30 AM,02/17/2025 07:30 AM,02/18/2025 07:30 AM,AJ,02/27/2025,,Pass,0.661840,Routine Surveillance,Harrison,SalemWWTP-01,Sample,WWTP,02/27/2025 09:59 AM,Amy Jones
J01-0522,G,Composite,,02/24/2025 07:30 AM,02/23/2025 07:30 AM,02/24/2025 07:30 AM,AJ,02/27/2025,,Pass,0.149,Routine Surveillance,Preston,AlpineLakeWWTP-01,Sample,WWTP,02/27/2025 10:00 AM,Amy Jones
K01-0523,G,Composite,,02/25/2025 06:30 AM,02/24/2025 06:30 AM,02/25/2025 06:30 AM,AJ,02/27/2025,,Pass,5.656,Routine Surveillance,Wood,ParkersburgWWTP-01,Sample,WWTP,02/27/2025 10:01 AM,Amy Jones
R02-0525,G,Composite,,02/24/2025 08:00 AM,02/23/2025 08:00 AM,02/24/2025 08:00 AM,AJ,02/27/2025,,Pass,3.2,Routine Surveillance,Randolph,ElkinsWWTP-01,Sample,WWTP,02/27/2025 10:02 AM,Amy Jones
D01-0584,G,Composite,,02/25/2025 07:00 AM,02/24/2025 07:00 AM,02/25/2025 07:00 AM,AJ,02/27/2025,,Pass,1.18,Routine Surveillance,Jefferson,CharlesTownWWTP-01,Sample,WWTP,02/27/2025 10:03 AM,Amy Jones
C01-0861,G,Composite,,02/18/2025 07:00 AM,02/17/2025 07:00 AM,02/18/2025 07:00 AM,AJ,02/27/2025,,Pass,7.51,Routine Surveillance,Ohio,WheelingWWTP-01,Sample,WWTP,02/27/2025 10:08 AM,Amy Jones
C01-0862,G,Composite,,02/19/2025 07:00 AM,02/18/2025 07:00 AM,02/19/2025 07:00 AM,AJ,02/27/2025,,Pass,7.41,Routine Surveillance,Ohio,WheelingWWTP-01,Sample,WWTP,02/27/2025 10:09 AM,Amy Jones
C01-0863,G,Composite,,02/20/2025 07:00 AM,02/19/2025 07:00 AM,02/20/2025 07:00 AM,AJ,02/27/2025,,Pass,8.78,Routine Surveillance,Ohio,WheelingWWTP-01,Sample,WWTP,02/27/2025 10:09 AM,Amy Jones
C01-0864,G,Composite,,02/21/2025 07:00 AM,02/20/2025 07:00 AM,02/21/2025 07:00 AM,AJ,02/27/2025,,Pass,8.10,Routine Surveillance,Ohio,WheelingWWTP-01,Sample,WWTP,02/27/2025 10:10 AM,Amy Jones
C01-0865,G,Composite,,02/24/2025 07:00 AM,02/23/2025 07:00 AM,02/24/2025 07:00 AM,AJ,02/27/2025,,Pass,7.39,Routine Surveillance,Ohio,WheelingWWTP-01,Sample,WWTP,02/27/2025 10:11 AM,Amy Jones
G01-0606,G,Composite,,02/24/2025 08:00 AM,02/23/2025 08:00 AM,02/24/2025 08:00 AM,AJ,02/27/2025,,Pass,1.102,Routine Surveillance,Mineral,KeyserWWTP-01,Sample,WWTP,02/27/2025 10:12 AM,Amy Jones
A01-1099,G,Composite,,11/19/2024 12:00 AM,11/18/2024 12:00 AM,11/19/2024 12:00 AM,AJ,12/02/2024,,Pass,7.6,Routine Surveillance,Monongalia,StarCityWWTP-01,Sample,WWTP,12/02/2024 08:52 AM,Amy Jones
A01-1100,G,Composite,,11/20/2024 12:00 AM,11/19/2024 12:00 AM,11/20/2024 12:00 AM,AJ,12/02/2024,,Pass,9.3,Routine Surveillance,Monongalia,StarCityWWTP-01,Sample,WWTP,12/02/2024 08:53 AM,Amy Jones
A01-1101,G,Composite,,11/21/2024 12:00 AM,11/20/2024 12:00 AM,11/21/2024 12:00 AM,AJ,12/02/2024,,Pass,10.2,Routine Surveillance,Monongalia,StarCityWWTP-01,Sample,WWTP,12/02/2024 08:54 AM,Amy Jones
A01-1102,G,Composite,,11/23/2024 12:00 AM,11/22/2024 12:00 AM,11/23/2024 12:00 AM,AJ,12/02/2024,,Pass,14.3,Routine Surveillance,Monongalia,StarCityWWTP-01,Sample,WWTP,12/02/2024 08:54 AM,Amy Jones
A01-1103,G,Composite,,11/24/2024 12:00 AM,11/23/2024 12:00 AM,11/24/2024 12:00 AM,AJ,12/02/2024,,Pass,8.5,Routine Surveillance,Monongalia,StarCityWWTP-01,Sample,WWTP,12/02/2024 08:55 AM,Amy Jones
C01-0806,G,Composite,,11/19/2024 07:00 AM,11/18/2024 07:00 AM,11/19/2024 07:00 AM,AJ,12/02/2024,,Pass,4.96,Routine Surveillance,Ohio,WheelingWWTP-01,Sample,WWTP,12/02/2024 08:58 AM,Amy Jones
C01-0807,G,Composite,,11/20/2024 07:00 AM,11/19/2024 07:00 AM,11/20/2024 07:00 AM,AJ,12/02/2024,,Pass,5.01,Routine Surveillance,Ohio,WheelingWWTP-01,Sample,WWTP,12/02/2024 08:59 AM,Amy Jones
C01-0808,G,Composite,,11/21/2024 07:00 AM,11/20/2024 07:00 AM,11/21/2024 07:00 AM,AJ,12/02/2024,,Pass,4.80,Routine Surveillance,Ohio,WheelingWWTP-01,Sample,WWTP,12/02/2024 08:59 AM,Amy Jones
C01-0809,G,Composite,,11/22/2024 07:00 AM,11/21/2024 07:00 AM,11/22/2024 07:00 AM,AJ,12/02/2024,,Pass,4.47,Routine Surveillance,Ohio,WheelingWWTP-01,Sample,WWTP,12/02/2024 09:00 AM,Amy Jones
C01-0810,G,Composite,,11/25/2024 07:00 AM,11/24/2024 07:00 AM,11/25/2024 07:00 AM,AJ,12/02/2024,,Pass,4.90,Routine Surveillance,Ohio,WheelingWWTP-01,Sample,WWTP,12/02/2024 09:01 AM,Amy Jones
T01-0382,G,Composite,,11/26/2024 07:00 AM,11/25/2024 07:00 AM,11/26/2024 07:00 AM,AJ,12/02/2024,,Pass,0.08,Routine Surveillance,Mason,PointPleasantWWTP-01,Sample,WWTP,12/02/2024 09:03 AM,Amy Jones
J01-0508,G,Composite,,11/25/2024 07:30 AM,11/24/2024 07:30 AM,11/25/2024 07:30 AM,AJ,12/02/2024,,Pass,0.392,Routine Surveillance,Preston,AlpineLakeWWTP-01,Sample,WWTP,12/02/2024 09:04 AM,Amy Jones
H01-0958,G,Composite,,11/25/2024 08:00 AM,11/24/2024 08:00 AM,11/25/2024 08:00 AM,AJ,12/02/2024,,Pass,1.2,Routine Surveillance,Marshall,MoundsvilleWWTP-01,Sample,WWTP,12/02/2024 09:05 AM,Amy Jones
P01-0171,G,Composite,,11/25/2024 08:00 AM,11/24/2024 08:00 AM,11/25/2024 08:00 AM,AJ,12/02/2024,,Pass,0.224,Routine Surveillance,Pleasants,StMarysWWTP-01,Sample,WWTP,12/02/2024 09:06 AM,Amy Jones
O01-0544,G,Composite,,11/26/2024 08:00 AM,11/25/2024 08:00 AM,11/26/2024 08:00 AM,AJ,12/02/2024,,Pass,1.65,Routine Surveillance,Taylor,GraftonWWTP-01,Sample,WWTP,12/02/2024 09:07 AM,Amy Jones
T01-0381,G,Composite,,11/19/2024 07:00 AM,11/18/2024 07:00 AM,11/19/2024 07:00 AM,AJ,12/02/2024,,Pass,0.08,Routine Surveillance,Mason,PointPleasantWWTP-01,Sample,WWTP,12/02/2024 09:08 AM,Amy Jones
Q01-0587,G,Composite,,11/25/2024 08:00 AM,11/24/2024 08:00 AM,11/25/2024 08:00 AM,AJ,12/02/2024,,Pass,0.342,Routine Surveillance,Boone,MadisonWWTP-01,Sample,WWTP,12/02/2024 09:09 AM,Amy Jones
U01-0132,G,Composite,,11/25/2024 09:20 AM,11/24/2024 09:00 AM,11/25/2024 09:00 AM,AJ,12/02/2024,,Pass,0.540,Routine Surveillance,Fayette,WhiteOakWWTP-01,Sample,WWTP,12/02/2024 09:10 AM,Amy Jones
N02-0542,G,Composite,,11/26/2024 07:00 AM,11/25/2024 07:00 AM,11/26/2024 07:00 AM,AJ,12/02/2024,,Pass,7.188,Routine Surveillance,Harrison,ClarksburgWWTP-01,Sample,WWTP,12/02/2024 09:17 AM,Amy Jones
A04-0604,G,Composite,,11/25/2024 08:00 AM,11/24/2024 08:00 AM,11/25/2024 08:00 AM,AJ,12/02/2024,,Pass,0.687,Routine Surveillance,Monongalia,CheatLakeWWTP-01,Sample,WWTP,12/02/2024 09:18 AM,Amy Jones
M03-0497,G,Composite,,11/26/2024 08:00 AM,11/25/2024 08:00 AM,11/26/2024 08:00 AM,AJ,12/02/2024,,Pass,0.141,Routine Surveillance,Marion,ManningtonWWTP-01,Sample,WWTP,12/02/2024 09:19 AM,Amy Jones
R02-0507,G,Composite,,11/25/2024 08:00 AM,11/24/2024 08:00 AM,11/25/2024 08:00 AM,AJ,12/02/2024,,Pass,6.43,Routine Surveillance,Randolph,ElkinsWWTP-01,Sample,WWTP,12/02/2024 09:20 AM,Amy Jones
C01-0846,G,Composite,,01/21/2025 08:00 AM,01/20/2025 08:00 AM,01/21/2025 08:00 AM,AJ,01/29/2025,,Pass,5.67,Routine Surveillance,Ohio,WheelingWWTP-01,Sample,WWTP,01/29/2025 11:07 AM,Amy Jones
C01-0848,G,Composite,,01/23/2025 08:00 AM,01/22/2025 08:00 AM,01/23/2025 08:00 AM,AJ,01/29/2025,,Pass,5.68,Routine Surveillance,Ohio,WheelingWWTP-01,Sample,WWTP,01/29/2025 11:08 AM,Amy Jones
C01-0847,g,Composite,,01/22/2025 08:00 AM,01/21/2025 08:00 AM,01/22/2025 08:00 AM,AJ,01/29/2025,,Pass,5.67,Routine Surveillance,Ohio,WheelingWWTP-01,Sample,WWTP,01/29/2025 11:10 AM,Amy Jones
C01-0850,G,Composite,,01/27/2025 08:00 AM,01/26/2025 08:00 AM,01/27/2025 08:00 AM,AJ,01/29/2025,,Pass,6.70,Routine Surveillance,Ohio,WheelingWWTP-01,Sample,WWTP,01/29/2025 11:10 AM,Amy Jones
C01-0849,G,Composite,,01/24/2025 08:00 AM,01/23/2025 08:00 AM,01/24/2025 08:00 AM,AJ,01/29/2025,,Pass,6.60,Routine Surveillance,Ohio,WheelingWWTP-01,Sample,WWTP,01/29/2025 11:11 AM,Amy Jones
T01-0389,G,Composite,,01/28/2025 07:00 AM,01/27/2025 07:00 AM,01/28/2025 07:00 AM,AJ,01/29/2025,,Pass,0.29,Routine Surveillance,Mason,PointPleasantWWTP-01,Sample,WWTP,01/29/2025 11:13 AM,Amy Jones
R02-0517,G,Composite,,01/27/2025 08:00 AM,01/26/2025 08:00 AM,01/27/2025 08:00 AM,AJ,01/29/2025,,Pass,3.0,Routine Surveillance,Randolph,ElkinsWWTP-01,Sample,WWTP,01/29/2025 11:14 AM,Amy Jones
A04-0645,G,Composite,,01/26/2025 08:00 AM,01/25/2025 08:00 AM,01/26/2025 08:00 AM,AJ,01/29/2025,,Pass,0.616,Routine Surveillance,Monongalia,CheatLakeWWTP-01,Sample,WWTP,01/29/2025 11:15 AM,Amy Jones
G01-0611,G,Composite,,01/27/2025 08:00 AM,01/26/2025 08:00 AM,01/27/2025 08:00 AM,AJ,01/29/2025,,Pass,0.986,Routine Surveillance,Mineral,KeyserWWTP-01,Sample,WWTP,01/29/2025 11:17 AM,Amy Jones
H01-0966,G,Composite,,01/27/2025 08:00 AM,01/26/2025 08:00 AM,01/27/2025 08:00 AM,AJ,01/29/2025,,Pass,1.5,Routine Surveillance,Marshall,MoundsvilleWWTP-01,Sample,WWTP,01/29/2025 11:17 AM,Amy Jones
J01-0518,G,Composite,,01/27/2025 07:30 AM,01/26/2025 07:30 AM,01/27/2025 07:30 AM,AJ,01/29/2025,,Pass,0.090,Routine Surveillance,Preston,AlpineLakeWWTP-01,Sample,WWTP,01/29/2025 11:18 AM,Amy Jones
L01-0615,G,Composite,,01/27/2025 08:00 AM,01/26/2025 08:00 AM,01/27/2025 08:00 AM,AJ,01/29/2025,,Pass,0.251,Routine Surveillance,Doddridge,WestUnionWWTP-01,Sample,WWTP,01/29/2025 11:20 AM,Amy Jones
D01-0572,G,Composite,,01/28/2025 07:00 AM,01/27/2025 07:00 AM,01/28/2025 07:00 AM,AJ,01/29/2025,,Pass,1.10,Routine Surveillance,Jefferson,CharlesTownWWTP-01,Sample,WWTP,01/29/2025 11:21 AM,Amy Jones
A04-0636,G,Composite,,01/27/2025 08:00 AM,01/26/2025 08:00 AM,01/27/2025 08:00 AM,AJ,01/29/2025,,Pass,0.691,Routine Surveillance,Monongalia,CheatLakeWWTP-01,Sample,WWTP,01/29/2025 11:22 AM,Amy Jones
U01-0143,G,Composite,,01/27/2025 10:30 AM,01/26/2025 10:30 AM,01/28/2025 10:30 AM,AJ,01/29/2025,,Pass,0.481,Routine Surveillance,Fayette,WhiteOakWWTP-01,Sample,WWTP,01/29/2025 11:23 AM,Amy Jones
N02-0534,G,Composite,,01/27/2025 07:00 AM,01/26/2025 07:00 AM,01/27/2025 07:00 AM,AJ,01/29/2025,,Pass,8.513,Routine Surveillance,Harrison,ClarksburgWWTP-01,Sample,WWTP,01/29/2025 11:24 AM,Amy Jones
M03-0491,G,Composite,,01/27/2025 08:00 AM,01/26/2025 08:00 AM,01/27/2025 08:00 AM,AJ,01/29/2025,,Pass,0.178,Routine Surveillance,Marion,ManningtonWWTP-01,Sample,WWTP,01/29/2025 11:25 AM,Amy Jones
K01-0520,G,Composite,,01/28/2025 06:30 AM,01/27/2025 06:30 AM,01/28/2025 06:30 AM,AJ,01/29/2025,,Pass,5.178,Routine Surveillance,Wood,ParkersburgWWTP-01,Sample,WWTP,01/29/2025 11:27 AM,Amy Jones
Q01-0597,G,Composite,,01/27/2025 08:00 AM,01/26/2025 08:00 AM,01/27/2025 08:00 AM,AJ,01/29/2025,,Pass,0.421,Routine Surveillance,Boone,MadisonWWTP-01,Sample,WWTP,01/29/2025 11:28 AM,Amy Jones
O01-0310,G,Composite,,01/27/2025 08:00 AM,01/26/2025 08:00 AM,01/27/2025 08:00 AM,AJ,01/29/2025,,Pass,1.67,Routine Surveillance,Taylor,GraftonWWTP-01,Sample,WWTP,01/29/2025 11:29 AM,Amy Jones
A01-1162,G,Composite,,02/02/2025 12:00 AM,02/01/2025 12:00 AM,02/02/2025 12:00 AM,AJ,02/06/2025,,Pass,11.7,Routine Surveillance,Monongalia,StarCityWWTP-01,Sample,WWTP,02/06/2025 10:05 AM,Amy Jones
A01-1159,G,Composite,,01/28/2025 12:00 AM,01/27/2025 12:00 AM,01/28/2025 12:00 AM,AJ,02/06/2025,,Pass,10.4,Routine Surveillance,Monongalia,StarCityWWTP-01,Sample,WWTP,02/06/2025 10:06 AM,Amy Jones
A01-1157,G,Composite,,01/29/2025 12:00 AM,01/28/2025 12:00 AM,01/29/2025 12:00 AM,AJ,02/06/2025,,Pass,11.5,Routine Surveillance,Monongalia,StarCityWWTP-01,Sample,WWTP,02/06/2025 10:06 AM,Amy Jones
A01-1161,G,Composite,,02/01/2025 12:00 AM,01/31/2025 12:00 AM,02/01/2025 12:00 AM,AJ,02/06/2025,,Pass,14.5,Routine Surveillance,Monongalia,StarCityWWTP-01,Sample,WWTP,02/06/2025 10:08 AM,Amy Jones
A01-1160,G,Composite,,01/30/2025 12:00 AM,01/29/2025 12:00 AM,01/30/2025 12:00 AM,AJ,02/06/2025,,Pass,10.6,Routine Surveillance,Monongalia,StarCityWWTP-01,Sample,WWTP,02/06/2025 10:08 AM,Amy Jones
A01-1163,G,Composite,,02/03/2025 12:00 AM,02/02/2025 12:00 AM,02/03/2025 12:00 AM,AJ,02/06/2025,,Pass,11.1,Routine Surveillance,Monongalia,StarCityWWTP-01,Sample,WWTP,02/06/2025 10:09 AM,Amy Jones
A04-0646,G,Composite,,02/03/2025 08:00 AM,02/02/2025 08:00 AM,02/03/2025 08:00 AM,AJ,02/06/2025,,Pass,0.817,Routine Surveillance,Monongalia,CheatLakeWWTP-01,Sample,WWTP,02/06/2025 10:10 AM,Amy Jones
O01-0323,G,Composite,,02/03/2025 08:00 AM,02/02/2025 08:00 AM,02/03/2025 08:00 AM,AJ,02/06/2025,,Pass,1.97,Routine Surveillance,Taylor,GraftonWWTP-01,Sample,WWTP,02/06/2025 10:13 AM,Amy Jones
Q01-0598,G,Composite,,02/03/2025 08:00 AM,02/02/2025 08:00 AM,02/03/2025 08:00 AM,AJ,02/06/2025,,Pass,0.766,Routine Surveillance,Boone,MadisonWWTP-01,Sample,WWTP,02/06/2025 10:14 AM,Amy Jones
E01-0690,G,Composite,,01/31/2025 09:00 AM,01/30/2025 09:00 AM,01/31/2025 09:00 AM,AJ,02/06/2025,,Pass,12.197,Routine Surveillance,Mercer,PrincetonWWTP-01,Sample,WWTP,02/06/2025 10:15 AM,Amy Jones
E01-0692,G,Composite,,02/04/2025 09:00 AM,02/03/2025 09:00 AM,02/04/2025 09:00 AM,AJ,02/06/2025,,Pass,5.231,Routine Surveillance,Mercer,PrincetonWWTP-01,Sample,WWTP,02/06/2025 10:16 AM,Amy Jones
E01-0691,G,Composite,,02/03/2025 07:00 AM,02/02/2025 07:00 AM,02/03/2025 07:00 AM,AJ,02/06/2025,,Pass,6.70,Routine Surveillance,Mercer,PrincetonWWTP-01,Sample,WWTP,02/06/2025 10:18 AM,Amy Jones
M03-0507,G,Composite,,02/03/2025 08:00 AM,02/02/2025 08:00 AM,02/03/2025 08:00 AM,AJ,02/06/2025,,Pass,0.380,Routine Surveillance,Marion,ManningtonWWTP-01,Sample,WWTP,02/06/2025 10:19 AM,Amy Jones
P01-0186,G,Composite,,02/03/2025 08:00 AM,02/02/2025 08:00 AM,02/03/2025 08:00 AM,AJ,02/06/2025,,Pass,0.261,Routine Surveillance,Pleasants,StMarysWWTP-01,Sample,WWTP,02/06/2025 10:20 AM,Amy Jones
N02-0533,G,Composite,,02/03/2025 07:00 AM,02/02/2025 07:00 AM,02/03/2025 07:00 AM,AJ,02/06/2025,,Pass,11.8,Routine Surveillance,Harrison,ClarksburgWWTP-01,Sample,WWTP,02/06/2025 10:21 AM,Amy Jones
J01-0519,G,Composite,,02/03/2025 07:30 AM,02/02/2025 07:30 AM,02/03/2025 07:30 AM,AJ,02/06/2025,,Pass,0.330,Routine Surveillance,Preston,AlpineLakeWWTP-01,Sample,WWTP,02/06/2025 10:23 AM,Amy Jones
M04-0397,G,Composite,,02/03/2025 08:00 AM,02/02/2025 08:00 AM,02/03/2025 08:00 AM,AJ,02/06/2025,,Pass,0.260,Routine Surveillance,Marion,FarmingtonWWTP-01,Sample,WWTP,02/06/2025 10:24 AM,Amy Jones
H01-0967,G,Composite,,02/04/2025 08:00 AM,02/03/2025 08:00 AM,02/04/2025 08:00 AM,AJ,02/06/2025,,Pass,1.6,Routine Surveillance,Marshall,MoundsvilleWWTP-01,Sample,WWTP,02/06/2025 10:25 AM,Amy Jones
T01-0390,G,Composite,,02/04/2025 07:00 AM,02/03/2025 07:00 AM,02/04/2025 07:00 AM,AJ,02/06/2025,,Pass,0.27,Routine Surveillance,Mason,PointPleasantWWTP-01,Sample,WWTP,02/06/2025 10:26 AM,Amy Jones
U01-0141,G,Composite,,02/03/2025 09:00 AM,02/02/2025 09:00 AM,02/03/2025 09:00 AM,AJ,02/06/2025,,Pass,0.778,Routine Surveillance,Fayette,WhiteOakWWTP-01,Sample,WWTP,02/06/2025 10:27 AM,Amy Jones
M04-0395,G,Composite,,01/27/2025 09:00 AM,01/26/2025 09:00 AM,01/27/2025 09:00 AM,AJ,02/06/2025,,Pass,0.117,Routine Surveillance,Marion,FarmingtonWWTP-01,Sample,WWTP,02/06/2025 10:28 AM,Amy Jones
K01-0516,G,Composite,,02/04/2025 06:30 AM,02/03/2025 06:30 AM,02/04/2025 06:30 AM,AJ,02/06/2025,,Pass,5.343,Routine Surveillance,Wood,ParkersburgWWTP-01,Sample,WWTP,02/06/2025 10:29 AM,Amy Jones
R02-0515,G,Composite,,02/03/2025 08:00 AM,02/02/2025 08:00 AM,02/03/2025 08:00 AM,AJ,02/06/2025,,Pass,8.12,Routine Surveillance,Randolph,ElkinsWWTP-01,Sample,WWTP,02/06/2025 10:29 AM,Amy Jones
D01-0560,G,Composite,,02/04/2025 07:00 AM,02/03/2025 07:00 AM,02/04/2025 07:00 AM,AJ,02/06/2025,,Pass,1.06,Routine Surveillance,Jefferson,CharlesTownWWTP-01,Sample,WWTP,02/06/2025 10:30 AM,Amy Jones
G01-0605,G,Composite,,02/03/2025 08:00 AM,02/02/2025 08:00 AM,02/03/2025 08:00 AM,AJ,02/06/2025,,Pass,1.243,Routine Surveillance,Mineral,KeyserWWTP-01,Sample,WWTP,02/06/2025 10:31 AM,Amy Jones
C01-0981,G,Composite,,09/02/2025 08:00 AM,09/01/2025 08:00 AM,09/02/2025 08:00 AM,AJ,09/11/2025,,Pass,4.34,Routine Surveillance,Ohio,WheelingWWTP-01,Sample,WWTP,09/11/2025 10:18 AM,Amy Jones
C01-0982,G,Composite,,09/02/2025 08:00 AM,09/02/2025 08:00 AM,09/03/2025 08:00 AM,AJ,09/11/2025,,Pass,4.63,Routine Surveillance,Ohio,WheelingWWTP-01,Sample,WWTP,09/11/2025 10:20 AM,Amy Jones
C01-0983,G,Composite,,09/04/2025 08:00 AM,09/03/2025 08:00 AM,09/04/2025 08:00 AM,AJ,09/11/2025,,Pass,5.02,Routine Surveillance,Ohio,WheelingWWTP-01,Sample,WWTP,09/11/2025 10:21 AM,Amy Jones
C01-0984,G,Composite,,09/08/2025 08:00 AM,09/07/2025 08:00 AM,09/08/2025 08:00 AM,AJ,09/11/2025,,Pass,4.45,Routine Surveillance,Ohio,WheelingWWTP-01,Sample,WWTP,09/11/2025 10:21 AM,Amy Jones
C01-0985,G,Composite,,09/05/2025 08:00 AM,09/04/2025 08:00 AM,09/05/2025 08:00 AM,AJ,09/11/2025,,Pass,4.49,Routine Surveillance,Ohio,WheelingWWTP-01,Sample,WWTP,09/11/2025 10:23 AM,Amy Jones
K01-0553,G,Composite,,09/09/2025 06:20 AM,09/08/2025 06:30 AM,09/09/2025 06:20 AM,LS,09/11/2025,,Pass,3.705,Routine Surveillance,Wood,ParkersburgWWTP-01,Sample,WWTP,09/11/2025 10:26 AM,Amy Jones
D01-0617,G,Composite,,09/09/2025 07:00 AM,09/08/2025 07:00 AM,09/09/2025 07:00 AM,LS,09/11/2025,,Pass,1.23,Routine Surveillance,Jefferson,CharlesTownWWTP-01,Sample,WWTP,09/11/2025 10:27 AM,Amy Jones
Q01-0630,G,Composite,,09/08/2025 08:00 AM,09/07/2025 08:00 AM,09/08/2025 08:00 AM,LS,09/11/2025,,Pass,0.214,Routine Surveillance,Boone,MadisonWWTP-01,Sample,WWTP,09/11/2025 10:30 AM,Amy Jones
J01-0550,G,Composite,,09/08/2025 07:30 AM,09/07/2025 07:30 AM,09/08/2025 07:30 AM,LS,09/11/2025,,Pass,0.041,Routine Surveillance,Preston,AlpineLakeWWTP-01,Sample,WWTP,09/11/2025 10:32 AM,Amy Jones
T01-0324,G,Composite,,09/08/2025 07:20 AM,09/07/2025 07:00 AM,09/08/2025 07:20 AM,LS,09/11/2025,,Pass,0.21,Routine Surveillance,Mason,PointPleasantWWTP-01,Sample,WWTP,09/11/2025 10:35 AM,Amy Jones
R02-0554,G,Composite,,09/08/2025 08:05 AM,09/07/2025 08:00 AM,09/08/2025 08:00 AM,LS,09/11/2025,,Pass,3.73,Routine Surveillance,Randolph,ElkinsWWTP-01,Sample,WWTP,09/11/2025 10:37 AM,Amy Jones
A04-0693,G,Composite,,09/08/2025 08:00 AM,09/07/2025 08:00 AM,09/08/2025 08:00 AM,LS,09/11/2025,,Pass,0.576,Routine Surveillance,Monongalia,CheatLakeWWTP-01,Sample,WWTP,09/11/2025 10:38 AM,Amy Jones
N02-0604,G,Composite,,09/08/2025 07:00 AM,09/07/2025 07:00 AM,09/08/2025 07:00 AM,LS,09/11/2025,,Pass,5.632,Routine Surveillance,Harrison,ClarksburgWWTP-01,Sample,WWTP,09/11/2025 10:39 AM,Amy Jones
F01-0145,G,Composite,,09/03/2025 09:00 PM,09/02/2025 09:00 PM,09/03/2025 09:00 PM,LS,09/11/2025,,Pass,1.7,Routine Surveillance,Lewis,WestonWWTP-01,Sample,WWTP,09/11/2025 10:41 AM,Amy Jones
Q01-0628,G,Composite,,09/01/2025 08:00 AM,08/27/2025 08:00 AM,09/01/2025 08:00 AM,LS,09/11/2025,,Pass,0.23,Routine Surveillance,Boone,MadisonWWTP-01,Sample,WWTP,09/11/2025 10:42 AM,Amy Jones
U01-0147,G,Composite,,09/07/2025 09:40 AM,09/06/2025 09:40 AM,09/07/2025 09:40 AM,LS,09/11/2025,,Pass,0.133,Routine Surveillance,Fayette,WhiteOakWWTP-01,Sample,WWTP,09/11/2025 10:46 AM,Amy Jones
H01-0998,G,Composite,,09/08/2025 08:00 AM,09/07/2025 08:00 AM,09/08/2025 08:00 AM,LS,09/11/2025,,Pass,1,Routine Surveillance,Marshall,MoundsvilleWWTP-01,Sample,WWTP,09/11/2025 10:47 AM,Amy Jones
O01-0558,G,Composite,,08/25/2025 08:00 AM,08/24/2025 08:00 AM,08/25/2025 08:00 AM,LS,09/11/2025,,Pass,1,Routine Surveillance,Taylor,GraftonWWTP-01,Sample,WWTP,09/11/2025 10:49 AM,Amy Jones
M03-0532,G,Composite,,09/08/2025 09:00 AM,09/07/2025 09:00 AM,09/08/2025 09:00 AM,LS,09/11/2025,,Pass,0.12,Routine Surveillance,Marion,ManningtonWWTP-01,Sample,WWTP,09/11/2025 10:50 AM,Amy Jones
O01-0569,G,Composite,,09/01/2025 08:00 AM,08/31/2025 08:00 AM,09/01/2025 08:00 AM,LS,09/11/2025,,Pass,0.64,Routine Surveillance,Taylor,GraftonWWTP-01,Sample,WWTP,09/11/2025 10:51 AM,Amy Jones
M04-0419,G,Composite,,09/08/2025 08:30 AM,09/07/2025 08:00 AM,09/08/2025 08:00 AM,LS,09/11/2025,,Pass,0.126,Routine Surveillance,Marion,FarmingtonWWTP-01,Sample,WWTP,09/11/2025 10:53 AM,Amy Jones
O01-0552,G,Composite,,09/08/2025 08:00 AM,09/07/2025 08:00 AM,09/08/2025 08:00 AM,LS,09/11/2025,,Pass,0.64,Routine Surveillance,Taylor,GraftonWWTP-01,Sample,WWTP,09/11/2025 10:54 AM,Amy Jones
A01-1349,G,Composite,,09/09/2025 12:00 AM,09/08/2025 12:00 AM,09/09/2025 12:00 AM,LS,09/11/2025,,Pass,7.2,Routine Surveillance,Monongalia,StarCityWWTP-01,Sample,WWTP,09/11/2025 10:56 AM,Amy Jones
A01-1344,G,Composite,,09/03/2025 12:00 AM,09/02/2025 12:00 AM,09/03/2025 12:00 AM,LS,09/11/2025,,Pass,7.2,Routine Surveillance,Monongalia,StarCityWWTP-01,Sample,WWTP,09/11/2025 10:57 AM,Amy Jones
A01-1347,G,Composite,,09/07/2025 12:00 AM,09/06/2025 12:00 AM,09/07/2025 12:00 AM,LS,09/11/2025,,Pass,6.9,Routine Surveillance,Monongalia,StarCityWWTP-01,Sample,WWTP,09/11/2025 10:58 AM,Amy Jones
A01-1348,G,Composite,,09/08/2025 12:00 AM,09/07/2025 12:00 AM,09/08/2025 12:00 AM,LS,09/11/2025,,Pass,7.2,Routine Surveillance,Monongalia,StarCityWWTP-01,Sample,WWTP,09/11/2025 11:00 AM,Amy Jones
A01-1346,G,Composite,,09/04/2025 12:00 AM,09/03/2025 12:00 AM,09/04/2025 12:00 AM,LS,09/11/2025,,Pass,8.7,Routine Surveillance,Monongalia,StarCityWWTP-01,Sample,WWTP,09/11/2025 11:01 AM,Amy Jones
D01-1007,G,Composite,,01/20/2026 07:00 AM,01/19/2026 07:00 AM,01/20/2026 07:00 AM,aj,01/22/2026,,Pass,1.26,Routine Surveillance,Jefferson,CharlesTownWWTP-01,Sample,WWTP,01/22/2026 11:56 AM,Amy Jones
Q01-1009,G,Composite,,01/20/2026 08:00 AM,01/19/2026 08:00 AM,01/20/2026 08:00 AM,bb,01/22/2026,,Pass,0.293,Routine Surveillance,Boone,MadisonWWTP-01,Sample,WWTP,01/22/2026 11:59 AM,Amy Jones
A01-1459,G,Composite,,01/15/2026 12:00 AM,01/14/2026 12:00 AM,01/15/2026 12:00 AM,AJ,01/22/2026,,Pass,10.2,Routine Surveillance,Monongalia,StarCityWWTP-01,Sample,WWTP,01/22/2026 12:01 PM,Amy Jones
A01-1458,G,Composite,,01/14/2026 12:00 AM,01/13/2026 12:00 AM,01/14/2026 12:00 AM,AJ,01/22/2026,,Pass,10.4,Routine Surveillance,Monongalia,StarCityWWTP-01,Sample,WWTP,01/22/2026 12:02 PM,Amy Jones
G01-0653,G,Composite,,01/19/2026 09:00 AM,01/18/2026 09:00 AM,01/19/2026 09:00 AM,AJ,01/22/2026,,Pass,0.704,Routine Surveillance,Mineral,KeyserWWTP-01,Sample,WWTP,01/22/2026 12:03 PM,Amy Jones
U01-0174,G,Composite,,01/20/2026 10:00 AM,01/19/2026 08:00 AM,01/20/2026 08:00 AM,AJ,01/22/2026,,Pass,0.343,Routine Surveillance,Fayette,WhiteOakWWTP-01,Sample,WWTP,01/22/2026 12:09 PM,Amy Jones
K01-0469,G,Composite,,01/20/2026 06:21 AM,01/19/2026 06:29 AM,01/20/2026 06:21 AM,AJ,01/22/2026,,Pass,5.043,Routine Surveillance,Wood,ParkersburgWWTP-01,Sample,WWTP,01/22/2026 12:14 PM,Amy Jones
J01-1009,G,Composite,,01/19/2026 07:30 AM,01/18/2026 07:30 AM,01/19/2026 07:30 AM,AJ,01/22/2026,,Pass,0.122,Routine Surveillance,Preston,AlpineLakeWWTP-01,Sample,WWTP,01/22/2026 12:15 PM,Amy Jones
A04-0598,G,Composite,,01/13/2026 08:00 AM,01/12/2026 08:00 AM,01/13/2026 08:00 AM,AJ,01/22/2026,,Pass,0.673,Routine Surveillance,Monongalia,CheatLakeWWTP-01,Sample,WWTP,01/22/2026 12:16 PM,Amy Jones
P01-1007,G,Composite,,01/19/2026 07:00 AM,01/18/2026 07:00 AM,01/19/2026 07:00 AM,AJ,01/22/2026,,Pass,0.214,Routine Surveillance,Pleasants,StMarysWWTP-01,Sample,WWTP,01/22/2026 12:18 PM,Amy Jones
L01-1004,G,Composite,,01/19/2026 07:00 AM,01/18/2026 07:00 AM,01/19/2026 07:00 AM,AJ,01/22/2026,,Pass,0.234,Routine Surveillance,Doddridge,WestUnionWWTP-01,Sample,WWTP,01/22/2026 12:19 PM,Amy Jones
M04-0431,G,Composite,,01/19/2026 08:30 AM,01/18/2026 08:30 AM,01/19/2026 08:30 AM,AJ,01/22/2026,,Pass,0.111,Routine Surveillance,Marion,FarmingtonWWTP-01,Sample,WWTP,01/22/2026 12:20 PM,Amy Jones
M03-1005,G,Composite,,01/19/2026 11:00 AM,01/18/2026 11:00 AM,01/19/2026 11:00 AM,AJ,01/22/2026,,Pass,0.200,Routine Surveillance,Marion,ManningtonWWTP-01,Sample,WWTP,01/22/2026 12:21 PM,Amy Jones
A01-1418,G,Composite,,11/27/2025 12:00 AM,11/26/2025 12:00 AM,11/27/2025 12:00 AM,AJ,12/04/2025,,Pass,11.1,Routine Surveillance,Monongalia,StarCityWWTP-01,Sample,WWTP,12/04/2025 10:58 AM,Amy Jones
A01-1416,G,Composite,,11/25/2025 12:00 AM,11/24/2025 12:00 AM,11/25/2025 12:00 AM,AJ,12/04/2025,,Pass,14.1,Routine Surveillance,Monongalia,StarCityWWTP-01,Sample,WWTP,12/04/2025 10:59 AM,Amy Jones
A01-1421,G,Composite,,12/01/2025 12:00 AM,11/30/2025 12:00 AM,12/01/2025 12:00 AM,AJ,12/04/2025,,Pass,8.6,Routine Surveillance,Monongalia,StarCityWWTP-01,Sample,WWTP,12/04/2025 11:00 AM,Amy Jones
A01-1419,G,Composite,,11/29/2025 12:00 AM,11/28/2025 12:00 AM,11/29/2025 12:00 AM,AJ,12/04/2025,,Pass,8.5,Routine Surveillance,Monongalia,StarCityWWTP-01,Sample,WWTP,12/04/2025 11:00 AM,Amy Jones
A01-1417,G,Composite,,11/26/2025 12:00 AM,11/25/2025 12:00 AM,11/26/2025 12:00 AM,AJ,12/04/2025,,Pass,16.7,Routine Surveillance,Monongalia,StarCityWWTP-01,Sample,WWTP,12/04/2025 11:01 AM,Amy Jones
A01-1422,G,Composite,,12/02/2025 12:00 AM,12/01/2025 12:00 AM,12/02/2025 12:00 AM,AJ,12/04/2025,,Pass,9.8,Routine Surveillance,Monongalia,StarCityWWTP-01,Sample,WWTP,12/04/2025 11:02 AM,Amy Jones
A01-1420,G,Composite,,11/30/2025 12:00 AM,11/29/2025 12:00 AM,11/30/2025 12:00 AM,AJ,12/04/2025,,Pass,8.7,Routine Surveillance,Monongalia,StarCityWWTP-01,Sample,WWTP,12/04/2025 11:02 AM,Amy Jones
C01-1126,G,Composite,,11/25/2025 08:00 AM,11/24/2025 08:00 AM,11/25/2025 08:00 AM,AJ,12/04/2025,,Pass,6.7,Routine Surveillance,Ohio,WheelingWWTP-01,Sample,WWTP,12/04/2025 11:04 AM,Amy Jones
C01-1127,G,Composite,,11/26/2025 08:00 AM,11/25/2025 08:00 AM,11/26/2025 08:00 AM,AJ,12/04/2025,,Pass,6.7,Routine Surveillance,Ohio,WheelingWWTP-01,Sample,WWTP,12/04/2025 11:05 AM,Amy Jones
C01-1128,G,Composite,,11/27/2025 08:00 AM,11/26/2025 08:00 AM,11/27/2025 08:00 AM,AJ,12/04/2025,,Pass,11.6,Routine Surveillance,Ohio,WheelingWWTP-01,Sample,WWTP,12/04/2025 11:05 AM,Amy Jones
C01-1129,G,Composite,,11/28/2025 08:00 AM,11/27/2025 08:00 AM,11/28/2025 08:00 AM,AJ,12/04/2025,,Pass,10.1,Routine Surveillance,Ohio,WheelingWWTP-01,Sample,WWTP,12/04/2025 11:06 AM,Amy Jones
C01-1130,G,Composite,,12/01/2025 08:00 AM,11/29/2025 08:00 AM,11/30/2025 08:00 AM,AJ,12/04/2025,,Pass,5.9,Routine Surveillance,Ohio,WheelingWWTP-01,Sample,WWTP,12/04/2025 11:07 AM,Amy Jones
J01-1001,G,Composite,,12/01/2025 07:30 AM,11/30/2025 07:30 AM,12/01/2025 07:30 AM,AJ,12/04/2025,,Pass,0.124,Routine Surveillance,Preston,AlpineLakeWWTP-01,Sample,WWTP,12/04/2025 11:09 AM,Amy Jones
J01-1002,G,Composite,,12/01/2025 07:30 AM,11/23/2025 07:30 AM,12/01/2025 07:30 AM,AJ,12/04/2025,,Pass,0.144,Routine Surveillance,Preston,AlpineLakeWWTP-01,Sample,WWTP,12/04/2025 11:10 AM,Amy Jones
R02-1002,G,Composite,,12/01/2025 08:00 AM,11/30/2025 08:00 AM,12/01/2025 08:00 AM,AJ,12/04/2025,,Pass,2.19,Routine Surveillance,Randolph,ElkinsWWTP-01,Sample,WWTP,12/04/2025 11:12 AM,Amy Jones
D01-1001,G,Composite,,11/25/2025 07:20 AM,11/24/2025 07:00 AM,11/25/2025 07:00 AM,AJ,12/04/2025,,Pass,1.106,Routine Surveillance,Jefferson,CharlesTownWWTP-01,Sample,WWTP,12/04/2025 11:13 AM,Amy Jones
Q01-1002,G,Composite,,12/01/2025 08:00 AM,11/30/2025 08:00 AM,12/01/2025 08:00 AM,AJ,12/04/2025,,Pass,0.278,Routine Surveillance,Boone,MadisonWWTP-01,Sample,WWTP,12/04/2025 11:15 AM,Amy Jones
A04-0567,G,Composite,,12/02/2025 08:00 AM,12/01/2025 08:00 AM,12/02/2025 08:00 AM,AJ,12/04/2025,,Pass,0.502,Routine Surveillance,Monongalia,CheatLakeWWTP-01,Sample,WWTP,12/04/2025 11:17 AM,Amy Jones
K01-0543,G,Composite,,11/25/2025 06:30 AM,11/24/2025 06:30 AM,11/25/2025 06:30 AM,AJ,12/04/2025,,Pass,4.676,Routine Surveillance,Wood,ParkersburgWWTP-01,Sample,WWTP,12/04/2025 11:18 AM,Amy Jones
K01-0540,G,Composite,,12/02/2025 06:30 AM,12/01/2025 06:30 AM,12/02/2025 06:30 AM,AJ,12/04/2025,,Pass,3.954,Routine Surveillance,Wood,ParkersburgWWTP-01,Sample,WWTP,12/04/2025 11:18 AM,Amy Jones
F01-0151,G,Composite,,11/24/2025 07:00 AM,11/23/2025 07:00 AM,11/24/2025 07:00 AM,AJ,12/04/2025,,Pass,1.2,Routine Surveillance,Lewis,WestonWWTP-01,Sample,WWTP,12/04/2025 11:20 AM,Amy Jones
G01-0655,G,Composite,,12/01/2025 08:00 AM,11/30/2025 08:00 AM,12/01/2025 08:00 AM,AJ,12/04/2025,,Fail: Missing Required Data,,Routine Surveillance,Mineral,KeyserWWTP-01,Sample,WWTP,12/04/2025 11:21 AM,Amy Jones
U01-0165,G,Composite,,12/01/2025 09:52 AM,11/30/2025 09:52 AM,12/01/2025 09:52 AM,AJ,12/04/2025,,Pass,0.331,Routine Surveillance,Fayette,WhiteOakWWTP-01,Sample,WWTP,12/04/2025 11:22 AM,Amy Jones
H01-1009,G,Composite,,12/01/2025 08:00 AM,11/30/2025 08:00 AM,12/01/2025 08:00 AM,AJ,12/04/2025,,Pass,1.3,Routine Surveillance,Marshall,MoundsvilleWWTP-01,Sample,WWTP,12/04/2025 11:23 AM,Amy Jones
P01-1003,G,Composite,,12/01/2025 07:00 AM,11/30/2025 07:00 AM,12/01/2025 07:00 AM,AJ,12/04/2025,,Pass,0.193,Routine Surveillance,Pleasants,StMarysWWTP-01,Sample,WWTP,12/04/2025 11:25 AM,Amy Jones
O01-0589,G,Composite,,12/01/2025 08:00 AM,11/30/2025 08:00 AM,12/01/2025 08:00 AM,AJ,12/04/2025,,Pass,1.22,Routine Surveillance,Taylor,GraftonWWTP-01,Sample,WWTP,12/04/2025 11:26 AM,Amy Jones
M03-1000,G,Composite,,12/01/2025 08:00 AM,11/30/2025 08:00 AM,12/01/2025 08:00 AM,AJ,12/04/2025,,Pass,0.144,Routine Surveillance,Marion,ManningtonWWTP-01,Sample,WWTP,12/04/2025 11:27 AM,Amy Jones
M04-1000,G,Composite,,12/01/2025 08:15 AM,11/30/2025 08:15 AM,12/01/2025 08:15 AM,AJ,12/04/2025,,Pass,0.080,Routine Surveillance,Marion,FarmingtonWWTP-01,Sample,WWTP,12/04/2025 11:29 AM,Amy Jones
L01-0658,G,Composite,,12/01/2025 07:00 AM,11/30/2025 07:00 AM,12/01/2025 07:00 AM,AJ,12/04/2025,,Fail: Missing Required Data,,Routine Surveillance,Doddridge,WestUnionWWTP-01,Sample,WWTP,12/04/2025 11:30 AM,Amy Jones
N02-0595,G,Composite,,12/01/2025 07:00 AM,11/30/2025 07:00 AM,12/01/2025 07:00 AM,AJ,12/04/2025,,Pass,6.908,Routine Surveillance,Harrison,ClarksburgWWTP-01,Sample,WWTP,12/04/2025 11:31 AM,Amy Jones
E01-0295,TO BE REMOVED,,,,,,,,,Fail: Missing Required Data,,,Mercer,PrincetonWWTP-01,Sample,WWTP,07/17/2023 10:58 AM,Amy Jones
M04-0420,G,Composite,,07/28/2025 08:00 AM,07/27/2025 08:00 AM,07/28/2025 08:00 AM,AJ,07/29/2025,,Pass,0.117,Routine Surveillance,Marion,FarmingtonWWTP-01,Sample,WWTP,07/29/2025 09:27 AM,Amy Jones
M03-0521,G,Composite,,07/28/2025 08:00 AM,07/27/2025 08:00 AM,07/28/2025 08:00 AM,AJ,07/29/2025,,Pass,0.199,Routine Surveillance,Marion,ManningtonWWTP-01,Sample,WWTP,07/29/2025 09:28 AM,Amy Jones
N02-0589,G,Composite,,07/28/2025 07:00 AM,07/27/2025 07:00 AM,07/28/2025 07:00 AM,AJ,07/29/2025,,Pass,10.528,Routine Surveillance,Harrison,ClarksburgWWTP-01,Sample,WWTP,07/29/2025 09:29 AM,Amy Jones
L01-0644,G,Composite,,07/28/2025 08:00 AM,07/27/2025 08:00 AM,07/28/2025 08:00 AM,AJ,07/29/2025,,Pass,0.271,Routine Surveillance,Doddridge,WestUnionWWTP-01,Sample,WWTP,07/29/2025 09:31 AM,Amy Jones
P01-0195,G,Composite,,07/28/2025 07:00 AM,07/27/2025 07:00 AM,07/28/2025 07:00 AM,AJ,07/29/2025,,Pass,0.305,Routine Surveillance,Pleasants,StMarysWWTP-01,Sample,WWTP,07/29/2025 09:32 AM,Amy Jones
C01-0941,G,Composite,,07/15/2025 08:00 AM,07/14/2025 08:00 AM,07/22/2025 08:00 AM,AJ,07/22/2025,,Pass,9.8,Routine Surveillance,Ohio,WheelingWWTP-01,Sample,WWTP,07/22/2025 11:32 AM,Amy Jones
C01-0942,G,Composite,,07/16/2025 08:00 AM,07/15/2025 08:00 AM,07/16/2025 08:00 AM,AJ,07/22/2025,,Pass,8.7,Routine Surveillance,Ohio,WheelingWWTP-01,Sample,WWTP,07/22/2025 11:33 AM,Amy Jones
C01-0943,G,Composite,,07/17/2025 08:00 AM,07/16/2025 08:00 AM,07/17/2025 08:00 AM,AJ,07/22/2025,,Pass,10.7,Routine Surveillance,Ohio,WheelingWWTP-01,Sample,WWTP,07/22/2025 11:34 AM,Amy Jones
C01-0944,G,Composite,,07/18/2025 08:00 AM,07/17/2025 08:00 AM,07/18/2025 08:00 AM,AJ,07/22/2025,,Pass,9.7,Routine Surveillance,Ohio,WheelingWWTP-01,Sample,WWTP,07/22/2025 11:35 AM,Amy Jones
C01-0945,G,Composite,,07/21/2025 08:00 AM,07/20/2025 08:00 AM,07/21/2025 08:00 AM,AJ,07/22/2025,,Pass,9.3,Routine Surveillance,Ohio,WheelingWWTP-01,Sample,WWTP,07/22/2025 11:35 AM,Amy Jones
J01-0542,G,Composite,,07/21/2025 07:30 AM,07/20/2025 07:30 AM,07/21/2025 07:30 AM,AJ,07/22/2025,,Pass,0.167,Routine Surveillance,Preston,AlpineLakeWWTP-01,Sample,WWTP,07/22/2025 11:36 AM,Amy Jones
H01-0991,G,Composite,,07/21/2025 08:00 AM,07/20/2025 08:00 AM,07/21/2025 08:00 AM,AJ,07/22/2025,,Pass,1.8,Routine Surveillance,Marshall,MoundsvilleWWTP-01,Sample,WWTP,07/22/2025 11:37 AM,Amy Jones
R02-0549,G,Composite,,07/21/2025 08:00 AM,07/20/2025 08:00 AM,07/21/2025 08:00 AM,AJ,07/22/2025,,Pass,8.60,Routine Surveillance,Randolph,ElkinsWWTP-01,Sample,WWTP,07/22/2025 11:38 AM,Amy Jones
A04-0685,G,Composite,,07/15/2025 08:00 AM,07/14/2025 08:00 AM,07/15/2025 08:00 AM,AJ,07/22/2025,,Pass,0.626,Routine Surveillance,Monongalia,CheatLakeWWTP-01,Sample,WWTP,07/22/2025 11:39 AM,Amy Jones
P01-0198,G,Composite,,07/21/2025 07:00 AM,07/20/2025 07:00 AM,07/21/2025 07:00 AM,AJ,07/22/2025,,Pass,0.250,Routine Surveillance,Pleasants,StMarysWWTP-01,Sample,WWTP,07/22/2025 11:40 AM,Amy Jones
L01-0643,G,Composite,,07/21/2025 07:00 AM,07/20/2025 07:00 AM,07/21/2025 07:00 AM,AJ,07/22/2025,,Pass,0.219,Routine Surveillance,Doddridge,WestUnionWWTP-01,Sample,WWTP,07/22/2025 11:42 AM,Amy Jones
M03-0525,G,Composite,,07/21/2025 08:00 AM,07/20/2025 08:00 AM,07/21/2025 08:00 AM,AJ,07/22/2025,,Pass,0.267,Routine Surveillance,Marion,ManningtonWWTP-01,Sample,WWTP,07/22/2025 11:43 AM,Amy Jones
M04-0418,G,Composite,,07/21/2025 08:00 AM,07/20/2025 08:00 AM,07/21/2025 08:00 AM,AJ,07/22/2025,,Pass,0.098,Routine Surveillance,Marion,FarmingtonWWTP-01,Sample,WWTP,07/22/2025 11:43 AM,Amy Jones
G01-0636,G,Composite,,07/21/2025 08:00 AM,07/20/2025 09:00 AM,07/21/2025 08:00 AM,AJ,07/22/2025,,Pass,1.286,Routine Surveillance,Mineral,KeyserWWTP-01,Sample,WWTP,07/22/2025 11:44 AM,Amy Jones
T01-0410,G,Composite,,07/21/2025 08:00 AM,07/20/2025 08:00 AM,07/21/2025 08:00 AM,AJ,07/22/2025,,Pass,0.52,Routine Surveillance,Mason,PointPleasantWWTP-01,Sample,WWTP,07/22/2025 11:45 AM,Amy Jones
U01-0111,G,Composite,,07/21/2025 09:30 AM,07/20/2025 09:30 AM,07/21/2025 09:30 AM,AJ,07/22/2025,,Pass,0.418,Routine Surveillance,Fayette,WhiteOakWWTP-01,Sample,WWTP,07/22/2025 11:46 AM,Amy Jones
N02-0552,G,Composite,,07/20/2025 08:00 AM,07/20/2025 08:00 AM,07/21/2025 08:00 AM,AJ,07/22/2025,,Pass,10.7,Routine Surveillance,Harrison,ClarksburgWWTP-01,Sample,WWTP,07/22/2025 11:48 AM,Amy Jones
A01-1300,G,Composite,,07/17/2025 12:00 AM,07/16/2025 12:00 AM,07/17/2025 12:00 AM,AJ,07/22/2025,,Pass,9.7,Routine Surveillance,Monongalia,StarCityWWTP-01,Sample,WWTP,07/22/2025 11:49 AM,Amy Jones
A01-1299,G,Composite,,07/16/2025 12:00 AM,07/15/2025 12:00 AM,07/16/2025 12:00 AM,AJ,07/22/2025,,Pass,8.3,Routine Surveillance,Monongalia,StarCityWWTP-01,Sample,WWTP,07/22/2025 11:49 AM,Amy Jones
A01-1302,G,Composite,,07/20/2025 12:00 AM,07/19/2025 12:00 AM,07/20/2025 12:00 AM,AJ,07/22/2025,,Pass,10.2,Routine Surveillance,Monongalia,StarCityWWTP-01,Sample,WWTP,07/22/2025 11:50 AM,Amy Jones
A01-1301,G,Composite,,07/19/2025 12:00 AM,07/18/2025 12:00 AM,07/19/2025 12:00 AM,AJ,07/22/2025,,Pass,9.5,Routine Surveillance,Monongalia,StarCityWWTP-01,Sample,WWTP,07/22/2025 11:51 AM,Amy Jones
A04-0680,G,Composite,,07/21/2025 08:00 AM,07/20/2025 08:00 AM,07/21/2025 08:00 AM,AJ,07/23/2025,,Pass,0.728,Routine Surveillance,Monongalia,CheatLakeWWTP-01,Sample,WWTP,07/23/2025 10:29 AM,Amy Jones
D01-0602,G,Composite,,07/22/2025 07:00 AM,07/21/2025 07:00 AM,07/22/2025 07:00 AM,AJ,07/23/2025,,Pass,1.18,Routine Surveillance,Jefferson,CharlesTownWWTP-01,Sample,WWTP,07/23/2025 10:30 AM,Amy Jones
K01-0526,G,Composite,,07/22/2025 06:30 AM,07/21/2025 06:30 AM,07/22/2025 06:30 AM,AJ,07/23/2025,,Pass,8.055,Routine Surveillance,Wood,ParkersburgWWTP-01,Sample,WWTP,07/23/2025 10:31 AM,Amy Jones
A04-0689,G,Composite,,07/29/2025 08:00 AM,07/28/2025 08:00 AM,07/29/2025 08:00 AM,AJ,07/31/2025,,Pass,0.821,Routine Surveillance,Monongalia,CheatLakeWWTP-01,Sample,WWTP,07/31/2025 10:17 AM,Amy Jones
A01-1310,G,Composite,,07/27/2025 12:00 AM,07/26/2025 12:00 AM,07/27/2025 12:00 AM,AJ,07/31/2025,,Pass,12.3,Routine Surveillance,Monongalia,StarCityWWTP-01,Sample,WWTP,07/31/2025 10:18 AM,Amy Jones
A01-1312,G,Composite,,07/28/2025 12:00 AM,07/27/2025 12:00 AM,07/28/2025 12:00 AM,AJ,07/31/2025,,Pass,11.8,Routine Surveillance,Monongalia,StarCityWWTP-01,Sample,WWTP,07/31/2025 10:19 AM,Amy Jones
A01-1309,G,Composite,,07/26/2025 12:00 AM,07/25/2025 12:00 AM,07/26/2025 12:00 AM,AJ,07/31/2025,,Pass,9.8,Routine Surveillance,Monongalia,StarCityWWTP-01,Sample,WWTP,07/31/2025 10:19 AM,Amy Jones
A01-1313,G,Composite,,07/29/2025 12:00 AM,07/28/2025 12:00 AM,07/29/2025 12:00 AM,AJ,07/31/2025,,Pass,11.1,Routine Surveillance,Monongalia,StarCityWWTP-01,Sample,WWTP,07/31/2025 10:22 AM,Amy Jones
A01-1385,G,Composite,,10/22/2025 12:00 AM,10/21/2025 12:00 AM,10/22/2025 12:00 AM,AJ,10/30/2025,,Pass,9.6,Routine Surveillance,Monongalia,StarCityWWTP-01,Sample,WWTP,10/30/2025 10:06 AM,Amy Jones
A01-1388,G,Composite,,10/26/2025 12:00 AM,10/25/2025 12:00 AM,10/26/2025 12:00 AM,AJ,10/30/2025,,Pass,7.2,Routine Surveillance,Monongalia,StarCityWWTP-01,Sample,WWTP,10/30/2025 10:07 AM,Amy Jones
A01-1386,G,Composite,,10/23/2025 12:00 AM,10/22/2025 12:00 AM,10/23/2025 12:00 AM,AJ,10/30/2025,,Pass,8.2,Routine Surveillance,Monongalia,StarCityWWTP-01,Sample,WWTP,10/30/2025 10:08 AM,Amy Jones
A01-1392,G,Composite,,10/28/2025 12:00 AM,10/27/2025 12:00 AM,10/28/2025 12:00 AM,AJ,10/30/2025,,Pass,6.9,Routine Surveillance,Monongalia,StarCityWWTP-01,Sample,WWTP,10/30/2025 10:08 AM,Amy Jones
A01-1389,G,Composite,,10/27/2025 12:00 AM,10/26/2025 12:00 AM,10/27/2025 12:00 AM,AJ,10/30/2025,,Pass,7.2,Routine Surveillance,Monongalia,StarCityWWTP-01,Sample,WWTP,10/30/2025 10:09 AM,Amy Jones
A01-1387,G,Composite,,10/25/2025 12:00 AM,10/24/2025 12:00 AM,10/25/2025 12:00 AM,AJ,10/30/2025,,Pass,7.1,Routine Surveillance,Monongalia,StarCityWWTP-01,Sample,WWTP,10/30/2025 10:09 AM,Amy Jones
C01-1016,G,Composite,,10/21/2025 08:00 AM,10/20/2025 08:00 AM,10/21/2025 08:00 AM,AJ,10/30/2025,,Pass,11.7,Routine Surveillance,Ohio,WheelingWWTP-01,Sample,WWTP,10/30/2025 10:17 AM,Amy Jones
C01-1017,G,Composite,,10/22/2025 08:00 AM,10/21/2025 08:00 AM,10/22/2025 08:00 AM,AJ,10/30/2025,,Pass,7.5,Routine Surveillance,Ohio,WheelingWWTP-01,Sample,WWTP,10/30/2025 10:18 AM,Amy Jones
C01-1018,G,Composite,,10/23/2025 08:00 AM,10/22/2025 08:00 AM,10/23/2025 08:00 AM,AJ,10/30/2025,,Pass,6.9,Routine Surveillance,Ohio,WheelingWWTP-01,Sample,WWTP,10/30/2025 10:19 AM,Amy Jones
C01-1019,G,Composite,,10/24/2025 08:00 AM,10/23/2025 08:00 AM,10/24/2025 08:00 AM,AJ,10/30/2025,,Pass,6.3,Routine Surveillance,Ohio,WheelingWWTP-01,Sample,WWTP,10/30/2025 10:20 AM,Amy Jones
C01-1020,g,Composite,,10/28/2025 08:00 AM,10/27/2025 08:00 AM,10/28/2025 08:00 AM,AJ,10/30/2025,,Pass,5.9,Routine Surveillance,Ohio,WheelingWWTP-01,Sample,WWTP,10/30/2025 10:22 AM,Amy Jones
K01-0552,G,Composite,,10/28/2025 06:30 AM,10/27/2025 06:30 AM,10/28/2025 06:30 AM,AJ,10/30/2025,,Pass,3.858,Routine Surveillance,Wood,ParkersburgWWTP-01,Sample,WWTP,10/30/2025 10:23 AM,Amy Jones
H01-1004,G,Composite,,10/27/2025 08:00 AM,10/26/2025 08:00 AM,10/27/2025 08:00 AM,AJ,10/30/2025,,Pass,1.1,Routine Surveillance,Marshall,MoundsvilleWWTP-01,Sample,WWTP,10/30/2025 10:24 AM,Amy Jones
D01-0616,G,Composite,,10/28/2025 07:00 AM,10/27/2025 07:00 AM,10/28/2025 07:00 AM,AJ,10/30/2025,,Pass,1.20,Routine Surveillance,Jefferson,CharlesTownWWTP-01,Sample,WWTP,10/30/2025 10:24 AM,Amy Jones
Q01-0636,G,Composite,,10/27/2025 08:00 AM,10/26/2025 08:00 AM,10/27/2025 08:00 AM,AJ,10/30/2025,,Fail: Missing Required Data,,Routine Surveillance,Boone,MadisonWWTP-01,Sample,WWTP,10/30/2025 10:26 AM,Amy Jones
A04-0677,G,Composite,,10/20/2025 08:00 AM,10/19/2025 08:00 AM,10/20/2025 08:00 AM,AJ,10/30/2025,,Pass,0.747,Routine Surveillance,Monongalia,CheatLakeWWTP-01,Sample,WWTP,10/30/2025 10:28 AM,Amy Jones
A04-0682,G,Composite,,10/27/2025 08:00 AM,10/26/2025 08:00 AM,10/27/2025 08:00 AM,AJ,10/30/2025,,Pass,0.579,Routine Surveillance,Monongalia,CheatLakeWWTP-01,Sample,WWTP,10/30/2025 10:29 AM,Amy Jones
R02-0557,G,Composite,,10/27/2025 08:00 AM,10/26/2025 08:00 AM,10/27/2025 08:00 AM,AJ,10/30/2025,,Pass,1.59,Routine Surveillance,Randolph,ElkinsWWTP-01,Sample,WWTP,10/30/2025 10:29 AM,Amy Jones
F01-0149,G,Composite,,10/27/2025 07:00 AM,10/26/2025 07:00 AM,10/27/2025 07:00 AM,AJ,10/30/2025,,Pass,1.5,Routine Surveillance,Lewis,WestonWWTP-01,Sample,WWTP,10/30/2025 10:31 AM,Amy Jones
U01-0167,G,Composite,,10/27/2025 09:30 AM,10/26/2025 09:30 AM,10/27/2025 09:30 AM,AJ,10/30/2025,,Pass,0.164,Routine Surveillance,Fayette,WhiteOakWWTP-01,Sample,WWTP,10/30/2025 10:32 AM,Amy Jones
J01-0557,G,Composite,,10/27/2025 07:30 AM,10/26/2025 07:30 AM,10/27/2025 07:30 AM,AJ,10/30/2025,,Pass,0.041,Routine Surveillance,Preston,AlpineLakeWWTP-01,Sample,WWTP,10/30/2025 10:33 AM,Amy Jones
G01-0641,G,Composite,,10/27/2025 08:00 AM,10/26/2025 09:00 AM,10/27/2025 08:00 AM,AJ,10/30/2025,,Pass,0.602,Routine Surveillance,Mineral,KeyserWWTP-01,Sample,WWTP,10/30/2025 10:34 AM,Amy Jones
L01-0656,G,Composite,,10/27/2025 08:00 AM,10/26/2025 08:00 AM,10/27/2025 08:00 AM,AJ,10/30/2025,,Pass,0.174,Routine Surveillance,Doddridge,WestUnionWWTP-01,Sample,WWTP,10/30/2025 10:35 AM,Amy Jones
M03-0530,G,Composite,,10/27/2025 08:00 AM,10/26/2025 08:00 AM,10/27/2025 08:00 AM,AJ,10/30/2025,,Pass,0.145,Routine Surveillance,Marion,ManningtonWWTP-01,Sample,WWTP,10/30/2025 10:36 AM,Amy Jones
N02-0573,G,Composite,,10/27/2025 07:00 AM,10/26/2025 07:00 AM,10/27/2025 07:00 AM,AJ,10/30/2025,,Pass,6.12,Routine Surveillance,Harrison,ClarksburgWWTP-01,Sample,WWTP,10/30/2025 10:37 AM,Amy Jones
P01-1000,G,Composite,,10/27/2025 07:00 AM,10/26/2025 07:00 AM,10/27/2025 07:00 AM,AJ,10/30/2025,,Pass,0.185,Routine Surveillance,Pleasants,StMarysWWTP-01,Sample,WWTP,10/30/2025 10:38 AM,Amy Jones
O01-0584,G,Composite,,10/27/2025 08:00 AM,10/26/2025 08:00 AM,10/27/2025 08:00 AM,AJ,10/30/2025,,Pass,0.52,Routine Surveillance,Taylor,GraftonWWTP-01,Sample,WWTP,10/30/2025 10:39 AM,Amy Jones
Q01-0638,G,Composite,,10/20/2025 10:00 AM,10/19/2025 10:00 AM,10/20/2025 10:00 AM,AJ,10/30/2025,,Fail: Missing Required Data,,Routine Surveillance,Boone,MadisonWWTP-01,Sample,WWTP,10/30/2025 10:41 AM,Amy Jones
K01-0529,G,Composite,,06/10/2025 06:20 AM,06/09/2025 06:20 AM,06/10/2025 06:20 AM,AJ,06/12/2025,,Pass,13.612,Routine Surveillance,Wood,ParkersburgWWTP-01,Sample,WWTP,06/12/2025 11:12 AM,Amy Jones
D01-0604,G,Composite,,06/10/2025 06:45 AM,06/09/2025 06:45 AM,06/10/2025 06:45 AM,AJ,06/12/2025,,Pass,1.35,Routine Surveillance,Jefferson,CharlesTownWWTP-01,Sample,WWTP,06/12/2025 11:13 AM,Amy Jones
C01-0916,G,Composite,,06/09/2025 07:00 AM,06/08/2025 07:00 AM,06/09/2025 07:00 AM,AJ,06/19/2025,,Pass,5.55,Routine Surveillance,Ohio,WheelingWWTP-01,Sample,WWTP,06/19/2025 11:48 AM,Amy Jones
C01-0917,G,Composite,,06/10/2025 07:00 AM,06/09/2025 07:00 AM,06/10/2025 07:00 AM,AJ,06/19/2025,,Pass,5.58,Routine Surveillance,Ohio,WheelingWWTP-01,Sample,WWTP,06/19/2025 11:49 AM,Amy Jones
C01-0918,G,Composite,,06/11/2025 07:00 AM,06/10/2025 07:00 AM,06/11/2025 07:00 AM,AJ,06/19/2025,,Pass,7.17,Routine Surveillance,Ohio,WheelingWWTP-01,Sample,WWTP,06/19/2025 11:50 AM,Amy Jones
C01-0919,G,Composite,,06/12/2025 07:00 AM,06/11/2025 07:00 AM,06/12/2025 07:00 AM,AJ,06/19/2025,,Pass,7.65,Routine Surveillance,Ohio,WheelingWWTP-01,Sample,WWTP,06/19/2025 11:51 AM,Amy Jones
C01-0920,G,Composite,,06/16/2025 07:00 AM,06/15/2025 07:00 AM,06/16/2025 07:00 AM,AJ,06/19/2025,,Pass,9.67,Routine Surveillance,Ohio,WheelingWWTP-01,Sample,WWTP,06/19/2025 11:51 AM,Amy Jones
E01-0621,G,Composite,,06/06/2025 09:00 AM,06/05/2025 09:00 AM,06/06/2025 09:00 AM,AJ,06/19/2025,,Pass,6.238,Routine Surveillance,Mercer,PrincetonWWTP-01,Sample,WWTP,06/19/2025 11:53 AM,Amy Jones
E01-0622,G,Composite,,06/10/2025 09:00 AM,06/09/2025 09:00 AM,06/10/2025 09:00 AM,AJ,06/19/2025,,Pass,6.225,Routine Surveillance,Mercer,PrincetonWWTP-01,Sample,WWTP,06/19/2025 11:53 AM,Amy Jones
E01-0623,G,Composite,,06/11/2025 09:00 AM,06/10/2025 09:00 AM,06/11/2025 09:00 AM,AJ,06/19/2025,,Pass,5.275,Routine Surveillance,Mercer,PrincetonWWTP-01,Sample,WWTP,06/19/2025 11:54 AM,Amy Jones
U01-0107,G,Composite,,06/16/2025 04:10 PM,06/15/2025 04:10 PM,06/16/2025 04:10 PM,AJ,06/19/2025,,Pass,0.216,Routine Surveillance,Fayette,WhiteOakWWTP-01,Sample,WWTP,06/19/2025 11:57 AM,Amy Jones
H01-0987,G,Composite,,06/16/2025 08:00 AM,06/15/2025 08:00 AM,06/16/2025 08:00 AM,AJ,06/19/2025,,Pass,2.5,Routine Surveillance,Marshall,MoundsvilleWWTP-01,Sample,WWTP,06/19/2025 11:58 AM,Amy Jones
Q01-0616,G,Composite,,06/09/2025 08:00 AM,06/08/2025 09:00 AM,06/09/2025 08:00 AM,AJ,06/19/2025,,Pass,0.763,Routine Surveillance,Boone,MadisonWWTP-01,Sample,WWTP,06/19/2025 11:59 AM,Amy Jones
P01-0189,G,Composite,,06/16/2025 07:00 AM,06/15/2025 07:00 AM,06/16/2025 07:00 AM,AJ,06/19/2025,,Pass,0.302,Routine Surveillance,Pleasants,StMarysWWTP-01,Sample,WWTP,06/19/2025 12:00 PM,Amy Jones
O01-0305,G,Composite,,06/16/2025 08:00 AM,06/15/2025 08:00 AM,06/16/2025 08:00 AM,AJ,06/19/2025,,Pass,2.25,Routine Surveillance,Taylor,GraftonWWTP-01,Sample,WWTP,06/19/2025 12:01 PM,Amy Jones
L01-0625,G,Composite,,06/16/2025 08:00 AM,06/15/2025 08:00 AM,06/16/2025 08:00 AM,AJ,06/19/2025,,Pass,0.355,Routine Surveillance,Doddridge,WestUnionWWTP-01,Sample,WWTP,06/19/2025 12:02 PM,Amy Jones
K01-0539,G,Composite,,06/17/2025 06:30 AM,06/16/2025 06:30 AM,06/17/2025 06:30 AM,AJ,06/19/2025,,Pass,6.415,Routine Surveillance,Wood,ParkersburgWWTP-01,Sample,WWTP,06/19/2025 12:02 PM,Amy Jones
R02-0547,G,Composite,,06/16/2025 08:00 AM,06/15/2025 08:00 AM,06/16/2025 08:00 AM,AJ,06/19/2025,,Pass,3.895,Routine Surveillance,Randolph,ElkinsWWTP-01,Sample,WWTP,06/19/2025 12:03 PM,Amy Jones
J01-0538,G,Composite,,06/16/2025 07:30 AM,06/15/2025 07:30 AM,06/16/2025 07:30 AM,AJ,06/19/2025,,Pass,0.280,Routine Surveillance,Preston,AlpineLakeWWTP-01,Sample,WWTP,06/19/2025 12:04 PM,Amy Jones
A04-0695,G,Composite,,06/16/2025 08:00 AM,06/15/2025 08:00 AM,06/16/2025 08:00 AM,AJ,06/19/2025,,Pass,1.386,Routine Surveillance,Monongalia,CheatLakeWWTP-01,Sample,WWTP,06/19/2025 12:05 PM,Amy Jones
D01-0599,G,Composite,,06/17/2025 07:00 AM,06/16/2025 07:00 AM,06/17/2025 07:00 AM,AJ,06/19/2025,,Pass,1.43,Routine Surveillance,Jefferson,CharlesTownWWTP-01,Sample,WWTP,06/19/2025 12:06 PM,Amy Jones
F01-0132,G,Composite,,06/16/2025 07:00 AM,06/15/2025 07:00 AM,06/16/2025 07:00 AM,AJ,06/19/2025,,Pass,2.0,Routine Surveillance,Lewis,WestonWWTP-01,Sample,WWTP,06/19/2025 12:07 PM,Amy Jones
N02-0558,G,Composite,,06/16/2025 07:00 AM,06/15/2025 07:00 AM,06/16/2025 07:00 AM,AJ,06/19/2025,,Pass,9.36,Routine Surveillance,Harrison,ClarksburgWWTP-01,Sample,WWTP,06/19/2025 12:08 PM,Amy Jones
A01-1268,G,Composite,,06/10/2025 12:00 AM,06/09/2025 12:00 AM,06/10/2025 12:00 AM,AJ,06/19/2025,,Pass,13.5,Routine Surveillance,Monongalia,StarCityWWTP-01,Sample,WWTP,06/19/2025 12:09 PM,Amy Jones
A01-1271,G,Composite,,06/14/2025 12:00 AM,06/13/2025 12:00 AM,06/14/2025 12:00 AM,AJ,06/19/2025,,Pass,13.6,Routine Surveillance,Monongalia,StarCityWWTP-01,Sample,WWTP,06/19/2025 12:09 PM,Amy Jones
A01-1273,G,Composite,,06/16/2025 12:00 AM,06/15/2025 12:00 AM,06/16/2025 12:00 AM,AJ,06/19/2025,,Pass,16.3,Routine Surveillance,Monongalia,StarCityWWTP-01,Sample,WWTP,06/19/2025 12:10 PM,Amy Jones
A01-1267,G,Composite,,06/09/2025 12:00 AM,06/08/2025 12:00 AM,06/09/2025 12:00 AM,AJ,06/19/2025,,Pass,15.1,Routine Surveillance,Monongalia,StarCityWWTP-01,Sample,WWTP,06/19/2025 12:11 PM,Amy Jones
A01-1269,G,Composite,,06/11/2025 12:00 AM,06/10/2025 12:00 AM,06/11/2025 12:00 AM,AJ,06/19/2025,,Pass,11.2,Routine Surveillance,Monongalia,StarCityWWTP-01,Sample,WWTP,06/19/2025 12:11 PM,Amy Jones
A01-1270,G,Composite,,06/12/2025 12:00 AM,06/11/2025 12:00 AM,06/12/2025 12:00 AM,AJ,06/19/2025,,Pass,10.4,Routine Surveillance,Monongalia,StarCityWWTP-01,Sample,WWTP,06/19/2025 12:12 PM,Amy Jones
A01-1272,G,Composite,,06/15/2025 12:00 AM,06/14/2025 12:00 AM,06/15/2025 12:00 AM,AJ,06/19/2025,,Pass,16.7,Routine Surveillance,Monongalia,StarCityWWTP-01,Sample,WWTP,06/19/2025 12:12 PM,Amy Jones
A01-1275,G,Composite,,06/18/2025 12:00 AM,06/17/2025 12:00 AM,06/18/2025 12:00 AM,AJ,06/26/2025,,Pass,15.1,Routine Surveillance,Monongalia,StarCityWWTP-01,Sample,WWTP,06/26/2025 10:08 AM,Amy Jones
A01-1280,G,Composite,,06/24/2025 12:00 AM,06/23/2025 12:00 AM,06/24/2025 12:00 AM,AJ,06/26/2025,,Pass,6.9,Routine Surveillance,Monongalia,StarCityWWTP-01,Sample,WWTP,06/26/2025 10:08 AM,Amy Jones
A01-1274,G,Composite,,06/17/2025 12:00 AM,06/16/2025 12:00 AM,06/17/2025 12:00 AM,AJ,06/26/2025,,Pass,13.6,Routine Surveillance,Monongalia,StarCityWWTP-01,Sample,WWTP,06/26/2025 10:09 AM,Amy Jones
A01-1278,G,Composite,,06/22/2025 12:00 AM,06/21/2025 12:00 AM,06/22/2025 12:00 AM,AJ,06/26/2025,,Pass,8.5,Routine Surveillance,Monongalia,StarCityWWTP-01,Sample,WWTP,06/26/2025 10:09 AM,Amy Jones
A01-1276,G,Composite,,06/19/2025 12:00 AM,06/18/2025 12:00 AM,06/19/2025 12:00 AM,AJ,06/26/2025,,Pass,15.0,Routine Surveillance,Monongalia,StarCityWWTP-01,Sample,WWTP,06/26/2025 10:10 AM,Amy Jones
A01-1279,G,Composite,,06/23/2025 12:00 AM,06/22/2025 12:00 AM,06/23/2025 12:00 AM,AJ,06/26/2025,,Pass,7.9,Routine Surveillance,Monongalia,StarCityWWTP-01,Sample,WWTP,06/26/2025 10:11 AM,Amy Jones
N02-0555,G,Composite,,06/23/2025 07:00 AM,06/22/2025 07:00 AM,06/23/2025 07:00 AM,AJ,06/26/2025,,Pass,9.86,Routine Surveillance,Harrison,ClarksburgWWTP-01,Sample,WWTP,06/26/2025 10:12 AM,Amy Jones
A01-1277,G,Composite,,06/21/2025 12:00 AM,06/20/2025 12:00 AM,06/21/2025 12:00 AM,AJ,06/26/2025,,Pass,9.1,Routine Surveillance,Monongalia,StarCityWWTP-01,Sample,WWTP,06/26/2025 10:13 AM,Amy Jones
E01-0620,G,Composite,,06/13/2025 09:00 AM,06/12/2025 09:00 AM,06/13/2025 09:00 AM,AJ,06/26/2025,,Pass,5.452,Routine Surveillance,Mercer,PrincetonWWTP-01,Sample,WWTP,06/26/2025 10:15 AM,Amy Jones
E01-0624,G,Composite,,06/17/2025 09:00 AM,06/16/2025 09:00 AM,06/17/2025 09:00 AM,AJ,06/26/2025,,Pass,4.141,Routine Surveillance,Mercer,PrincetonWWTP-01,Sample,WWTP,06/26/2025 10:16 AM,Amy Jones
E01-0625,G,Composite,,06/18/2025 09:00 AM,06/17/2025 09:00 AM,06/18/2025 09:00 AM,AJ,06/26/2025,,Pass,4.714,Routine Surveillance,Mercer,PrincetonWWTP-01,Sample,WWTP,06/26/2025 10:16 AM,Amy Jones
C01-0923,G,Composite,,06/19/2025 07:00 AM,06/18/2025 07:00 AM,06/19/2025 07:00 AM,AJ,06/26/2025,,Pass,9.28,Routine Surveillance,Ohio,WheelingWWTP-01,Sample,WWTP,06/26/2025 10:17 AM,Amy Jones
C01-0924,G,Composite,,06/20/2025 07:00 AM,06/19/2025 07:00 AM,06/20/2025 07:00 AM,AJ,06/26/2025,,Pass,9.14,Routine Surveillance,Ohio,WheelingWWTP-01,Sample,WWTP,06/26/2025 10:18 AM,Amy Jones
C01-0925,G,Composite,,06/23/2025 07:00 AM,06/22/2025 07:00 AM,06/23/2025 07:00 AM,AJ,06/26/2025,,Pass,6.62,Routine Surveillance,Ohio,WheelingWWTP-01,Sample,WWTP,06/26/2025 10:19 AM,Amy Jones
C01-0922,G,Composite,,06/18/2025 07:00 AM,06/17/2025 07:00 AM,06/18/2025 07:00 AM,AJ,06/26/2025,,Pass,9.42,Routine Surveillance,Ohio,WheelingWWTP-01,Sample,WWTP,06/26/2025 10:20 AM,Amy Jones
C01-0921,G,Composite,,06/17/2025 07:00 AM,06/16/2025 07:00 AM,06/17/2025 07:00 AM,AJ,06/26/2025,,Pass,9.92,Routine Surveillance,Ohio,WheelingWWTP-01,Sample,WWTP,06/26/2025 10:21 AM,Amy Jones
Q01-0617,G,Composite,,06/16/2025 08:00 AM,06/15/2025 08:00 AM,06/16/2025 08:00 AM,AJ,06/26/2025,,Pass,0.722,Routine Surveillance,Boone,MadisonWWTP-01,Sample,WWTP,06/26/2025 10:22 AM,Amy Jones
T01-0408,G,Composite,,06/23/2025 06:00 AM,06/22/2025 06:00 AM,06/23/2025 06:00 AM,AJ,06/26/2025,,Pass,0.15,Routine Surveillance,Mason,PointPleasantWWTP-01,Sample,WWTP,06/26/2025 10:23 AM,Amy Jones
K01-0534,G,Composite,,06/24/2025 06:17 AM,06/23/2025 06:24 AM,06/24/2025 06:17 AM,AJ,06/26/2025,,Pass,5.136,Routine Surveillance,Wood,ParkersburgWWTP-01,Sample,WWTP,06/26/2025 10:24 AM,Amy Jones
O01-0306,G,Composite,,06/23/2025 08:00 AM,06/22/2025 08:00 AM,06/23/2025 08:00 AM,AJ,06/26/2025,,Pass,2.87,Routine Surveillance,Taylor,GraftonWWTP-01,Sample,WWTP,06/26/2025 10:25 AM,Amy Jones
L01-0639,G,Composite,,06/23/2025 07:00 AM,06/22/2025 07:00 AM,06/23/2025 07:00 AM,AJ,06/26/2025,,Pass,0.329,Routine Surveillance,Doddridge,WestUnionWWTP-01,Sample,WWTP,06/26/2025 10:27 AM,Amy Jones
P01-0179,G,Composite,,06/23/2025 07:00 AM,06/22/2025 07:00 AM,06/23/2025 07:00 AM,AJ,06/26/2025,,Pass,0.243,Routine Surveillance,Pleasants,StMarysWWTP-01,Sample,WWTP,06/26/2025 10:28 AM,Amy Jones
A04-0555,G,Composite,,06/23/2025 08:00 AM,06/22/2025 08:00 AM,06/23/2025 08:00 AM,AJ,06/26/2025,,Pass,0.780,Routine Surveillance,Monongalia,CheatLakeWWTP-01,Sample,WWTP,06/26/2025 10:29 AM,Amy Jones
G01-0631,G,Composite,,06/23/2025 08:00 AM,06/22/2025 08:00 AM,06/23/2025 08:00 AM,AJ,06/26/2025,,Fail: Missing Required Data,,Routine Surveillance,Mineral,KeyserWWTP-01,Sample,WWTP,06/26/2025 10:30 AM,Amy Jones
U01-0125,G,,,,,,AJ,06/26/2025,,Fail: Missing Required Data,0.192,Routine Surveillance,Fayette,WhiteOakWWTP-01,Sample,WWTP,06/26/2025 10:33 AM,Amy Jones
R02-0544,G,Composite,,06/23/2025 08:00 AM,06/22/2025 08:00 AM,06/23/2025 08:00 AM,AJ,06/26/2025,,Pass,3.55,Routine Surveillance,Randolph,ElkinsWWTP-01,Sample,WWTP,06/26/2025 10:33 AM,Amy Jones
J01-0539,G,Composite,,06/23/2025 07:30 AM,06/22/2025 06:30 AM,06/23/2025 07:30 AM,AJ,06/26/2025,,Pass,0.247,Routine Surveillance,Preston,AlpineLakeWWTP-01,Sample,WWTP,06/26/2025 10:34 AM,Amy Jones
D01-0607,G,Composite,,06/23/2025 07:15 AM,06/22/2025 07:15 AM,06/23/2025 07:15 AM,AJ,06/26/2025,,Pass,1.27,Routine Surveillance,Jefferson,CharlesTownWWTP-01,Sample,WWTP,06/26/2025 10:35 AM,Amy Jones
C01-0926,G,Composite,,06/24/2025 08:00 AM,06/23/2025 08:00 AM,06/24/2025 08:00 AM,AJ,07/02/2025,,Pass,6.62,Routine Surveillance,Ohio,WheelingWWTP-01,Sample,WWTP,07/02/2025 11:03 AM,Amy Jones
C01-0927,G,Composite,,06/25/2025 08:00 AM,06/24/2025 08:00 AM,06/25/2025 08:00 AM,AJ,07/02/2025,,Pass,6.28,Routine Surveillance,Ohio,WheelingWWTP-01,Sample,WWTP,07/02/2025 11:04 AM,Amy Jones
C01-0928,G,,,,05/25/2025 08:00 AM,06/26/2025 08:00 AM,AJ,07/02/2025,,Pass,6.71,Routine Surveillance,Ohio,WheelingWWTP-01,Sample,WWTP,07/02/2025 11:05 AM,Amy Jones
C01-0929,G,Composite,,06/27/2025 08:00 AM,06/26/2025 08:00 AM,06/27/2025 08:00 AM,AJ,07/02/2025,,Pass,10.1,Routine Surveillance,Ohio,WheelingWWTP-01,Sample,WWTP,07/02/2025 11:06 AM,Amy Jones
C01-0930,G,Composite,,06/30/2025 08:00 AM,06/29/2025 08:00 AM,06/30/2025 08:00 AM,AJ,07/02/2025,,Pass,9.5,Routine Surveillance,Ohio,WheelingWWTP-01,Sample,WWTP,07/02/2025 11:07 AM,Amy Jones
O01-0317,G,Composite,,06/24/2025 08:00 AM,06/23/2025 08:00 AM,06/24/2025 08:00 AM,AJ,07/02/2025,,Pass,1.87,Routine Surveillance,Taylor,GraftonWWTP-01,Sample,WWTP,07/02/2025 11:08 AM,Amy Jones
L01-0626,G,Composite,,06/30/2025 08:00 AM,06/29/2025 08:00 AM,06/30/2025 08:00 AM,AJ,07/02/2025,,Pass,0.306,Routine Surveillance,Doddridge,WestUnionWWTP-01,Sample,WWTP,07/02/2025 11:09 AM,Amy Jones
O01-0553,G,Composite,,06/30/2025 08:00 AM,06/29/2025 08:00 AM,06/30/2025 12:00 AM,AJ,07/02/2025,,Pass,1.46,Routine Surveillance,Taylor,GraftonWWTP-01,Sample,WWTP,07/02/2025 11:10 AM,Amy Jones
R02-0543,G,Composite,,06/30/2025 08:00 AM,06/29/2025 08:00 AM,06/30/2025 08:00 AM,AJ,07/02/2025,,Pass,3.01,Routine Surveillance,Randolph,ElkinsWWTP-01,Sample,WWTP,07/02/2025 11:11 AM,Amy Jones
G01-0637,G,Composite,,06/30/2025 09:00 AM,06/29/2025 08:00 AM,06/30/2025 08:00 AM,AJ,07/02/2025,,Pass,0.873,Routine Surveillance,Mineral,KeyserWWTP-01,Sample,WWTP,07/02/2025 11:12 AM,Amy Jones
H01-0988,G,Composite,,06/30/2025 08:00 AM,06/29/2025 08:00 AM,06/30/2025 08:00 AM,AJ,07/02/2025,,Pass,1.7,Routine Surveillance,Marshall,MoundsvilleWWTP-01,Sample,WWTP,07/02/2025 11:13 AM,Amy Jones
J01-0540,G,Composite,,06/30/2025 07:30 AM,06/29/2025 07:30 AM,06/30/2025 07:30 AM,AJ,07/02/2025,,Pass,0.112,Routine Surveillance,Preston,AlpineLakeWWTP-01,Sample,WWTP,07/02/2025 11:14 AM,Amy Jones
A04-0690,G,Composite,,07/01/2025 08:00 AM,06/30/2025 08:00 AM,07/01/2025 08:00 AM,AJ,07/02/2025,,Pass,0.782,Routine Surveillance,Monongalia,CheatLakeWWTP-01,Sample,WWTP,07/02/2025 11:15 AM,Amy Jones
N02-0549,G,Composite,,06/30/2025 07:00 AM,06/29/2025 07:00 AM,06/30/2025 07:00 AM,AJ,07/02/2025,,Pass,6.83,Routine Surveillance,Harrison,ClarksburgWWTP-01,Sample,WWTP,07/02/2025 11:16 AM,Amy Jones
A01-1282,G,Composite,,06/26/2025 12:00 AM,06/25/2025 12:00 AM,06/26/2025 12:00 AM,AJ,07/02/2025,,Pass,7.9,Routine Surveillance,Monongalia,StarCityWWTP-01,Sample,WWTP,07/02/2025 11:17 AM,Amy Jones
A01-1285,G,Composite,,06/30/2025 12:00 AM,06/29/2025 12:00 AM,06/30/2025 12:00 AM,AJ,07/02/2025,,Pass,8.2,Routine Surveillance,Monongalia,StarCityWWTP-01,Sample,WWTP,07/02/2025 11:18 AM,Amy Jones
C01-0906,G,Composite,,05/27/2025 07:00 AM,05/26/2025 07:00 AM,05/27/2025 07:00 AM,AJ,07/02/2025,,Pass,6.4,Routine Surveillance,Ohio,WheelingWWTP-01,Sample,WWTP,07/02/2025 11:28 AM,Amy Jones
A01-1281,G,Composite,,06/25/2025 12:00 AM,06/24/2025 12:00 AM,06/25/2025 12:00 AM,AJ,07/02/2025,,Pass,6.9,Routine Surveillance,Monongalia,StarCityWWTP-01,Sample,WWTP,07/02/2025 11:41 AM,Amy Jones
A01-1283,G,Composite,,06/28/2025 12:00 AM,06/27/2025 12:00 AM,06/28/2025 12:00 AM,AJ,07/02/2025,,Pass,10.2,Routine Surveillance,Monongalia,StarCityWWTP-01,Sample,WWTP,07/02/2025 11:42 AM,Amy Jones
A01-1286,G,Composite,,07/01/2025 12:00 AM,06/30/2025 12:00 AM,07/01/2025 12:00 AM,AJ,07/02/2025,,Pass,12.7,Routine Surveillance,Monongalia,StarCityWWTP-01,Sample,WWTP,07/02/2025 11:42 AM,Amy Jones
A01-1284,G,Composite,,06/29/2025 12:00 AM,06/28/2025 12:00 AM,06/29/2025 12:00 AM,AJ,07/02/2025,,Pass,8.0,Routine Surveillance,Monongalia,StarCityWWTP-01,Sample,WWTP,07/02/2025 11:43 AM,Amy Jones
K01-0536,G,Composite,,07/01/2025 06:30 AM,06/30/2025 06:30 AM,07/01/2025 06:30 AM,AJ,07/02/2025,,Pass,4.771,Routine Surveillance,Wood,ParkersburgWWTP-01,Sample,WWTP,07/02/2025 12:21 PM,Amy Jones
D01-0603,G,Composite,,07/01/2025 07:00 AM,06/30/2025 07:00 AM,07/01/2025 07:00 AM,AJ,07/02/2025,,Pass,1.11,Routine Surveillance,Jefferson,CharlesTownWWTP-01,Sample,WWTP,07/02/2025 12:22 PM,Amy Jones
C01-0931,G,Composite,,07/01/2025 07:00 AM,06/30/2025 07:00 AM,07/01/2025 07:00 AM,AJ,07/09/2025,,Pass,8.88,Routine Surveillance,Ohio,WheelingWWTP-01,Sample,WWTP,07/09/2025 12:35 PM,Amy Jones
C01-0932,G,Composite,,07/02/2025 07:00 AM,07/01/2025 07:00 AM,07/02/2025 07:00 AM,AJ,07/09/2025,,Pass,8.53,Routine Surveillance,Ohio,WheelingWWTP-01,Sample,WWTP,07/09/2025 12:36 PM,Amy Jones
C01-0933,G,Composite,,07/03/2025 07:00 AM,07/02/2025 07:00 AM,07/03/2025 07:00 AM,AJ,07/09/2025,,Pass,8.34,Routine Surveillance,Ohio,WheelingWWTP-01,Sample,WWTP,07/09/2025 12:37 PM,Amy Jones
C01-0934,G,Composite,,07/04/2025 07:00 AM,07/03/2025 07:00 AM,07/04/2025 07:00 AM,AJ,07/09/2025,,Pass,8.42,Routine Surveillance,Ohio,WheelingWWTP-01,Sample,WWTP,07/09/2025 12:38 PM,Amy Jones
C01-0935,G,Composite,,07/07/2025 07:00 AM,07/06/2025 07:00 AM,07/07/2025 07:00 AM,AJ,07/09/2025,,Pass,7.75,Routine Surveillance,Ohio,WheelingWWTP-01,Sample,WWTP,07/09/2025 12:39 PM,Amy Jones
T01-0406,G,Composite,,07/07/2025 08:00 AM,07/06/2025 08:00 AM,07/07/2025 08:00 AM,AJ,07/09/2025,,Pass,0.20,Routine Surveillance,Mason,PointPleasantWWTP-01,Sample,WWTP,07/09/2025 12:40 PM,Amy Jones
U01-0157,G,Composite,,07/07/2025 09:00 AM,07/06/2025 09:00 AM,07/07/2025 09:00 AM,AJ,07/09/2025,,Pass,0.171,Routine Surveillance,Fayette,WhiteOakWWTP-01,Sample,WWTP,07/09/2025 12:41 PM,Amy Jones
H01-0989,G,Composite,,07/07/2025 08:00 AM,07/06/2025 08:00 AM,07/07/2025 08:00 AM,,,,,1.5,Routine Surveillance,Marshall,MoundsvilleWWTP-01,Sample,WWTP,07/09/2025 12:42 PM,Amy Jones
Q01-0619,G,Composite,,07/07/2025 08:00 AM,07/06/2025 08:00 AM,07/07/2025 08:00 AM,AJ,07/09/2025,,Pass,0.350,Routine Surveillance,Boone,MadisonWWTP-01,Sample,WWTP,07/09/2025 12:45 PM,Amy Jones
Q01-0618,G,Composite,,06/30/2025 08:00 AM,06/29/2025 08:00 AM,06/30/2025 08:00 AM,AJ,07/09/2025,,Pass,0.392,Routine Surveillance,Boone,MadisonWWTP-01,Sample,WWTP,07/09/2025 12:46 PM,Amy Jones
J01-0541,G,Composite,,07/07/2025 07:30 AM,07/06/2025 07:30 AM,07/07/2025 07:30 AM,AJ,07/09/2025,,Pass,0.095,Routine Surveillance,Preston,AlpineLakeWWTP-01,Sample,WWTP,07/09/2025 12:47 PM,Amy Jones
T01-0411,G,Composite,,06/30/2025 07:00 AM,06/29/2025 07:00 AM,06/30/2025 07:00 AM,AJ,07/09/2025,,Pass,0.31,Routine Surveillance,Mason,PointPleasantWWTP-01,Sample,WWTP,07/09/2025 12:48 PM,Amy Jones
M04-0417,G,Composite,,07/07/2025 08:00 AM,07/06/2025 08:00 AM,07/07/2025 08:00 AM,AJ,07/09/2025,,Pass,0.081,Routine Surveillance,Marion,FarmingtonWWTP-01,Sample,WWTP,07/09/2025 12:49 PM,Amy Jones
R02-0548,G,Composite,,07/07/2025 08:00 AM,07/06/2025 08:00 AM,07/07/2025 08:00 AM,AJ,07/09/2025,,Pass,3.42,Routine Surveillance,Randolph,ElkinsWWTP-01,Sample,WWTP,07/09/2025 12:50 PM,Amy Jones
D01-0606,G,Composite,,07/08/2025 07:00 AM,07/07/2025 07:00 AM,07/08/2025 07:00 AM,AJ,07/09/2025,,Pass,1.10,Routine Surveillance,Jefferson,CharlesTownWWTP-01,Sample,WWTP,07/09/2025 12:51 PM,Amy Jones
K01-0530,G,Composite,,07/08/2025 06:30 AM,07/07/2025 06:30 AM,07/08/2025 06:30 AM,AJ,07/09/2025,,Pass,4.134,Routine Surveillance,Wood,ParkersburgWWTP-01,Sample,WWTP,07/09/2025 12:52 PM,Amy Jones
G01-0632,G,Composite,,07/07/2025 08:00 AM,07/06/2025 08:00 AM,07/07/2025 08:00 AM,AJ,07/09/2025,,Pass,0.761,Routine Surveillance,Mineral,KeyserWWTP-01,Sample,WWTP,07/09/2025 12:53 PM,Amy Jones
L01-0624,G,Composite,,07/07/2025 08:00 AM,07/06/2025 08:00 AM,07/07/2025 08:00 AM,AJ,07/09/2025,0.191,Pass,,Routine Surveillance,Doddridge,WestUnionWWTP-01,Sample,WWTP,07/09/2025 12:54 PM,Amy Jones
M03-0519,G,Composite,,07/07/2025 08:30 AM,07/06/2025 08:30 AM,07/07/2025 08:30 AM,AJ,07/09/2025,,Pass,0.185,Routine Surveillance,Marion,ManningtonWWTP-01,Sample,WWTP,07/09/2025 12:57 PM,Amy Jones
A04-0574,G,Composite,,07/07/2025 08:00 AM,07/06/2025 08:00 AM,07/07/2025 08:00 AM,AJ,07/09/2025,,Pass,0.612,Routine Surveillance,Monongalia,CheatLakeWWTP-01,Sample,WWTP,07/09/2025 12:58 PM,Amy Jones
P01-0199,G,Composite,,07/07/2025 07:00 AM,07/06/2025 07:00 AM,07/07/2025 07:00 AM,AJ,07/09/2025,,Pass,0.192,Routine Surveillance,Pleasants,StMarysWWTP-01,Sample,WWTP,07/09/2025 12:59 PM,Amy Jones
O01-0556,G,Composite,,07/07/2025 08:00 AM,07/06/2025 08:00 AM,07/07/2025 08:00 AM,AJ,07/09/2025,,Pass,0.73,Routine Surveillance,Taylor,GraftonWWTP-01,Sample,WWTP,07/09/2025 01:00 PM,Amy Jones
A01-1290,G,Composite,,07/06/2025 12:00 AM,07/05/2025 12:00 AM,07/06/2025 12:00 AM,AJ,07/09/2025,,Pass,6.5,Routine Surveillance,Monongalia,StarCityWWTP-01,Sample,WWTP,07/09/2025 01:02 PM,Amy Jones
A01-1289,G,Composite,,07/05/2025 12:00 AM,07/04/2025 12:00 AM,07/05/2025 12:00 AM,AJ,07/09/2025,,Pass,6.1,Routine Surveillance,Monongalia,StarCityWWTP-01,Sample,WWTP,07/09/2025 01:02 PM,Amy Jones
A01-1287,G,Composite,,07/02/2025 12:00 AM,07/01/2025 12:00 AM,07/02/2025 12:00 AM,AJ,07/09/2025,,Pass,11.2,Routine Surveillance,Monongalia,StarCityWWTP-01,Sample,WWTP,07/09/2025 01:03 PM,Amy Jones
A01-1288,G,Composite,,07/03/2025 12:00 AM,07/02/2025 12:00 AM,07/03/2025 12:00 AM,AJ,07/09/2025,,Pass,8.8,Routine Surveillance,Monongalia,StarCityWWTP-01,Sample,WWTP,07/09/2025 01:04 PM,Amy Jones
N02-0564,G,Composite,,07/07/2025 07:00 AM,07/06/2025 07:00 AM,07/07/2025 07:00 AM,AJ,07/09/2025,,Pass,6.53,Routine Surveillance,Harrison,ClarksburgWWTP-01,Sample,WWTP,07/09/2025 01:04 PM,Amy Jones
M04-036,TO BE REMOVED,,,,,,,,,,,,,,,,06/01/2022 12:03 PM,Amy Jones
C1-0188,TO BE REMOVED,,,,,,,,,,,,,,,,07/01/2022 12:48 PM,Amy Jones
M01-0029,TO BE REMOVED,,,,,,,,,,,,,,,,04/12/2022 02:27 PM,Amy Jones
A03-0371,TO BE REMOVED,,,,,,,,,,,,,,,,03/11/2022 11:32 AM,Amy Jones
C01-034,TO BE REMOVED,,,,,,,,,,,,,,,,04/22/2022 01:49 PM,Amy Jones
J01-0419,G,Composite,,09/03/2024 07:30 AM,09/02/2024 07:30 AM,09/03/2024 07:30 AM,AJ,09/05/2024,,Pass,0.055,Routine Surveillance,Preston,AlpineLakeWWTP-01,Sample,WWTP,09/05/2024 02:34 PM,Amy Jones
R02-0452,G,Composite,,09/02/2024 08:00 AM,09/01/2024 08:00 AM,09/02/2024 08:00 AM,AJ,09/05/2024,,Pass,2.6,Routine Surveillance,Randolph,ElkinsWWTP-01,Sample,WWTP,09/05/2024 02:35 PM,Amy Jones
R02-0513,G,Composite,,11/18/2024 08:00 AM,11/17/2024 08:00 AM,11/18/2024 08:00 AM,AJ,11/21/2024,,Pass,3.40,Routine Surveillance,Randolph,ElkinsWWTP-01,Sample,WWTP,11/21/2024 10:33 AM,Amy Jones
E01-0675,G,Composite,,11/15/2024 09:00 AM,11/14/2024 09:00 AM,11/15/2024 09:00 AM,AJ,11/21/2024,,Pass,3.846,Routine Surveillance,Mercer,PrincetonWWTP-01,Sample,WWTP,11/21/2024 10:43 AM,Amy Jones
E01-0676,G,Composite,,11/19/2024 09:00 AM,11/18/2024 09:00 AM,11/19/2024 09:00 AM,AJ,11/21/2024,,Pass,2.507,Routine Surveillance,Mercer,PrincetonWWTP-01,Sample,WWTP,11/21/2024 10:44 AM,Amy Jones
E01-0677,G,Composite,,11/20/2024 09:00 AM,11/19/2024 09:00 AM,11/20/2024 09:00 AM,AJ,11/21/2024,,Pass,4.046,Routine Surveillance,Mercer,PrincetonWWTP-01,Sample,WWTP,11/21/2024 10:44 AM,Amy Jones
Q01-0586,G,Composite,,11/18/2024 08:00 AM,11/17/2024 08:00 AM,11/18/2024 08:00 AM,AJ,11/21/2024,,Pass,0.277,Routine Surveillance,Boone,MadisonWWTP-01,Sample,WWTP,11/21/2024 10:45 AM,Amy Jones
A01-1104,G,Composite,,11/25/2024 12:00 AM,11/24/2024 12:00 AM,11/25/2024 12:00 AM,AJ,12/05/2024,,Pass,7.5,Routine Surveillance,Monongalia,StarCityWWTP-01,Sample,WWTP,12/05/2024 09:59 AM,Amy Jones
A04-0637,G,Composite,,12/02/2024 08:00 AM,12/01/2024 08:00 AM,12/02/2024 08:00 AM,AJ,12/05/2024,,Pass,0.660,Routine Surveillance,Monongalia,CheatLakeWWTP-01,Sample,WWTP,12/05/2024 09:59 AM,Amy Jones
A01-1110,G,Composite,,12/02/2024 12:00 AM,12/01/2024 12:00 AM,12/02/2024 12:00 AM,AJ,12/05/2024,,Pass,8.2,Routine Surveillance,Monongalia,StarCityWWTP-01,Sample,WWTP,12/05/2024 10:00 AM,Amy Jones
A01-1109,G,Composite,,12/03/2024 12:00 AM,12/02/2024 12:00 AM,12/03/2024 12:00 AM,AJ,12/05/2024,,Pass,7.8,Routine Surveillance,Monongalia,StarCityWWTP-01,Sample,WWTP,12/05/2024 10:01 AM,Amy Jones
A01-1107,G,Composite,,11/28/2024 12:00 AM,11/27/2024 12:00 AM,11/28/2024 12:00 AM,AJ,12/05/2024,,Pass,15.7,Routine Surveillance,Monongalia,StarCityWWTP-01,Sample,WWTP,12/05/2024 10:02 AM,Amy Jones
A01-1111,G,Composite,,12/04/2024 12:00 AM,12/03/2024 12:00 AM,12/04/2024 12:00 AM,AJ,12/05/2024,,Pass,7.7,Routine Surveillance,Monongalia,StarCityWWTP-01,Sample,WWTP,12/05/2024 10:02 AM,Amy Jones
A01-1105,G,Composite,,11/26/2024 12:00 AM,11/25/2024 12:00 AM,11/26/2024 12:00 AM,AJ,12/05/2024,,Pass,14.3,Routine Surveillance,Monongalia,StarCityWWTP-01,Sample,WWTP,12/05/2024 10:03 AM,Amy Jones
A01-1108,G,Composite,,12/01/2024 12:00 AM,11/30/2024 12:00 AM,12/01/2024 12:00 AM,AJ,12/05/2024,,Pass,8.1,Routine Surveillance,Monongalia,StarCityWWTP-01,Sample,WWTP,12/05/2024 10:04 AM,Amy Jones
A01-1106,G,Composite,,11/27/2024 12:00 AM,11/26/2024 12:00 AM,11/27/2024 12:00 AM,AJ,12/05/2024,,Pass,9.3,Routine Surveillance,Monongalia,StarCityWWTP-01,Sample,WWTP,12/05/2024 10:04 AM,Amy Jones
E01-0679,G,Composite,,11/26/2024 09:00 AM,11/25/2024 09:00 AM,11/26/2024 09:00 AM,AJ,12/05/2024,,Pass,3.010,Routine Surveillance,Mercer,PrincetonWWTP-01,Sample,WWTP,12/05/2024 10:07 AM,Amy Jones
E01-0678,G,Composite,,11/22/2024 09:00 AM,11/21/2024 09:00 AM,11/22/2024 09:00 AM,AJ,12/05/2024,,Pass,3.047,Routine Surveillance,Mercer,PrincetonWWTP-01,Sample,WWTP,12/05/2024 10:08 AM,Amy Jones
E01-0680,G,Composite,,11/27/2024 09:00 AM,11/26/2024 09:00 AM,11/27/2024 09:00 AM,AJ,12/05/2024,,Pass,2.978,Routine Surveillance,Mercer,PrincetonWWTP-01,Sample,WWTP,12/05/2024 10:08 AM,Amy Jones
C01-0814,G,Composite,,11/29/2024 08:00 AM,11/28/2024 08:00 AM,11/29/2024 08:00 AM,AJ,12/05/2024,,Pass,3.01,Routine Surveillance,Ohio,WheelingWWTP-01,Sample,WWTP,12/05/2024 10:09 AM,Amy Jones
C01-0815,G,Composite,,12/02/2024 08:00 AM,12/01/2024 08:00 AM,12/02/2024 08:00 AM,AJ,12/05/2024,,Pass,3.10,Routine Surveillance,Ohio,WheelingWWTP-01,Sample,WWTP,12/05/2024 10:10 AM,Amy Jones
C01-0811,G,Composite,,11/26/2024 08:00 AM,11/25/2024 08:00 AM,11/26/2024 08:00 AM,AJ,12/05/2024,,Pass,4.67,Routine Surveillance,Ohio,WheelingWWTP-01,Sample,WWTP,12/05/2024 10:11 AM,Amy Jones
C01-0812,G,Composite,,11/27/2024 08:00 AM,11/26/2024 08:00 AM,11/27/2024 08:00 AM,AJ,12/05/2024,,Pass,5.11,Routine Surveillance,Ohio,WheelingWWTP-01,Sample,WWTP,12/05/2024 10:12 AM,Amy Jones
C01-0813,G,Composite,,11/28/2024 08:00 AM,11/27/2024 08:00 AM,11/28/2024 08:00 AM,AJ,12/05/2024,,Pass,3.97,Routine Surveillance,Ohio,WheelingWWTP-01,Sample,WWTP,12/05/2024 10:14 AM,Amy Jones
K01-0509,G,Composite,,12/03/2024 06:30 AM,12/02/2024 06:30 AM,12/03/2024 06:30 AM,AJ,12/05/2024,,Pass,4.247,Routine Surveillance,Wood,ParkersburgWWTP-01,Sample,WWTP,12/05/2024 10:16 AM,Amy Jones
R02-0512,G,Composite,,12/03/2024 08:00 AM,12/02/2024 08:00 AM,12/03/2024 08:00 AM,AJ,12/05/2024,,Pass,4.11,Routine Surveillance,Randolph,ElkinsWWTP-01,Sample,WWTP,12/05/2024 10:17 AM,Amy Jones
D01-0556,G,Composite,,12/03/2024 07:00 AM,12/02/2024 07:00 AM,12/03/2024 07:00 AM,AJ,12/05/2024,,Pass,1.16,Routine Surveillance,Jefferson,CharlesTownWWTP-01,Sample,WWTP,12/05/2024 10:18 AM,Amy Jones
J01-0510,G,Composite,,12/02/2024 07:30 AM,12/01/2024 07:30 AM,12/02/2024 07:30 AM,AJ,12/05/2024,,Pass,0.199,Routine Surveillance,Preston,AlpineLakeWWTP-01,Sample,WWTP,12/05/2024 10:19 AM,Amy Jones
T01-0384,G,Composite,,12/03/2024 07:00 AM,12/02/2024 07:00 AM,12/03/2024 07:00 AM,AJ,12/05/2024,,Pass,0.06,Routine Surveillance,Mason,PointPleasantWWTP-01,Sample,WWTP,12/05/2024 10:20 AM,Amy Jones
Q01-0590,G,Composite,,12/02/2024 08:00 AM,12/01/2024 08:00 AM,12/02/2024 08:00 AM,AJ,12/05/2024,,Pass,0.3340,Routine Surveillance,Boone,MadisonWWTP-01,Sample,WWTP,12/05/2024 10:21 AM,Amy Jones
H01-0959,G,Composite,,12/02/2024 08:00 AM,12/01/2024 08:00 AM,12/02/2024 08:00 AM,AJ,12/05/2024,,Pass,1.3,Routine Surveillance,Marshall,MoundsvilleWWTP-01,Sample,WWTP,12/05/2024 10:22 AM,Amy Jones
U01-0137,G,Composite,,12/02/2024 09:20 AM,12/01/2024 09:20 AM,12/02/2024 09:20 AM,AJ,12/05/2024,,Pass,0.424,Routine Surveillance,Fayette,WhiteOakWWTP-01,Sample,WWTP,12/05/2024 10:24 AM,Amy Jones
D01-0559,G,Composite,,11/26/2024 07:00 AM,11/25/2024 07:00 AM,11/26/2024 07:00 AM,AJ,12/05/2024,,Pass,1.20,Routine Surveillance,Jefferson,CharlesTownWWTP-01,Sample,WWTP,12/05/2024 10:25 AM,Amy Jones
M04-0393,G,Composite,,12/02/2024 08:00 AM,12/01/2024 08:00 AM,12/02/2024 08:00 AM,AJ,12/05/2024,,Pass,0.080,Routine Surveillance,Marion,FarmingtonWWTP-01,Sample,WWTP,12/05/2024 10:29 AM,Amy Jones
O01-0547,G,Composite,,12/03/2024 08:00 AM,12/02/2024 08:00 AM,12/03/2024 08:00 AM,AJ,12/05/2024,,Pass,1.96,Routine Surveillance,Taylor,GraftonWWTP-01,Sample,WWTP,12/05/2024 10:29 AM,Amy Jones
N02-0531,G,Composite,,12/03/2024 07:00 AM,12/02/2024 07:00 AM,12/03/2024 07:00 AM,AJ,12/05/2024,,Pass,4.86,Routine Surveillance,Harrison,ClarksburgWWTP-01,Sample,WWTP,12/05/2024 10:30 AM,Amy Jones
M03-0498,G,Composite,,12/03/2024 08:00 AM,12/02/2024 08:00 AM,12/03/2024 08:00 AM,AJ,12/05/2024,,Pass,0.140,Routine Surveillance,Marion,ManningtonWWTP-01,Sample,WWTP,12/05/2024 10:33 AM,Amy Jones
L01-0602,G,Composite,,11/25/2024 08:00 AM,11/24/2024 08:00 AM,11/25/2024 08:00 AM,AJ,12/05/2024,,Pass,0.238,Routine Surveillance,Doddridge,WestUnionWWTP-01,Sample,WWTP,12/05/2024 10:34 AM,Amy Jones
C01-0816,G,Composite,,12/03/2024 07:00 AM,12/02/2024 07:00 AM,12/03/2024 07:00 AM,AJ,12/11/2024,,Pass,3.23,Routine Surveillance,Ohio,WheelingWWTP-01,Sample,WWTP,12/11/2024 11:23 AM,Amy Jones
C01-0817,G,Composite,,12/04/2024 07:00 AM,12/03/2024 07:00 AM,12/04/2024 07:00 AM,AJ,12/11/2024,,Pass,3.93,Routine Surveillance,Ohio,WheelingWWTP-01,Sample,WWTP,12/11/2024 11:24 AM,Amy Jones
C01-0818,G,Composite,,12/05/2024 07:00 AM,12/04/2024 07:00 AM,12/05/2024 07:00 AM,AJ,12/11/2024,,Pass,3.08,Routine Surveillance,Ohio,WheelingWWTP-01,Sample,WWTP,12/11/2024 11:25 AM,Amy Jones
C01-0819,G,Composite,,12/06/2024 07:00 AM,12/05/2024 07:00 AM,12/06/2024 07:00 AM,AJ,12/11/2024,,Pass,2.91,Routine Surveillance,Ohio,WheelingWWTP-01,Sample,WWTP,12/11/2024 11:25 AM,Amy Jones
C01-0820,G,Composite,,12/09/2024 07:00 AM,12/08/2024 07:00 AM,12/09/2024 07:00 AM,AJ,12/11/2024,,Pass,2.93,Routine Surveillance,Ohio,WheelingWWTP-01,Sample,WWTP,12/11/2024 11:26 AM,Amy Jones
U01-0131,G,Composite,,12/09/2024 08:00 AM,12/08/2024 08:00 AM,12/09/2024 08:00 AM,AJ,12/11/2024,,Pass,0.514,Routine Surveillance,Fayette,WhiteOakWWTP-01,Sample,WWTP,12/11/2024 11:28 AM,Amy Jones
J01-0511,G,Composite,,12/09/2024 07:30 AM,12/08/2024 07:30 AM,12/09/2024 07:30 AM,AJ,12/11/2024,,Pass,0.114,Routine Surveillance,Preston,AlpineLakeWWTP-01,Sample,WWTP,12/11/2024 11:29 AM,Amy Jones
Q01-0591,G,Composite,,12/09/2024 08:00 AM,12/08/2024 08:00 AM,12/09/2024 08:00 AM,AJ,12/11/2024,,Pass,0.419,Routine Surveillance,Boone,MadisonWWTP-01,Sample,WWTP,12/11/2024 11:30 AM,Amy Jones
G01-0607,G,Composite,,12/09/2024 09:00 AM,12/08/2024 09:00 AM,12/09/2024 09:00 AM,AJ,12/11/2024,,Pass,0.770,Routine Surveillance,Mineral,KeyserWWTP-01,Sample,WWTP,12/11/2024 11:31 AM,Amy Jones
K01-0512,G,Composite,,12/10/2024 06:30 AM,12/09/2024 06:30 AM,12/10/2024 06:30 AM,AJ,12/11/2024,,Pass,7.523,Routine Surveillance,Wood,ParkersburgWWTP-01,Sample,WWTP,12/11/2024 11:31 AM,Amy Jones
R02-0514,G,Composite,,12/10/2024 08:00 AM,12/09/2024 08:00 AM,12/10/2024 08:00 AM,AJ,12/11/2024,,Pass,2.7,Routine Surveillance,Randolph,ElkinsWWTP-01,Sample,WWTP,12/11/2024 11:33 AM,Amy Jones
H01-0960,G,Composite,,12/09/2024 08:00 AM,12/08/2024 08:00 AM,12/09/2024 08:00 AM,AJ,12/11/2024,,Pass,1.2,Routine Surveillance,Marshall,MoundsvilleWWTP-01,Sample,WWTP,12/11/2024 11:34 AM,Amy Jones
P01-0170,G,Composite,,12/09/2024 08:00 AM,12/08/2024 08:00 AM,12/09/2024 08:00 AM,AJ,12/11/2024,,Pass,0.179,Routine Surveillance,Pleasants,StMarysWWTP-01,Sample,WWTP,12/11/2024 11:35 AM,Amy Jones
L01-0620,G,Composite,,12/09/2024 08:00 AM,12/08/2024 08:00 AM,12/09/2024 08:00 AM,AJ,12/11/2024,,Pass,0.221,Routine Surveillance,Doddridge,WestUnionWWTP-01,Sample,WWTP,12/11/2024 11:36 AM,Amy Jones
N02-0529,G,Composite,,12/10/2024 08:00 AM,12/09/2024 08:00 AM,12/10/2024 08:00 AM,AJ,12/11/2024,,Pass,7.83,Routine Surveillance,Harrison,ClarksburgWWTP-01,Sample,WWTP,12/11/2024 11:37 AM,Amy Jones
M04-0391,G,Composite,,12/09/2024 08:30 AM,12/08/2024 08:30 AM,12/09/2024 08:30 AM,AJ,12/11/2024,,Pass,0.067,Routine Surveillance,Marion,FarmingtonWWTP-01,Sample,WWTP,12/11/2024 11:38 AM,Amy Jones
M03-0495,G,Composite,,12/10/2024 08:00 AM,12/09/2024 08:00 AM,12/10/2024 08:00 AM,AJ,12/11/2024,,Pass,0.313,Routine Surveillance,Marion,ManningtonWWTP-01,Sample,WWTP,12/11/2024 11:39 AM,Amy Jones
O01-0545,G,Composite,,12/10/2024 08:00 AM,12/09/2024 08:00 AM,12/10/2024 08:00 AM,AJ,12/11/2024,,Pass,2.33,Routine Surveillance,Taylor,GraftonWWTP-01,Sample,WWTP,12/11/2024 11:40 AM,Amy Jones
A01-1114,G,Composite,,12/08/2024 12:00 AM,12/07/2024 12:00 AM,12/08/2024 12:00 AM,AJ,12/11/2024,,Pass,7.1,Routine Surveillance,Monongalia,StarCityWWTP-01,Sample,WWTP,12/11/2024 11:44 AM,Amy Jones
A01-1112,G,Composite,,12/05/2024 12:00 AM,12/04/2024 12:00 AM,12/05/2024 12:00 AM,AJ,12/11/2024,,Pass,9.4,Routine Surveillance,Monongalia,StarCityWWTP-01,Sample,WWTP,12/11/2024 11:45 AM,Amy Jones
A01-1113,G,Composite,,12/07/2024 12:00 AM,12/06/2024 12:00 AM,12/07/2024 12:00 AM,AJ,12/11/2024,,Pass,6.9,Routine Surveillance,Monongalia,StarCityWWTP-01,Sample,WWTP,12/11/2024 11:45 AM,Amy Jones
A01-1081,G,Composite,,11/29/2024 12:00 AM,10/28/2024 12:00 AM,10/29/2024 12:00 AM,AJ,11/07/2024,,Pass,6.6,Routine Surveillance,Monongalia,StarCityWWTP-01,Sample,WWTP,11/07/2024 10:31 AM,Amy Jones
A01-1082,G,Composite,,10/30/2024 12:00 AM,10/29/2024 12:00 AM,10/30/2024 12:00 AM,AJ,11/07/2024,,Pass,6.7,Routine Surveillance,Monongalia,StarCityWWTP-01,Sample,WWTP,11/07/2024 10:32 AM,Amy Jones
A01-1083,G,Composite,,10/31/2024 12:00 AM,10/30/2024 12:00 AM,10/31/2024 12:00 AM,AJ,11/07/2024,,Pass,6.7,Routine Surveillance,Monongalia,StarCityWWTP-01,Sample,WWTP,11/07/2024 10:33 AM,Amy Jones
A01-1084,G,Composite,,11/02/2024 12:00 AM,11/01/2024 12:00 AM,11/02/2024 12:00 AM,AJ,11/07/2024,,Pass,6.2,Routine Surveillance,Monongalia,StarCityWWTP-01,Sample,WWTP,11/07/2024 10:33 AM,Amy Jones
A01-1085,G,Composite,,11/03/2024 12:00 AM,11/02/2024 12:00 AM,11/03/2024 12:00 AM,AJ,11/07/2024,,Pass,6.7,Routine Surveillance,Monongalia,StarCityWWTP-01,Sample,WWTP,11/07/2024 10:34 AM,Amy Jones
T01-0383,G,Composite,,11/04/2024 07:45 AM,11/03/2024 07:45 AM,11/04/2024 07:45 AM,AJ,11/07/2024,,Pass,0.10,Routine Surveillance,Mason,PointPleasantWWTP-01,Sample,WWTP,11/07/2024 10:36 AM,Amy Jones
A04-0603,G,Composite,,11/04/2024 08:00 AM,11/03/2024 08:00 AM,11/04/2024 08:00 AM,AJ,11/07/2024,,Pass,0.542,Routine Surveillance,Monongalia,CheatLakeWWTP-01,Sample,WWTP,11/07/2024 10:36 AM,Amy Jones
N02-0538,G,Composite,,11/06/2024 07:00 AM,11/05/2024 07:00 AM,11/06/2024 07:00 AM,AJ,11/07/2024,,Pass,5.86,Routine Surveillance,Harrison,ClarksburgWWTP-01,Sample,WWTP,11/07/2024 10:37 AM,Amy Jones
U01-0136,G,Composite,,11/04/2024 10:30 AM,11/03/2024 10:00 AM,11/04/2024 10:00 AM,AJ,11/07/2024,,Pass,0.122,Routine Surveillance,Fayette,WhiteOakWWTP-01,Sample,WWTP,11/07/2024 10:38 AM,Amy Jones
H01-0956,G,Composite,,11/04/2024 08:00 AM,11/03/2024 08:00 AM,11/04/2024 08:00 AM,AJ,11/07/2024,,Pass,1.0,Routine Surveillance,Marshall,MoundsvilleWWTP-01,Sample,WWTP,11/07/2024 10:39 AM,Amy Jones
P01-0154,G,Composite,,11/04/2024 08:00 AM,11/03/2024 08:00 AM,11/04/2024 08:00 AM,AJ,11/07/2024,,Pass,0.167,Routine Surveillance,Pleasants,StMarysWWTP-01,Sample,WWTP,11/07/2024 10:40 AM,Amy Jones
Q01-0589,G,Composite,,11/04/2024 08:00 AM,11/03/2024 08:00 AM,11/04/2024 08:00 AM,AJ,11/07/2024,,Pass,0.266,Routine Surveillance,Boone,MadisonWWTP-01,Sample,WWTP,11/07/2024 10:41 AM,Amy Jones
K01-0507,G,Composite,,11/05/2024 06:26 AM,11/04/2024 06:24 AM,11/05/2024 06:24 AM,AJ,11/07/2024,,Pass,3.689,Routine Surveillance,Wood,ParkersburgWWTP-01,Sample,WWTP,11/07/2024 10:43 AM,Amy Jones
L01-0603,G,Composite,,11/06/2024 08:00 AM,11/05/2024 08:00 AM,11/06/2024 08:00 AM,AJ,11/07/2024,,Pass,0.14,Routine Surveillance,Doddridge,WestUnionWWTP-01,Sample,WWTP,11/07/2024 10:44 AM,Amy Jones
J01-0506,G,Composite,,11/04/2024 07:30 AM,11/03/2024 07:30 AM,11/04/2024 07:30 AM,AJ,11/07/2024,,Pass,0.039,Routine Surveillance,Preston,AlpineLakeWWTP-01,Sample,WWTP,11/07/2024 10:45 AM,Amy Jones
O01-0532,G,Composite,,11/06/2024 08:00 AM,11/05/2024 08:00 AM,11/06/2024 08:00 AM,AJ,11/07/2024,,Pass,0.45,Routine Surveillance,Taylor,GraftonWWTP-01,Sample,WWTP,11/07/2024 10:46 AM,Amy Jones
R02-0510,G,Composite,,11/04/2024 08:00 AM,11/03/2024 08:00 AM,11/04/2024 08:00 AM,AJ,11/07/2024,,Pass,2.98,Routine Surveillance,Randolph,ElkinsWWTP-01,Sample,WWTP,11/07/2024 10:47 AM,Amy Jones
A01-1090,G,Composite,,11/10/2024 12:00 AM,11/09/2024 12:00 AM,11/10/2024 12:00 AM,AJ,11/14/2024,,Pass,10.6,Routine Surveillance,Monongalia,StarCityWWTP-01,Sample,WWTP,11/14/2024 10:25 AM,Amy Jones
A01-1091,G,Composite,,11/09/2024 12:00 AM,11/08/2024 12:00 AM,11/09/2024 12:00 AM,AJ,11/14/2024,,Pass,6.5,Routine Surveillance,Monongalia,StarCityWWTP-01,Sample,WWTP,11/14/2024 10:26 AM,Amy Jones
A04-0602,G,Composite,,11/11/2024 08:00 AM,11/10/2024 08:00 AM,11/11/2024 08:00 AM,AJ,11/14/2024,,Pass,0.767,Routine Surveillance,Monongalia,CheatLakeWWTP-01,Sample,WWTP,11/14/2024 10:27 AM,Amy Jones
C01-0796,G,Composite,,11/05/2024 07:00 AM,11/04/2024 07:00 AM,11/05/2024 07:00 AM,AJ,11/14/2024,,Pass,5.59,Routine Surveillance,Ohio,WheelingWWTP-01,Sample,WWTP,11/14/2024 10:30 AM,Amy Jones
C01-0797,G,Composite,,11/06/2024 07:00 AM,11/05/2024 07:00 AM,11/06/2024 07:00 AM,AJ,11/14/2024,,Pass,5.02,Routine Surveillance,Ohio,WheelingWWTP-01,Sample,WWTP,11/14/2024 10:31 AM,Amy Jones
C01-0798,G,Composite,,11/07/2024 07:00 AM,11/06/2024 07:00 AM,11/07/2024 07:00 AM,AJ,11/14/2024,,Pass,4.86,Routine Surveillance,Ohio,WheelingWWTP-01,Sample,WWTP,11/14/2024 10:32 AM,Amy Jones
C01-0799,G,Composite,,11/08/2024 07:00 AM,11/07/2024 07:00 AM,11/08/2024 07:00 AM,AJ,11/14/2024,,Pass,4.88,Routine Surveillance,Ohio,WheelingWWTP-01,Sample,WWTP,11/14/2024 10:33 AM,Amy Jones
C01-0800,G,Composite,,11/11/2024 07:00 AM,11/10/2024 07:00 AM,11/11/2024 07:00 AM,AJ,11/14/2024,,Pass,2.60,Routine Surveillance,Ohio,WheelingWWTP-01,Sample,WWTP,11/14/2024 10:34 AM,Amy Jones
N03-0553,G,Composite,,11/12/2024 07:30 AM,11/11/2024 07:30 AM,11/12/2024 07:30 AM,AJ,11/14/2024,,Pass,0.337380,Routine Surveillance,Harrison,SalemWWTP-01,Sample,WWTP,11/14/2024 10:36 AM,Amy Jones
N02-0526,G,Composite,,11/12/2024 07:00 AM,11/11/2024 07:00 AM,11/12/2024 07:00 AM,AJ,11/14/2024,,Pass,6.8,Routine Surveillance,Harrison,ClarksburgWWTP-01,Sample,WWTP,11/14/2024 10:37 AM,Amy Jones
M04-0377,G,Composite,,10/21/2024 08:30 AM,10/20/2024 08:30 AM,10/21/2024 08:30 AM,AJ,11/14/2024,,Pass,0.089,Routine Surveillance,Marion,FarmingtonWWTP-01,Sample,WWTP,11/14/2024 10:39 AM,Amy Jones
M04-0376,G,Composite,,11/11/2024 08:30 AM,11/10/2024 08:30 AM,11/11/2024 08:30 AM,AJ,11/14/2024,,Pass,0.111,Routine Surveillance,Marion,FarmingtonWWTP-01,Sample,WWTP,11/14/2024 10:40 AM,Amy Jones
M03-0494,G,Composite,,11/12/2024 08:00 AM,11/11/2024 08:00 AM,11/12/2024 08:00 AM,AJ,11/14/2024,,Pass,0.285,Routine Surveillance,Marion,ManningtonWWTP-01,Sample,WWTP,11/14/2024 10:41 AM,Amy Jones
O01-0222,G,Composite,,11/12/2024 08:00 AM,11/11/2024 08:00 AM,11/12/2024 08:00 AM,AJ,11/14/2024,,Pass,0.84,Routine Surveillance,Taylor,GraftonWWTP-01,Sample,WWTP,11/14/2024 10:42 AM,Amy Jones
L01-0614,G,Composite,,11/11/2024 08:00 AM,11/10/2024 08:00 AM,11/11/2024 08:00 AM,AJ,11/14/2024,,Pass,0.343,Routine Surveillance,Doddridge,WestUnionWWTP-01,Sample,WWTP,11/14/2024 10:43 AM,Amy Jones
P01-0166,G,Composite,,11/11/2024 08:00 AM,11/10/2024 08:00 AM,11/11/2024 08:00 AM,AJ,11/14/2024,,Pass,0.216,Routine Surveillance,Pleasants,StMarysWWTP-01,Sample,WWTP,11/14/2024 10:46 AM,Amy Jones
U01-0135,G,Composite,,11/11/2024 08:15 AM,11/10/2024 08:15 AM,11/11/2024 08:15 AM,AJ,11/14/2024,,Pass,0.100,Routine Surveillance,Fayette,WhiteOakWWTP-01,Sample,WWTP,11/14/2024 10:50 AM,Amy Jones
H01-0957,G,Composite,,11/12/2024 08:00 AM,11/11/2024 08:00 AM,11/12/2024 08:00 AM,AJ,11/14/2024,,Pass,1.3,Routine Surveillance,Marshall,MoundsvilleWWTP-01,Sample,WWTP,11/14/2024 10:51 AM,Amy Jones
Q01-0585,G,Composite,,11/12/2024 08:00 AM,11/11/2024 08:00 AM,11/12/2024 08:00 AM,AJ,11/14/2024,,Pass,0.232,Routine Surveillance,Boone,MadisonWWTP-01,Sample,WWTP,11/14/2024 10:52 AM,Amy Jones
K01-0511,G,Composite,,11/12/2024 06:30 AM,11/11/2024 06:30 AM,11/12/2024 06:30 AM,AJ,11/14/2024,,Pass,5.490,Routine Surveillance,Wood,ParkersburgWWTP-01,Sample,WWTP,11/14/2024 10:53 AM,Amy Jones
A01-1087,G,Composite,,11/05/2024 12:00 AM,11/04/2024 12:00 AM,11/05/2024 12:00 AM,AJ,11/14/2024,,Pass,6.4,Routine Surveillance,Monongalia,StarCityWWTP-01,Sample,WWTP,11/14/2024 10:55 AM,Amy Jones
A01-1086,G,Composite,,11/04/2024 12:00 AM,11/03/2024 12:00 AM,11/04/2024 12:00 AM,AJ,11/14/2024,,Pass,6.4,Routine Surveillance,Monongalia,StarCityWWTP-01,Sample,WWTP,11/14/2024 10:56 AM,Amy Jones
A01-1089,G,Composite,,11/07/2024 12:00 AM,11/06/2024 12:00 AM,11/07/2024 12:00 AM,AJ,11/14/2024,,Pass,7.1,Routine Surveillance,Monongalia,StarCityWWTP-01,Sample,WWTP,11/14/2024 10:57 AM,Amy Jones
A01-1088,G,Composite,,11/06/2024 12:00 AM,11/05/2024 12:00 AM,11/06/2024 12:00 AM,AJ,11/14/2024,,Pass,6.5,Routine Surveillance,Monongalia,StarCityWWTP-01,Sample,WWTP,11/14/2024 10:58 AM,Amy Jones
E01-0669,G,Composite,,11/05/2024 09:00 AM,11/04/2024 09:00 AM,11/05/2024 09:00 AM,AJ,11/14/2024,,Pass,2.308,Routine Surveillance,Mercer,PrincetonWWTP-01,Sample,WWTP,11/14/2024 11:01 AM,Amy Jones
E01-0670,G,Composite,,11/06/2024 09:00 AM,11/05/2024 09:00 AM,11/06/2024 09:00 AM,AJ,11/14/2024,,Pass,2.308,Routine Surveillance,Mercer,PrincetonWWTP-01,Sample,WWTP,11/14/2024 11:02 AM,Amy Jones
E01-0668,G,Composite,,11/01/2024 09:00 AM,10/31/2024 09:00 AM,11/01/2024 09:00 AM,AJ,11/14/2024,,Pass,2.475,Routine Surveillance,Mercer,PrincetonWWTP-01,Sample,WWTP,11/14/2024 11:03 AM,Amy Jones
J01-0507,TO BE REMOVED,,,,,,AJ,11/14/2024,,Fail: Missing Required Data,,Routine Surveillance,Preston,AlpineLakeWWTP-01,Sample,WWTP,11/14/2024 11:07 AM,Amy Jones
R02-0511,G,Composite,,11/12/2024 08:00 AM,11/11/2024 08:00 AM,11/12/2024 08:00 AM,AJ,11/14/2024,,Pass,1.70,Routine Surveillance,Randolph,ElkinsWWTP-01,Sample,WWTP,11/14/2024 11:08 AM,Amy Jones
G01-0610,G,Composite,,11/11/2024 08:00 AM,11/10/2024 09:00 AM,11/11/2024 08:00 AM,AJ,11/14/2024,,Pass,0.596,Routine Surveillance,Mineral,KeyserWWTP-01,Sample,WWTP,11/14/2024 11:09 AM,Amy Jones
D01-0557,G,Composite,,11/12/2024 07:05 AM,11/11/2024 07:05 AM,11/12/2024 07:05 AM,AJ,11/14/2024,,Pass,1.18,Routine Surveillance,Jefferson,CharlesTownWWTP-01,Sample,WWTP,11/14/2024 11:11 AM,Amy Jones
A01-1095,G,Composite,,11/14/2024 12:00 AM,11/13/2024 12:00 AM,11/14/2024 12:00 AM,AJ,11/20/2024,,Pass,9.4,Routine Surveillance,Monongalia,StarCityWWTP-01,Sample,WWTP,11/20/2024 01:53 PM,Amy Jones
A01-1098,G,Composite,,11/18/2024 12:00 AM,11/17/2024 12:00 AM,11/18/2024 12:00 AM,AJ,11/20/2024,,Pass,7.5,Routine Surveillance,Monongalia,StarCityWWTP-01,Sample,WWTP,11/20/2024 01:53 PM,Amy Jones
A01-1093,G,Composite,,11/12/2024 12:00 AM,11/11/2024 12:00 AM,11/12/2024 12:00 AM,AJ,11/20/2024,,Pass,7.8,Routine Surveillance,Monongalia,StarCityWWTP-01,Sample,WWTP,11/20/2024 01:54 PM,Amy Jones
A01-1094,G,Composite,,11/13/2024 12:00 AM,11/12/2024 12:00 AM,11/13/2024 12:00 AM,AJ,11/20/2024,,Pass,7.5,Routine Surveillance,Monongalia,StarCityWWTP-01,Sample,WWTP,11/20/2024 01:55 PM,Amy Jones
A01-1097,G,Composite,,11/16/2024 12:00 AM,11/15/2024 12:00 AM,11/16/2024 12:00 AM,AJ,11/20/2024,,Pass,7.7,Routine Surveillance,Monongalia,StarCityWWTP-01,Sample,WWTP,11/20/2024 01:55 PM,Amy Jones
A01-1092,G,Composite,,11/11/2024 12:00 AM,11/10/2024 12:00 AM,11/11/2024 12:00 AM,AJ,11/20/2024,,Pass,11.1,Routine Surveillance,Monongalia,StarCityWWTP-01,Sample,WWTP,11/20/2024 01:56 PM,Amy Jones
A01-1096,G,Composite,,11/17/2024 12:00 AM,11/16/2024 12:00 AM,11/17/2024 12:00 AM,AJ,11/20/2024,,Pass,7.3,Routine Surveillance,Monongalia,StarCityWWTP-01,Sample,WWTP,11/20/2024 01:56 PM,Amy Jones
A04-0605,G,Composite,,11/18/2024 08:00 AM,11/17/2024 08:00 AM,11/18/2024 08:00 AM,AJ,11/20/2024,,Pass,0.566,Routine Surveillance,Monongalia,CheatLakeWWTP-01,Sample,WWTP,11/20/2024 01:58 PM,Amy Jones
M04-0380,G,Composite,,11/18/2024 08:30 AM,11/17/2024 08:30 AM,11/18/2024 08:30 AM,AJ,11/20/2024,,Pass,0.095,Routine Surveillance,Marion,FarmingtonWWTP-01,Sample,WWTP,11/20/2024 01:59 PM,Amy Jones
N02-0541,G,Composite,,11/19/2024 07:00 AM,11/18/2024 07:00 AM,11/19/2024 07:00 AM,AJ,11/20/2024,,Pass,6.21,Routine Surveillance,Harrison,ClarksburgWWTP-01,Sample,WWTP,11/20/2024 02:00 PM,Amy Jones
M03-0496,G,Composite,,11/19/2024 08:00 AM,11/18/2024 08:00 AM,11/19/2024 08:00 AM,AJ,11/20/2024,,Pass,0.130,Routine Surveillance,Marion,ManningtonWWTP-01,Sample,WWTP,11/20/2024 02:00 PM,Amy Jones
O01-0546,G,Composite,,11/19/2024 08:00 AM,11/18/2024 08:00 AM,11/19/2024 08:00 AM,AJ,11/20/2024,,Pass,0.62,Routine Surveillance,Taylor,GraftonWWTP-01,Sample,WWTP,11/20/2024 02:01 PM,Amy Jones
L01-0619,G,Composite,,11/18/2024 08:00 AM,11/17/2024 08:00 AM,11/18/2024 08:00 AM,AJ,11/20/2024,,Pass,0.178,Routine Surveillance,Doddridge,WestUnionWWTP-01,Sample,WWTP,11/20/2024 02:03 PM,Amy Jones
C01-0801,G,Composite,,11/12/2024 07:00 AM,11/11/2024 07:00 AM,11/12/2024 07:00 AM,AJ,11/20/2024,,Pass,2.23,Routine Surveillance,Ohio,WheelingWWTP-01,Sample,WWTP,11/20/2024 02:15 PM,Amy Jones
C01-0802,G,Composite,,11/13/2024 07:00 AM,11/12/2024 07:00 AM,11/13/2024 07:00 AM,AJ,11/20/2024,,Pass,4.62,Routine Surveillance,Ohio,WheelingWWTP-01,Sample,WWTP,11/20/2024 02:16 PM,Amy Jones
C01-0803,G,Composite,,11/14/2024 07:00 AM,11/13/2024 07:00 AM,11/14/2024 07:00 AM,AJ,11/20/2024,,Pass,4.61,Routine Surveillance,Ohio,WheelingWWTP-01,Sample,WWTP,11/20/2024 02:16 PM,Amy Jones
C01-0804,G,Composite,,11/15/2024 07:00 AM,11/14/2024 07:00 AM,11/15/2024 07:00 AM,AJ,11/20/2024,,Pass,4.70,Routine Surveillance,Ohio,WheelingWWTP-01,Sample,WWTP,11/20/2024 02:17 PM,Amy Jones
C01-0805,G,Composite,,11/18/2024 07:00 AM,11/17/2024 07:00 AM,11/18/2024 07:00 AM,AJ,11/20/2024,,Pass,4.43,Routine Surveillance,Ohio,WheelingWWTP-01,Sample,WWTP,11/20/2024 02:18 PM,Amy Jones
E01-0672,G,Composite,,11/12/2024 09:00 AM,11/11/2024 09:00 AM,11/12/2024 09:00 AM,AJ,11/21/2024,,Pass,2.586,Routine Surveillance,Mercer,PrincetonWWTP-01,Sample,WWTP,11/21/2024 10:25 AM,Amy Jones
E01-0673,G,Composite,,11/13/2024 09:00 AM,11/12/2024 09:00 AM,11/13/2024 09:00 AM,AJ,11/21/2024,,Pass,2.326,Routine Surveillance,Mercer,PrincetonWWTP-01,Sample,WWTP,11/21/2024 10:25 AM,Amy Jones
E01-0671,G,Composite,,11/08/2024 09:00 AM,11/07/2024 09:00 AM,11/08/2024 09:00 AM,AJ,11/21/2024,,Pass,2.253,Routine Surveillance,Mercer,PrincetonWWTP-01,Sample,WWTP,11/21/2024 10:26 AM,Amy Jones
J01-0509,G,Composite,,11/18/2024 07:30 AM,11/17/2024 07:30 AM,11/18/2024 07:30 AM,AJ,11/21/2024,,Pass,0.057,Routine Surveillance,Preston,AlpineLakeWWTP-01,Sample,WWTP,11/21/2024 10:29 AM,Amy Jones
U01-0133,G,Composite,,11/18/2024 10:00 AM,11/17/2024 10:00 AM,11/18/2024 10:00 AM,AJ,11/21/2024,,Pass,0.273,Routine Surveillance,Fayette,WhiteOakWWTP-01,Sample,WWTP,11/21/2024 10:30 AM,Amy Jones
D01-0563,G,Composite,,11/19/2024 07:00 AM,11/18/2024 07:00 AM,11/18/2024 07:00 AM,AJ,11/21/2024,,Pass,1.21,Routine Surveillance,Jefferson,CharlesTownWWTP-01,Sample,WWTP,11/21/2024 10:30 AM,Amy Jones
K01-0513,G,Composite,,11/19/2024 06:30 AM,11/18/2024 06:30 AM,11/19/2024 06:30 AM,AJ,11/21/2024,,Pass,4.033,Routine Surveillance,Wood,ParkersburgWWTP-01,Sample,WWTP,11/21/2024 10:31 AM,Amy Jones
E01-0312,G,Composite,,09/17/2024 09:00 AM,09/16/2024 09:00 AM,09/17/2024 09:00 AM,AJ,09/25/2024,,Pass,1.326,Routine Surveillance,Mercer,PrincetonWWTP-01,Sample,WWTP,09/25/2024 10:19 AM,Amy Jones
E01-0311,G,Composite,,09/13/2024 07:30 AM,09/12/2024 07:30 AM,09/13/2024 07:30 AM,AJ,09/25/2024,,Pass,1.585,Routine Surveillance,Mercer,PrincetonWWTP-01,Sample,WWTP,09/25/2024 10:20 AM,Amy Jones
E01-0313,G,Composite,,09/18/2024 09:00 AM,09/17/2024 09:00 AM,09/18/2024 09:00 AM,AJ,09/25/2024,,Pass,1.530,Routine Surveillance,Mercer,PrincetonWWTP-01,Sample,WWTP,09/25/2024 10:21 AM,Amy Jones
J01-0422,G,Composite,,09/23/2024 07:30 AM,09/22/2024 07:30 AM,09/23/2024 07:30 AM,AJ,09/25/2024,,Pass,0.037,Routine Surveillance,Preston,AlpineLakeWWTP-01,Sample,WWTP,09/25/2024 10:22 AM,Amy Jones
R02-0455,G,Composite,,09/23/2024 08:00 AM,09/22/2024 08:00 AM,09/23/2024 08:00 AM,AJ,09/25/2024,,Pass,0.78,Routine Surveillance,Randolph,ElkinsWWTP-01,Sample,WWTP,09/25/2024 10:23 AM,Amy Jones
M03-0398,G,Composite,,09/24/2024 08:00 AM,09/23/2024 08:00 AM,09/24/2024 08:00 AM,AJ,09/25/2024,,Pass,0.192,Routine Surveillance,Marion,ManningtonWWTP-01,Sample,WWTP,09/25/2024 10:24 AM,Amy Jones
A04-0558,G,Composite,,09/23/2024 08:00 AM,09/22/2024 08:00 AM,09/23/2024 08:00 AM,AJ,09/25/2024,,Pass,0.580,Routine Surveillance,Monongalia,CheatLakeWWTP-01,Sample,WWTP,09/25/2024 10:25 AM,Amy Jones
Q01-0523,G,Composite,,09/23/2024 08:00 AM,09/22/2024 08:00 AM,09/23/2024 08:00 AM,AJ,09/25/2024,,Pass,0.234,Routine Surveillance,Boone,MadisonWWTP-01,Sample,WWTP,09/25/2024 10:27 AM,Amy Jones
N02-0432,G,Composite,,09/24/2024 07:00 AM,09/23/2024 07:00 AM,09/24/2024 07:00 AM,AJ,09/25/2024,,Pass,6.12,Routine Surveillance,Harrison,ClarksburgWWTP-01,Sample,WWTP,09/25/2024 10:27 AM,Amy Jones
O01-0494,G,Composite,,09/23/2024 08:00 AM,09/22/2024 08:00 AM,09/23/2024 08:00 AM,AJ,09/25/2024,,Pass,0.35,Routine Surveillance,Taylor,GraftonWWTP-01,Sample,WWTP,09/25/2024 10:28 AM,Amy Jones
H01-0941,G,Composite,,09/23/2024 08:00 AM,09/22/2024 08:00 AM,09/23/2024 08:00 AM,AJ,09/25/2024,,Pass,1.0,Routine Surveillance,Marshall,MoundsvilleWWTP-01,Sample,WWTP,09/25/2024 10:29 AM,Amy Jones
M04-0351,G,Composite,,09/23/2024 08:30 AM,09/22/2024 08:30 AM,09/23/2024 08:30 AM,AJ,09/25/2024,,Pass,0.068,Routine Surveillance,Marion,FarmingtonWWTP-01,Sample,WWTP,09/25/2024 10:30 AM,Amy Jones
L01-0565,G,Composite,,09/23/2024 08:00 AM,09/22/2024 08:00 AM,09/23/2024 08:00 AM,AJ,09/25/2024,,Pass,0.217,Routine Surveillance,Doddridge,WestUnionWWTP-01,Sample,WWTP,09/25/2024 10:31 AM,Amy Jones
G01-0520,G,Composite,,09/23/2024 08:00 AM,09/22/2024 08:00 AM,09/23/2024 08:00 AM,AJ,09/25/2024,,"Fail: Missing Required Data, Fail: Volume Below Min",,Routine Surveillance,Mineral,KeyserWWTP-01,Sample,WWTP,09/25/2024 10:32 AM,Amy Jones
T01-0282,G,Composite,,09/24/2024 07:00 AM,09/23/2024 07:00 AM,09/24/2024 07:00 AM,AJ,09/25/2024,,Pass,0.17,Routine Surveillance,Mason,PointPleasantWWTP-01,Sample,WWTP,09/25/2024 10:41 AM,Amy Jones
D01-0555,G,Composite,,09/24/2024 07:10 AM,09/23/2024 07:10 AM,09/24/2024 07:10 AM,AJ,09/25/2024,,Pass,1.13,Routine Surveillance,Jefferson,CharlesTownWWTP-01,Sample,WWTP,09/25/2024 10:42 AM,Amy Jones
K01-0505,G,Composite,,09/24/2024 06:20 AM,09/23/2024 06:20 AM,09/24/2024 06:20 AM,AJ,09/25/2024,,Pass,3.810,Routine Surveillance,Wood,ParkersburgWWTP-01,Sample,WWTP,09/25/2024 10:43 AM,Amy Jones
C01-0736,G,Composite,,09/17/2024 07:00 AM,09/16/2024 07:00 AM,09/17/2024 07:00 AM,AJ,09/25/2024,,Pass,4.70,Routine Surveillance,Ohio,WheelingWWTP-01,Sample,WWTP,09/25/2024 10:45 AM,Amy Jones
C01-0737,G,Composite,,09/18/2024 07:00 AM,09/17/2024 07:00 AM,09/18/2024 07:00 AM,AJ,09/25/2024,,Pass,4.76,Routine Surveillance,Ohio,WheelingWWTP-01,Sample,WWTP,09/25/2024 10:45 AM,Amy Jones
C01-0738,G,Composite,,09/19/2024 07:00 AM,09/18/2024 07:00 AM,09/19/2024 07:00 AM,AJ,09/25/2024,,Pass,4.63,Routine Surveillance,Ohio,WheelingWWTP-01,Sample,WWTP,09/25/2024 10:46 AM,Amy Jones
C01-0739,G,Composite,,09/20/2024 07:00 AM,09/19/2024 07:00 AM,09/20/2024 07:00 AM,AJ,09/25/2024,,Pass,4.74,Routine Surveillance,Ohio,WheelingWWTP-01,Sample,WWTP,09/25/2024 10:47 AM,Amy Jones
C01-0740,G,Composite,,09/23/2024 07:00 AM,09/22/2024 07:00 AM,09/23/2024 07:00 AM,AJ,09/25/2024,,Pass,4.82,Routine Surveillance,Ohio,WheelingWWTP-01,Sample,WWTP,09/25/2024 10:48 AM,Amy Jones
A01-1047,G,Composite,,09/17/2024 12:00 AM,09/16/2024 12:00 AM,09/17/2024 12:00 AM,AJ,09/25/2024,,Pass,7.0,Routine Surveillance,Monongalia,StarCityWWTP-01,Sample,WWTP,09/25/2024 10:50 AM,Amy Jones
A01-1050,G,Composite,,09/23/2024 12:00 AM,09/22/2024 12:00 AM,09/23/2024 12:00 AM,AJ,09/25/2024,,Pass,8.0,Routine Surveillance,Monongalia,StarCityWWTP-01,Sample,WWTP,09/25/2024 10:51 AM,Amy Jones
A01-1049,G,Composite,,09/19/2024 12:00 AM,09/18/2024 12:00 AM,09/19/2024 12:00 AM,AJ,09/25/2024,,Pass,7.7,Routine Surveillance,Monongalia,StarCityWWTP-01,Sample,WWTP,09/25/2024 10:52 AM,Amy Jones
A01-1051,G,Composite,,09/23/2024 12:00 AM,09/22/2024 12:00 AM,09/23/2024 12:00 AM,AJ,09/25/2024,,Pass,9.8,Routine Surveillance,Monongalia,StarCityWWTP-01,Sample,WWTP,09/25/2024 10:52 AM,Amy Jones
A01-1048,G,Composite,,09/18/2024 12:00 AM,09/17/2024 12:00 AM,09/18/2024 12:00 AM,AJ,09/25/2024,,Pass,7.5,Routine Surveillance,Monongalia,StarCityWWTP-01,Sample,WWTP,09/25/2024 10:53 AM,Amy Jones
P01-0127,G,Composite,,09/23/2024 08:00 AM,09/22/2024 08:00 AM,09/23/2024 08:00 AM,AJ,09/26/2024,,Pass,0.206,Routine Surveillance,Pleasants,StMarysWWTP-01,Sample,WWTP,09/26/2024 10:06 AM,Amy Jones
A01-1052,G,Composite,,09/24/2024 12:00 AM,09/23/2024 12:00 AM,09/24/2024 12:00 AM,AJ,09/26/2024,,Pass,8.1,Routine Surveillance,Monongalia,StarCityWWTP-01,Sample,WWTP,09/26/2024 10:07 AM,Amy Jones
A01-1053,G,Composite,,09/25/2024 12:00 AM,09/24/2024 12:00 AM,09/25/2024 12:00 AM,AJ,09/26/2024,,Pass,8.3,Routine Surveillance,Monongalia,StarCityWWTP-01,Sample,WWTP,09/26/2024 10:07 AM,Amy Jones
E01-0306,G,Composite,,09/20/2024 09:00 AM,09/19/2024 09:00 AM,09/20/2024 09:00 AM,AJ,10/02/2024,,Pass,1.421,Routine Surveillance,Mercer,PrincetonWWTP-01,Sample,WWTP,10/02/2024 09:58 AM,Amy Jones
E01-0307,G,Composite,,09/24/2024 10:00 AM,09/23/2024 10:00 AM,09/25/2024 10:00 AM,AJ,10/02/2024,,Pass,2.716,Routine Surveillance,Mercer,PrincetonWWTP-01,Sample,WWTP,10/02/2024 09:59 AM,Amy Jones
E01-0308,G,Composite,,09/25/2024 10:00 AM,09/24/2024 10:00 AM,09/25/2024 10:00 AM,AJ,10/02/2024,,Pass,2.563,Routine Surveillance,Mercer,PrincetonWWTP-01,Sample,WWTP,10/02/2024 10:01 AM,Amy Jones
C01-0741,G,Composite,,09/24/2024 07:00 AM,09/23/2024 07:00 AM,09/24/2024 07:00 AM,AJ,10/02/2024,,Pass,4.55,Routine Surveillance,Ohio,WheelingWWTP-01,Sample,WWTP,10/02/2024 10:03 AM,Amy Jones
C01-0742,G,Composite,,09/25/2024 07:00 AM,09/24/2024 07:00 AM,09/25/2024 07:00 AM,AJ,10/02/2024,,Pass,4.41,Routine Surveillance,Ohio,WheelingWWTP-01,Sample,WWTP,10/02/2024 10:04 AM,Amy Jones
C01-0743,G,Composite,,09/26/2024 07:00 AM,09/25/2024 07:00 AM,09/26/2024 07:00 AM,AJ,10/02/2024,,Pass,6.86,Routine Surveillance,Ohio,WheelingWWTP-01,Sample,WWTP,10/02/2024 10:05 AM,Amy Jones
C01-0744,G,Composite,,09/27/2024 07:00 AM,09/26/2024 07:00 AM,09/27/2024 07:00 AM,AJ,10/02/2024,,Pass,5.10,Routine Surveillance,Ohio,WheelingWWTP-01,Sample,WWTP,10/02/2024 10:07 AM,Amy Jones
C01-0745,G,Composite,,09/30/2024 07:00 AM,09/29/2024 07:00 AM,09/30/2024 07:00 AM,AJ,10/02/2024,,Pass,6.08,Routine Surveillance,Ohio,WheelingWWTP-01,Sample,WWTP,10/02/2024 10:08 AM,Amy Jones
A04-0564,G,Composite,,09/30/2024 08:00 AM,09/29/2024 08:00 AM,09/30/2024 08:00 AM,AJ,10/02/2024,,Pass,0.552,Routine Surveillance,Monongalia,CheatLakeWWTP-01,Sample,WWTP,10/02/2024 10:09 AM,Amy Jones
O01-0496,G,Composite,,09/30/2024 08:00 AM,09/29/2024 08:00 AM,09/30/2024 08:00 AM,AJ,10/02/2024,,Pass,0.78,Routine Surveillance,Taylor,GraftonWWTP-01,Sample,WWTP,10/02/2024 10:10 AM,Amy Jones
M03-0479,G,,,10/01/2024 08:00 AM,09/30/2024 08:00 AM,10/01/2024 08:00 AM,AJ,10/02/2024,,Pass,0.215,Routine Surveillance,Marion,ManningtonWWTP-01,Sample,WWTP,10/02/2024 10:12 AM,Amy Jones
G01-0604,G,Composite,,09/30/2024 09:00 AM,09/29/2024 09:00 AM,09/30/2024 09:00 AM,AJ,10/02/2024,,Pass,1.304,Routine Surveillance,Mineral,KeyserWWTP-01,Sample,WWTP,10/02/2024 10:13 AM,Amy Jones
N02-0530,G,Composite,,10/01/2024 07:00 AM,09/30/2024 07:00 AM,10/01/2024 07:00 AM,AJ,10/02/2024,,Pass,6.83,Routine Surveillance,Harrison,ClarksburgWWTP-01,Sample,WWTP,10/02/2024 10:14 AM,Amy Jones
J01-0501,G,Composite,,09/30/2024 07:30 AM,09/29/2024 07:30 AM,09/30/2024 07:30 AM,AJ,10/02/2024,,Pass,0.056,Routine Surveillance,Preston,AlpineLakeWWTP-01,Sample,WWTP,10/02/2024 10:15 AM,Amy Jones
T01-0376,G,Composite,,10/01/2024 07:00 AM,09/30/2024 07:00 AM,10/01/2024 07:00 AM,AJ,10/02/2024,,Pass,0.3,Routine Surveillance,Mason,PointPleasantWWTP-01,Sample,WWTP,10/02/2024 10:17 AM,Amy Jones
P01-0151,G,Composite,,09/30/2024 08:00 AM,09/29/2024 08:00 AM,09/30/2024 08:00 AM,AJ,10/02/2024,,Pass,0.218,Routine Surveillance,Pleasants,StMarysWWTP-01,Sample,WWTP,10/02/2024 10:18 AM,Amy Jones
Q01-0580,G,Composite,,09/30/2024 08:00 AM,09/29/2024 08:00 AM,09/30/2024 08:00 AM,AJ,10/02/2024,,Pass,0.350,Routine Surveillance,Boone,MadisonWWTP-01,Sample,WWTP,10/02/2024 10:19 AM,Amy Jones
H01-0954,G,Composite,,09/30/2024 09:00 AM,09/29/2024 09:00 AM,09/30/2024 09:00 AM,AJ,10/02/2024,,Pass,1.3,Routine Surveillance,Marshall,MoundsvilleWWTP-01,Sample,WWTP,10/02/2024 10:20 AM,Amy Jones
A01-1057,G,Composite,,09/30/2024 12:00 AM,09/29/2024 12:00 AM,09/30/2024 12:00 AM,AJ,10/02/2024,,Pass,13.0,Routine Surveillance,Monongalia,StarCityWWTP-01,Sample,WWTP,10/02/2024 10:21 AM,Amy Jones
A01-1056,G,Composite,,09/29/2024 12:00 AM,09/28/2024 12:00 AM,09/29/2024 12:00 AM,AJ,10/02/2024,,Pass,8.2,Routine Surveillance,Monongalia,StarCityWWTP-01,Sample,WWTP,10/02/2024 10:22 AM,Amy Jones
A01-1055,G,Composite,,09/28/2024 12:00 AM,09/27/2024 12:00 AM,09/28/2024 12:00 AM,AJ,10/02/2024,,Pass,7.2,Routine Surveillance,Monongalia,StarCityWWTP-01,Sample,WWTP,10/02/2024 10:22 AM,Amy Jones
A01-1054,G,Composite,,09/26/2024 12:00 AM,09/25/2024 12:00 AM,09/26/2024 12:00 AM,AJ,10/02/2024,,Pass,8.5,Routine Surveillance,Monongalia,StarCityWWTP-01,Sample,WWTP,10/02/2024 10:23 AM,Amy Jones
K01-0502,G,Composite,,10/01/2024 06:30 AM,09/30/2024 06:30 AM,10/01/2024 06:30 AM,AJ,10/02/2024,,Pass,5.868,Routine Surveillance,Wood,ParkersburgWWTP-01,Sample,WWTP,10/02/2024 02:01 PM,Amy Jones
D01-0551,G,Composite,,10/01/2024 07:10 AM,09/30/2024 07:10 AM,10/01/2024 07:10 AM,AJ,10/02/2024,,Pass,1.18,Routine Surveillance,Jefferson,CharlesTownWWTP-01,Sample,WWTP,10/02/2024 02:02 PM,Amy Jones
C01-0746,G,Composite,,10/01/2024 07:00 AM,09/30/2024 07:00 AM,10/01/2024 07:00 AM,AJ,10/08/2024,,Pass,6.72,Routine Surveillance,Ohio,WheelingWWTP-01,Sample,WWTP,10/08/2024 11:10 AM,Amy Jones
C01-0747,G,Composite,,10/02/2024 07:00 AM,10/01/2024 07:00 AM,10/02/2024 07:00 AM,AJ,10/08/2024,,Pass,5.88,Routine Surveillance,Ohio,WheelingWWTP-01,Sample,WWTP,10/08/2024 11:10 AM,Amy Jones
C01-0748,G,Composite,,10/03/2024 07:00 AM,10/02/2024 07:00 AM,10/03/2024 07:00 AM,AJ,10/08/2024,,Pass,5.30,Routine Surveillance,Ohio,WheelingWWTP-01,Sample,WWTP,10/08/2024 11:11 AM,Amy Jones
C01-0749,G,Composite,,10/04/2024 07:00 AM,10/03/2024 07:00 AM,10/04/2024 12:00 AM,AJ,10/08/2024,,Pass,4.60,Routine Surveillance,Ohio,WheelingWWTP-01,Sample,WWTP,10/08/2024 11:12 AM,Amy Jones
C01-0750,G,Composite,,10/07/2024 07:00 AM,10/06/2024 07:00 AM,10/07/2024 07:00 AM,AJ,10/08/2024,,Pass,4.58,Routine Surveillance,Ohio,WheelingWWTP-01,Sample,WWTP,10/08/2024 11:13 AM,Amy Jones
E01-0651,G,Composite,,09/26/2024 09:00 AM,09/25/2024 09:00 AM,09/26/2024 09:00 AM,AJ,10/08/2024,,Pass,12.295,Routine Surveillance,Mercer,PrincetonWWTP-01,Sample,WWTP,10/08/2024 11:16 AM,Amy Jones
E01-0652,G,Composite,,09/27/2024 09:00 AM,09/26/2024 09:00 AM,09/27/2024 09:00 AM,AJ,10/08/2024,,Pass,12.248,Routine Surveillance,Mercer,PrincetonWWTP-01,Sample,WWTP,10/08/2024 11:17 AM,Amy Jones
E01-0653,G,Composite,,10/01/2024 09:00 AM,09/30/2024 09:00 AM,10/01/2024 09:00 AM,AJ,10/08/2024,,Pass,4.972,Routine Surveillance,Mercer,PrincetonWWTP-01,Sample,WWTP,10/08/2024 11:18 AM,Amy Jones
E01-0654,G,Composite,,10/02/2024 09:00 AM,10/01/2024 09:00 AM,10/02/2024 09:00 AM,AJ,10/08/2024,,Pass,4.372,Routine Surveillance,Mercer,PrincetonWWTP-01,Sample,WWTP,10/08/2024 11:19 AM,Amy Jones
A01-1058,G,Composite,,10/01/2024 12:00 AM,09/30/2024 12:00 AM,10/01/2024 12:00 AM,AJ,10/08/2024,,Pass,10.5,Routine Surveillance,Monongalia,StarCityWWTP-01,Sample,WWTP,10/08/2024 11:20 AM,Amy Jones
A01-1059,G,Composite,,10/02/2024 12:00 AM,10/01/2024 12:00 AM,10/02/2024 12:00 AM,AJ,10/08/2024,,Pass,9.5,Routine Surveillance,Monongalia,StarCityWWTP-01,Sample,WWTP,10/08/2024 11:20 AM,Amy Jones
A01-1060,G,Composite,,10/03/2024 12:00 AM,10/02/2024 12:00 AM,10/03/2024 12:00 AM,AJ,10/08/2024,,Pass,8.2,Routine Surveillance,Monongalia,StarCityWWTP-01,Sample,WWTP,10/08/2024 11:21 AM,Amy Jones
R02-0504,G,Composite,,10/07/2024 08:00 AM,10/06/2024 07:00 AM,10/07/2024 08:00 AM,AJ,10/08/2024,,Pass,1.02,Routine Surveillance,Randolph,ElkinsWWTP-01,Sample,WWTP,10/08/2024 11:23 AM,Amy Jones
R02-0502,TO BE REMOVED,,,,,,AJ,10/08/2024,DATES DONT MAKE SENSE,Fail: Missing Required Data,1.07,Routine Surveillance,Randolph,ElkinsWWTP-01,Sample,WWTP,10/08/2024 11:25 AM,Amy Jones
G01-0601,G,Composite,,10/07/2024 09:00 AM,10/06/2024 09:00 AM,10/07/2024 09:00 AM,AJ,10/08/2024,,Pass,0.975,Routine Surveillance,Mineral,KeyserWWTP-01,Sample,WWTP,10/08/2024 11:26 AM,Amy Jones
J01-0502,G,Composite,,10/07/2024 08:15 AM,10/06/2024 08:15 AM,10/07/2024 08:15 AM,AJ,10/08/2024,,Pass,0.074,Routine Surveillance,Preston,AlpineLakeWWTP-01,Sample,WWTP,10/08/2024 11:28 AM,Amy Jones
T01-0377,G,Composite,,10/08/2024 07:00 AM,10/07/2024 07:00 AM,10/08/2024 07:00 AM,AJ,10/08/2024,,Pass,0.11,Routine Surveillance,Mason,PointPleasantWWTP-01,Sample,WWTP,10/08/2024 11:28 AM,Amy Jones
H01-0953,G,Composite,,10/07/2024 08:00 AM,10/06/2024 08:00 AM,10/07/2024 08:00 AM,AJ,10/08/2024,,Pass,1.1,Routine Surveillance,Marshall,MoundsvilleWWTP-01,Sample,WWTP,10/08/2024 11:29 AM,Amy Jones
M04-0379,G,Composite,,10/07/2024 09:00 AM,10/06/2024 09:00 AM,10/07/2024 09:00 AM,AJ,10/10/2024,,Pass,0.065,Routine Surveillance,Marion,FarmingtonWWTP-01,Sample,WWTP,10/10/2024 10:17 AM,Amy Jones
D01-0553,G,Composite,,10/08/2024 07:10 AM,10/07/2024 07:10 AM,10/08/2024 07:10 AM,AJ,10/10/2024,,Pass,1.14,Routine Surveillance,Jefferson,CharlesTownWWTP-01,Sample,WWTP,10/10/2024 10:18 AM,Amy Jones
M03-0478,G,Composite,,10/09/2024 09:00 AM,10/08/2024 09:00 AM,10/09/2024 09:00 AM,AJ,10/10/2024,,Pass,0.157,Routine Surveillance,Marion,ManningtonWWTP-01,Sample,WWTP,10/10/2024 10:20 AM,Amy Jones
N02-0535,G,Composite,,10/08/2024 07:00 AM,10/07/2024 07:00 AM,10/08/2024 07:00 AM,AJ,10/10/2024,,Pass,5.012,Routine Surveillance,Harrison,ClarksburgWWTP-01,Sample,WWTP,10/10/2024 10:20 AM,Amy Jones
O01-0535,G,Composite,,10/07/2024 08:00 AM,10/06/2024 08:00 AM,10/07/2024 08:00 AM,AJ,10/10/2024,,Pass,0.50,Routine Surveillance,Taylor,GraftonWWTP-01,Sample,WWTP,10/10/2024 10:21 AM,Amy Jones
P01-0152,G,Composite,,10/07/2024 08:00 AM,10/06/2024 08:00 AM,10/07/2024 08:00 AM,AJ,10/10/2024,,Pass,0.171,Routine Surveillance,Pleasants,StMarysWWTP-01,Sample,WWTP,10/10/2024 10:22 AM,Amy Jones
K01-0501,G,Composite,,10/08/2024 06:20 AM,10/07/2024 06:20 AM,10/08/2024 06:20 AM,AJ,10/10/2024,,Pass,4.137,Routine Surveillance,Wood,ParkersburgWWTP-01,Sample,WWTP,10/10/2024 10:23 AM,Amy Jones
Q01-0581,G,Composite,,10/07/2024 08:00 AM,10/06/2024 08:00 AM,10/07/2024 08:00 AM,AJ,10/10/2024,,Pass,0.246,Routine Surveillance,Boone,MadisonWWTP-01,Sample,WWTP,10/10/2024 10:24 AM,Amy Jones
A01-1062,G,Composite,,10/06/2024 12:00 AM,10/05/2024 12:00 AM,10/06/2024 12:00 AM,AJ,10/10/2024,,Pass,7.6,Routine Surveillance,Monongalia,StarCityWWTP-01,Sample,WWTP,10/10/2024 10:25 AM,Amy Jones
A01-1064,G,Composite,,10/08/2024 12:00 AM,10/07/2024 12:00 AM,10/08/2024 12:00 AM,AJ,10/10/2024,,Pass,7.6,Routine Surveillance,Monongalia,StarCityWWTP-01,Sample,WWTP,10/10/2024 10:26 AM,Amy Jones
A01-1061,G,Composite,,10/05/2024 12:00 AM,10/04/2024 12:00 AM,10/05/2024 12:00 AM,AJ,10/10/2024,,Pass,7.0,Routine Surveillance,Monongalia,StarCityWWTP-01,Sample,WWTP,10/10/2024 10:26 AM,Amy Jones
A01-1063,G,Composite,,10/07/2024 12:00 AM,10/06/2024 12:00 AM,10/07/2024 12:00 AM,AJ,10/10/2024,,Pass,10.3,Routine Surveillance,Monongalia,StarCityWWTP-01,Sample,WWTP,10/10/2024 10:27 AM,Amy Jones
A04-0570,G,Composite,,10/07/2024 08:00 AM,10/06/2024 08:00 AM,10/07/2024 08:00 AM,AJ,10/10/2024,,Pass,0.606,Routine Surveillance,Monongalia,CheatLakeWWTP-01,Sample,WWTP,10/10/2024 10:28 AM,Amy Jones
E01-0655,G,Composite,,10/03/2024 09:00 AM,10/02/2024 09:00 AM,10/03/2024 09:00 AM,AJ,10/10/2024,,Pass,2.186,Routine Surveillance,Mercer,PrincetonWWTP-01,Sample,WWTP,10/10/2024 11:20 AM,Amy Jones
E01-0656,G,Composite,,10/04/2024 09:00 AM,10/03/2024 09:00 AM,10/04/2024 09:00 AM,AJ,10/10/2024,,Pass,2.186,Routine Surveillance,Mercer,PrincetonWWTP-01,Sample,WWTP,10/10/2024 11:21 AM,Amy Jones
E01-0657,G,Composite,,10/08/2024 09:00 AM,10/07/2024 09:00 AM,10/08/2024 09:00 AM,AJ,10/10/2024,,Pass,1.665,Routine Surveillance,Mercer,PrincetonWWTP-01,Sample,WWTP,10/10/2024 11:21 AM,Amy Jones
E01-0658,G,Composite,,10/09/2024 09:00 AM,10/08/2024 09:00 AM,10/09/2024 09:00 AM,AJ,10/10/2024,,Pass,1.672,Routine Surveillance,Mercer,PrincetonWWTP-01,Sample,WWTP,10/10/2024 11:22 AM,Amy Jones
C01-0776,G,Composite,,10/08/2024 07:00 AM,10/07/2024 07:00 AM,10/08/2024 07:00 AM,AJ,10/16/2024,,Pass,4.53,Routine Surveillance,Ohio,WheelingWWTP-01,Sample,WWTP,10/16/2024 11:18 AM,Amy Jones
C01-0777,G,Composite,,10/09/2024 07:00 AM,10/08/2024 07:00 AM,10/09/2024 07:00 AM,AJ,10/16/2024,,Pass,5.07,Routine Surveillance,Ohio,WheelingWWTP-01,Sample,WWTP,10/16/2024 11:19 AM,Amy Jones
C01-0778,G,Composite,,10/10/2024 07:00 AM,10/09/2024 07:00 AM,10/10/2024 07:00 AM,AJ,10/16/2024,,Pass,5.22,Routine Surveillance,Ohio,WheelingWWTP-01,Sample,WWTP,10/16/2024 11:20 AM,Amy Jones
C01-0779,G,Composite,,10/11/2024 07:00 AM,10/10/2024 07:00 AM,10/11/2024 07:00 AM,AJ,10/16/2024,,Pass,4.63,Routine Surveillance,Ohio,WheelingWWTP-01,Sample,WWTP,10/16/2024 11:21 AM,Amy Jones
C01-0780,G,Composite,,10/14/2024 07:00 AM,10/13/2024 07:00 AM,10/14/2024 07:00 AM,AJ,10/16/2024,,Pass,4.97,Routine Surveillance,Ohio,WheelingWWTP-01,Sample,WWTP,10/16/2024 11:21 AM,Amy Jones
D01-0552,G,Composite,,10/15/2024 07:00 AM,10/14/2024 07:00 AM,10/15/2024 07:00 AM,AJ,10/16/2024,,Pass,1.10,Routine Surveillance,Jefferson,CharlesTownWWTP-01,Sample,WWTP,10/16/2024 11:22 AM,Amy Jones
R02-0506,G,Composite,,10/14/2024 08:00 AM,10/13/2024 08:00 AM,10/14/2024 08:00 AM,AJ,10/16/2024,,Pass,0.85,Routine Surveillance,Randolph,ElkinsWWTP-01,Sample,WWTP,10/16/2024 11:23 AM,Amy Jones
M03-0477,G,Composite,,10/14/2024 09:00 AM,10/13/2024 09:00 AM,10/14/2024 09:00 AM,AJ,10/16/2024,,Pass,0.133,Routine Surveillance,Marion,ManningtonWWTP-01,Sample,WWTP,10/16/2024 11:24 AM,Amy Jones
T01-0379,G,Composite,,10/14/2024 09:15 AM,10/13/2024 09:00 AM,10/14/2024 09:00 AM,AJ,10/16/2024,,Pass,0.16,Routine Surveillance,Mason,PointPleasantWWTP-01,Sample,WWTP,10/16/2024 11:25 AM,Amy Jones
M04-0378,G,Composite,,10/14/2024 08:30 AM,10/13/2024 08:30 AM,10/14/2024 08:30 AM,AJ,10/16/2024,,Pass,0.071,Routine Surveillance,Marion,FarmingtonWWTP-01,Sample,WWTP,10/16/2024 11:26 AM,Amy Jones
G01-0602,G,Composite,,10/14/2024 09:00 AM,10/13/2024 09:00 AM,10/14/2024 09:00 AM,AJ,10/16/2024,,Pass,0.731,Routine Surveillance,Mineral,KeyserWWTP-01,Sample,WWTP,10/16/2024 11:27 AM,Amy Jones
O01-0534,G,Composite,,10/15/2024 08:00 AM,10/14/2024 08:00 AM,10/15/2024 08:00 AM,AJ,10/16/2024,,Pass,0.33,Routine Surveillance,Taylor,GraftonWWTP-01,Sample,WWTP,10/16/2024 11:28 AM,Amy Jones
Q01-0582,G,Composite,,10/14/2024 08:00 AM,10/13/2024 08:00 AM,10/14/2024 08:00 AM,AJ,10/16/2024,,Pass,0.229,Routine Surveillance,Boone,MadisonWWTP-01,Sample,WWTP,10/16/2024 11:29 AM,Amy Jones
P01-0153,G,Composite,,10/14/2024 08:00 AM,10/13/2024 08:00 AM,10/14/2024 08:00 AM,AJ,10/16/2024,,Pass,0.179,Routine Surveillance,Pleasants,StMarysWWTP-01,Sample,WWTP,10/16/2024 11:30 AM,Amy Jones
H01-0951,G,Composite,,10/15/2024 08:00 AM,10/14/2024 08:00 AM,10/15/2024 08:00 AM,AJ,10/16/2024,,Pass,1.1,Routine Surveillance,Marshall,MoundsvilleWWTP-01,Sample,WWTP,10/16/2024 11:30 AM,Amy Jones
K01-0504,G,Composite,,10/15/2024 06:30 AM,10/14/2024 06:30 AM,10/15/2024 06:30 AM,AJ,10/16/2024,,Pass,3.811,Routine Surveillance,Wood,ParkersburgWWTP-01,Sample,WWTP,10/16/2024 11:31 AM,Amy Jones
N02-0532,G,Composite,,10/15/2024 07:00 AM,10/14/2024 07:00 AM,10/15/2024 07:00 AM,AJ,10/16/2024,,Pass,6.03,Routine Surveillance,Harrison,ClarksburgWWTP-01,Sample,WWTP,10/16/2024 11:32 AM,Amy Jones
L01-0557,G,Composite,,10/14/2024 08:00 AM,10/13/2024 08:00 AM,10/14/2024 08:00 AM,AJ,10/16/2024,,Pass,0.254,Routine Surveillance,Doddridge,WestUnionWWTP-01,Sample,WWTP,10/16/2024 11:33 AM,Amy Jones
A04-0566,G,Composite,,10/14/2024 08:00 AM,10/13/2024 08:00 AM,10/14/2024 08:00 AM,AJ,10/16/2024,,Pass,0.562,Routine Surveillance,Monongalia,CheatLakeWWTP-01,Sample,WWTP,10/16/2024 11:35 AM,Amy Jones
A01-1068,G,Composite,,10/13/2024 12:00 AM,10/12/2024 12:00 AM,10/13/2024 12:00 AM,AJ,10/16/2024,,Pass,6.9,Routine Surveillance,Monongalia,StarCityWWTP-01,Sample,WWTP,10/16/2024 11:37 AM,Amy Jones
A01-1067,G,Composite,,10/12/2024 12:00 AM,10/11/2024 12:00 AM,10/12/2024 12:00 AM,AJ,10/16/2024,,Pass,6.3,Routine Surveillance,Monongalia,StarCityWWTP-01,Sample,WWTP,10/16/2024 11:38 AM,Amy Jones
A01-1069,G,Composite,,10/14/2024 12:00 AM,10/13/2024 12:00 AM,10/14/2024 12:00 AM,AJ,10/16/2024,,Pass,7.3,Routine Surveillance,Monongalia,StarCityWWTP-01,Sample,WWTP,10/16/2024 11:39 AM,Amy Jones
A01-1066,G,Composite,,10/10/2024 12:00 AM,10/09/2024 12:00 AM,10/10/2024 12:00 AM,AJ,10/16/2024,,Pass,7.1,Routine Surveillance,Monongalia,StarCityWWTP-01,Sample,WWTP,10/16/2024 11:39 AM,Amy Jones
A01-1065,G,Composite,,10/09/2024 12:00 AM,10/08/2024 12:00 AM,10/09/2024 12:00 AM,AJ,10/16/2024,,Pass,7.1,Routine Surveillance,Monongalia,StarCityWWTP-01,Sample,WWTP,10/16/2024 11:40 AM,Amy Jones
J01-0503,G,Composite,,10/14/2024 07:30 AM,10/13/2024 07:30 AM,10/14/2024 07:30 AM,AJ,10/21/2024,LEFT IN OFFICE OVER WEEKEND,Fail: Temperature Above Threshold,0.047,Routine Surveillance,Preston,AlpineLakeWWTP-01,Sample,WWTP,10/21/2024 10:18 AM,Amy Jones
E01-0660,G,Composite,,10/15/2024 09:00 AM,10/14/2024 09:00 AM,10/15/2024 09:00 AM,AJ,10/21/2024,,Pass,1.469,Routine Surveillance,Mercer,PrincetonWWTP-01,Sample,WWTP,10/21/2024 10:21 AM,Amy Jones
E01-0659,G,Composite,,10/11/2024 09:00 AM,10/10/2024 09:00 AM,10/11/2024 09:00 AM,AJ,10/21/2024,,Pass,1.528,Routine Surveillance,Mercer,PrincetonWWTP-01,Sample,WWTP,10/21/2024 10:21 AM,Amy Jones
E01-0661,G,Composite,,10/16/2024 09:00 AM,10/15/2024 09:00 AM,10/16/2024 09:00 AM,AJ,10/21/2024,,Pass,1.900,Routine Surveillance,Mercer,PrincetonWWTP-01,Sample,WWTP,10/21/2024 10:22 AM,Amy Jones
A01-1070,G,Composite,,10/15/2024 12:00 AM,10/14/2024 12:00 AM,10/15/2024 12:00 AM,AJ,10/21/2024,,Pass,8.6,Routine Surveillance,Monongalia,StarCityWWTP-01,Sample,WWTP,10/21/2024 10:24 AM,Amy Jones
A01-1071,G,Composite,,10/16/2024 12:00 AM,10/15/2024 12:00 AM,10/16/2024 12:00 AM,AJ,10/21/2024,,Pass,8.0,Routine Surveillance,Monongalia,StarCityWWTP-01,Sample,WWTP,10/21/2024 10:24 AM,Amy Jones
A01-1072,G,Composite,,10/17/2024 12:00 AM,10/16/2024 12:00 AM,10/17/2024 12:00 AM,AJ,10/21/2024,,Pass,8.1,Routine Surveillance,Monongalia,StarCityWWTP-01,Sample,WWTP,10/21/2024 10:25 AM,Amy Jones
C01-0781,G,Composite,,10/15/2024 07:00 AM,10/14/2024 07:00 AM,10/15/2024 07:00 AM,AJ,10/22/2024,,Pass,5.32,Routine Surveillance,Ohio,WheelingWWTP-01,Sample,WWTP,10/22/2024 12:29 PM,Amy Jones
C01-0782,G,Composite,,10/16/2024 07:00 AM,10/15/2024 07:00 AM,10/16/2024 07:00 AM,AJ,10/22/2024,,Pass,6.07,Routine Surveillance,Ohio,WheelingWWTP-01,Sample,WWTP,10/22/2024 12:30 PM,Amy Jones
C01-0783,G,Composite,,10/17/2024 07:00 AM,10/16/2024 07:00 AM,10/17/2024 07:00 AM,AJ,10/22/2024,,Pass,5.51,Routine Surveillance,Ohio,WheelingWWTP-01,Sample,WWTP,10/22/2024 12:30 PM,Amy Jones
C01-0784,G,Composite,,10/18/2024 07:00 AM,10/17/2024 07:00 AM,10/18/2024 07:00 AM,AJ,10/22/2024,,Pass,5.14,Routine Surveillance,Ohio,WheelingWWTP-01,Sample,WWTP,10/22/2024 12:31 PM,Amy Jones
C01-0785,G,Composite,,10/21/2024 07:00 AM,10/20/2024 07:00 AM,10/21/2024 07:00 AM,AJ,10/22/2024,,Pass,4.98,Routine Surveillance,Ohio,WheelingWWTP-01,Sample,WWTP,10/22/2024 12:33 PM,Amy Jones
J01-0504,G,Composite,,10/21/2024 07:30 AM,10/20/2024 07:30 AM,10/21/2024 07:30 AM,AJ,10/22/2024,,Pass,0.042,Routine Surveillance,Preston,AlpineLakeWWTP-01,Sample,WWTP,10/22/2024 12:34 PM,Amy Jones
H01-0952,G,Composite,,10/21/2024 08:00 AM,10/20/2024 08:00 AM,10/21/2024 08:00 AM,AJ,10/22/2024,,Pass,1.1,Routine Surveillance,Marshall,MoundsvilleWWTP-01,Sample,WWTP,10/22/2024 12:35 PM,Amy Jones
Q01-0583,G,Composite,,10/21/2024 08:00 AM,10/20/2024 08:00 AM,10/21/2024 08:00 AM,AJ,10/22/2024,,Pass,0.244,Routine Surveillance,Boone,MadisonWWTP-01,Sample,WWTP,10/22/2024 12:35 PM,Amy Jones
T01-0378,G,Composite,,10/22/2024 07:00 AM,10/21/2024 07:00 AM,10/22/2024 07:00 AM,AJ,10/22/2024,,Pass,0.07,Routine Surveillance,Mason,PointPleasantWWTP-01,Sample,WWTP,10/22/2024 12:36 PM,Amy Jones
L01-0605,G,Composite,,10/21/2024 08:00 AM,10/20/2024 08:00 AM,10/21/2024 08:00 AM,AJ,10/22/2024,,Pass,0.152,Routine Surveillance,Doddridge,WestUnionWWTP-01,Sample,WWTP,10/22/2024 12:37 PM,Amy Jones
N02-0539,G,Composite,,10/22/2024 07:00 AM,10/21/2024 07:00 AM,10/22/2024 07:00 AM,AJ,10/22/2024,,Pass,4.81,Routine Surveillance,Harrison,ClarksburgWWTP-01,Sample,WWTP,10/22/2024 12:38 PM,Amy Jones
O01-0531,G,Composite,,10/22/2024 08:00 AM,10/21/2024 08:00 AM,10/22/2024 08:00 AM,AJ,10/22/2024,,Pass,0.41,Routine Surveillance,Taylor,GraftonWWTP-01,Sample,WWTP,10/22/2024 12:39 PM,Amy Jones
M03-0480,G,Composite,,10/22/2024 08:00 AM,10/21/2024 08:00 AM,10/22/2024 08:00 AM,AJ,10/22/2024,,Pass,0.139,Routine Surveillance,Marion,ManningtonWWTP-01,Sample,WWTP,10/22/2024 12:39 PM,Amy Jones
A04-0560,G,Composite,,10/21/2024 08:00 AM,10/20/2024 08:00 AM,10/21/2024 08:00 AM,AJ,10/23/2024,,Pass,0.593,Routine Surveillance,Monongalia,CheatLakeWWTP-01,Sample,WWTP,10/23/2024 11:00 AM,Amy Jones
K01-0503,G,Composite,,10/22/2024 06:30 AM,10/21/2024 06:30 AM,10/22/2024 06:30 AM,AJ,10/23/2024,,Pass,3.654,Routine Surveillance,Wood,ParkersburgWWTP-01,Sample,WWTP,10/23/2024 11:01 AM,Amy Jones
D01-0554,G,Composite,,10/22/2024 07:00 AM,10/21/2024 07:00 AM,10/22/2024 07:00 AM,AJ,10/23/2024,,Pass,1.21,Routine Surveillance,Jefferson,CharlesTownWWTP-01,Sample,WWTP,10/23/2024 11:02 AM,Amy Jones
R02-0503,G,Composite,,10/21/2024 08:00 AM,10/20/2024 08:00 AM,10/21/2024 08:00 AM,AJ,10/23/2024,,Pass,2.63,Routine Surveillance,Randolph,ElkinsWWTP-01,Sample,WWTP,10/23/2024 11:04 AM,Amy Jones
A01-1073,G,Composite,,10/20/2024 12:00 AM,10/19/2024 12:00 AM,10/20/2024 12:00 AM,AJ,10/23/2024,,Pass,6.6,Routine Surveillance,Monongalia,StarCityWWTP-01,Sample,WWTP,10/23/2024 11:05 AM,Amy Jones
A01-1075,G,Composite,,10/21/2024 12:00 AM,10/20/2024 12:00 AM,10/21/2024 12:00 AM,AJ,10/23/2024,,Pass,6.6,Routine Surveillance,Monongalia,StarCityWWTP-01,Sample,WWTP,10/23/2024 11:06 AM,Amy Jones
C01-0786,G,Composite,,10/22/2024 07:00 AM,10/21/2024 07:00 AM,10/22/2024 07:00 AM,AJ,10/29/2024,,Pass,5.01,Routine Surveillance,Ohio,WheelingWWTP-01,Sample,WWTP,10/29/2024 11:21 AM,Amy Jones
C01-0787,G,Composite,,10/23/2024 07:00 AM,10/22/2024 07:00 AM,10/23/2024 07:00 AM,AJ,10/29/2024,,Pass,5.19,Routine Surveillance,Ohio,WheelingWWTP-01,Sample,WWTP,10/29/2024 11:22 AM,Amy Jones
C01-0788,G,Composite,,10/24/2024 07:00 AM,10/23/2024 07:00 AM,10/24/2024 07:00 AM,AJ,10/29/2024,,Pass,5.09,Routine Surveillance,Ohio,WheelingWWTP-01,Sample,WWTP,10/29/2024 11:23 AM,Amy Jones
C01-0789,G,Composite,,10/25/2024 07:00 AM,10/24/2024 07:00 AM,10/25/2024 07:00 AM,AJ,10/29/2024,,Pass,5.07,Routine Surveillance,Ohio,WheelingWWTP-01,Sample,WWTP,10/29/2024 11:23 AM,Amy Jones
C01-0790,G,Composite,,10/28/2024 07:00 AM,10/27/2024 07:00 AM,10/28/2024 07:00 AM,AJ,10/29/2024,,Pass,5.14,Routine Surveillance,Ohio,WheelingWWTP-01,Sample,WWTP,10/29/2024 11:24 AM,Amy Jones
E01-0662,G,Composite,,10/18/2024 09:00 AM,10/17/2024 09:00 AM,10/18/2024 09:00 AM,AJ,10/29/2024,,Pass,1.52,Routine Surveillance,Mercer,PrincetonWWTP-01,Sample,WWTP,10/29/2024 11:25 AM,Amy Jones
E01-0663,G,Composite,,10/21/2024 09:00 AM,10/20/2024 09:00 AM,10/21/2024 09:00 AM,AJ,10/29/2024,,Pass,1.440,Routine Surveillance,Mercer,PrincetonWWTP-01,Sample,WWTP,10/29/2024 11:26 AM,Amy Jones
E01-0664,G,Composite,,,10/22/2024 09:00 AM,10/23/2024 09:00 AM,AJ,10/29/2024,,Pass,1.331,Routine Surveillance,Mercer,PrincetonWWTP-01,Sample,WWTP,10/29/2024 11:27 AM,Amy Jones
A01-1080,G,Composite,,10/28/2024 12:00 AM,10/27/2024 12:00 AM,10/28/2024 12:00 AM,AJ,10/30/2024,,Pass,6.7,Routine Surveillance,Monongalia,StarCityWWTP-01,Sample,WWTP,10/30/2024 01:48 PM,Amy Jones
A04-0601,G,Composite,,10/28/2024 08:00 AM,10/27/2024 08:00 AM,10/28/2024 08:00 AM,AJ,10/30/2024,,Pass,0.542,Routine Surveillance,Monongalia,CheatLakeWWTP-01,Sample,WWTP,10/30/2024 01:48 PM,Amy Jones
A01-1079,G,Composite,,10/27/2024 12:00 AM,10/26/2024 12:00 AM,10/27/2024 12:00 AM,AJ,10/30/2024,,Pass,7.2,Routine Surveillance,Monongalia,StarCityWWTP-01,Sample,WWTP,10/30/2024 01:49 PM,Amy Jones
A01-1074,GT,Composite,,10/22/2024 12:00 AM,10/21/2024 12:00 AM,10/22/2024 12:00 AM,AJ,10/30/2024,,Pass,6.6,Routine Surveillance,Monongalia,StarCityWWTP-01,Sample,WWTP,10/30/2024 01:50 PM,Amy Jones
A01-1076,G,Composite,,10/23/2024 12:00 AM,10/22/2024 12:00 AM,10/23/2024 12:00 AM,AJ,10/30/2024,,Pass,6.9,Routine Surveillance,Monongalia,StarCityWWTP-01,Sample,WWTP,10/30/2024 01:51 PM,Amy Jones
A01-1077,G,Composite,,10/24/2024 12:00 AM,10/23/2024 12:00 AM,10/24/2024 12:00 AM,AJ,10/30/2024,,Pass,8.0,Routine Surveillance,Monongalia,StarCityWWTP-01,Sample,WWTP,10/30/2024 01:52 PM,Amy Jones
A01-1078,G,Composite,,10/26/2024 12:00 AM,10/25/2024 12:00 AM,10/26/2024 12:00 AM,AJ,10/30/2024,,Pass,7.2,Routine Surveillance,Monongalia,StarCityWWTP-01,Sample,WWTP,10/30/2024 01:52 PM,Amy Jones
R02-0505,G,Composite,,10/28/2024 06:00 AM,10/27/2024 06:00 AM,10/28/2024 06:00 AM,AJ,10/30/2024,,Pass,1.456,Routine Surveillance,Randolph,ElkinsWWTP-01,Sample,WWTP,10/30/2024 01:54 PM,Amy Jones
Q01-0584,G,Composite,,10/28/2024 08:00 AM,10/27/2024 08:00 AM,10/28/2024 08:00 AM,AJ,10/30/2024,,Pass,0.235,Routine Surveillance,Boone,MadisonWWTP-01,Sample,WWTP,10/30/2024 01:55 PM,Amy Jones
J01-0505,G,Composite,,10/28/2024 07:30 AM,10/27/2024 07:30 AM,10/28/2024 07:30 AM,AJ,10/30/2024,,Pass,0.035,Routine Surveillance,Preston,AlpineLakeWWTP-01,Sample,WWTP,10/30/2024 01:56 PM,Amy Jones
H01-0955,G,Composite,,10/28/2024 08:00 AM,10/27/2024 08:00 AM,10/28/2024 08:00 AM,AJ,10/30/2024,,Pass,1.1,Routine Surveillance,Marshall,MoundsvilleWWTP-01,Sample,WWTP,10/30/2024 01:57 PM,Amy Jones
U01-0138,G,Composite,,10/28/2024 08:00 AM,10/27/2024 08:00 AM,10/28/2024 08:00 AM,AJ,10/30/2024,,Pass,0.114,Routine Surveillance,Fayette,WhiteOakWWTP-01,Sample,WWTP,10/30/2024 01:58 PM,Amy Jones
T01-0380,G,Composite,,10/29/2024 07:00 AM,10/28/2024 07:00 AM,10/29/2024 07:00 AM,AJ,10/30/2024,,Pass,0.09,Routine Surveillance,Mason,PointPleasantWWTP-01,Sample,WWTP,10/30/2024 01:59 PM,Amy Jones
O01-0533,G,Composite,,10/29/2024 08:00 AM,10/28/2024 08:00 AM,10/29/2024 08:00 AM,AJ,10/30/2024,,Pass,0.47,Routine Surveillance,Taylor,GraftonWWTP-01,Sample,WWTP,10/30/2024 02:02 PM,Amy Jones
D01-0562,G,Composite,,10/29/2024 07:30 AM,10/28/2024 07:30 AM,10/29/2024 07:30 AM,AJ,10/30/2024,,Pass,1.26,Routine Surveillance,Jefferson,CharlesTownWWTP-01,Sample,WWTP,10/30/2024 02:03 PM,Amy Jones
L01-0604,G,Composite,,10/28/2024 08:00 AM,10/27/2024 08:00 AM,10/28/2024 08:00 AM,AJ,10/30/2024,,Pass,0.148,Routine Surveillance,Doddridge,WestUnionWWTP-01,Sample,WWTP,10/30/2024 02:04 PM,Amy Jones
M03-0476,G,Composite,,10/29/2024 08:00 AM,10/28/2024 08:00 AM,10/29/2024 08:00 AM,AJ,10/30/2024,,Pass,0.115,Routine Surveillance,Marion,ManningtonWWTP-01,Sample,WWTP,10/30/2024 02:05 PM,Amy Jones
K01-0510,G,Composite,,10/29/2024 06:30 AM,10/28/2024 06:30 AM,10/29/2024 06:30 AM,AJ,10/30/2024,,Pass,3.736,Routine Surveillance,Wood,ParkersburgWWTP-01,Sample,WWTP,10/30/2024 02:06 PM,Amy Jones
N02-0540,G,Composite,,10/29/2024 07:00 AM,10/28/2024 07:00 AM,10/29/2024 07:00 AM,AJ,10/30/2024,,Pass,3.78,Routine Surveillance,Harrison,ClarksburgWWTP-01,Sample,WWTP,10/30/2024 02:07 PM,Amy Jones
N03-0555,G,Composite,,10/28/2024 07:30 AM,10/27/2024 07:30 AM,10/28/2024 07:30 AM,AJ,10/30/2024,,Pass,0.1857110,Routine Surveillance,Harrison,SalemWWTP-01,Sample,WWTP,10/30/2024 02:08 PM,Amy Jones
N03-0554,G,Composite,,10/08/2024 07:30 AM,10/07/2024 07:30 AM,10/08/2024 07:30 AM,AJ,10/30/2024,,Pass,0.222550,Routine Surveillance,Harrison,SalemWWTP-01,Sample,WWTP,10/30/2024 02:09 PM,Amy Jones
P01-0155,G,Composite,,10/25/2024 08:00 AM,10/24/2024 08:00 AM,10/25/2024 08:00 AM,AJ,10/30/2024,,Pass,0.142,Routine Surveillance,Pleasants,StMarysWWTP-01,Sample,WWTP,10/30/2024 02:10 PM,Amy Jones
E01-0665,G,Composite,,10/25/2024 09:00 AM,10/24/2024 09:00 AM,10/25/2024 09:00 AM,AJ,11/07/2024,,Pass,1.298,Routine Surveillance,Mercer,PrincetonWWTP-01,Sample,WWTP,11/07/2024 10:23 AM,Amy Jones
E01-0666,G,Composite,,10/29/2024 09:00 AM,10/28/2024 09:00 AM,10/29/2024 09:00 AM,AJ,11/07/2024,,Pass,1.434,Routine Surveillance,Mercer,PrincetonWWTP-01,Sample,WWTP,11/07/2024 10:24 AM,Amy Jones
E01-0667,G,Composite,,10/30/2024 09:00 AM,10/29/2024 09:00 AM,10/30/2024 09:00 AM,AJ,11/07/2024,,Pass,2.313,Routine Surveillance,Mercer,PrincetonWWTP-01,Sample,WWTP,11/07/2024 10:25 AM,Amy Jones
C01-0791,G,Composite,,10/29/2024 07:00 AM,10/28/2024 07:00 AM,10/29/2024 07:00 AM,AJ,11/07/2024,,Pass,5.16,Routine Surveillance,Ohio,WheelingWWTP-01,Sample,WWTP,11/07/2024 10:26 AM,Amy Jones
C01-0792,G,Composite,,10/30/2024 07:00 AM,10/29/2024 07:00 AM,10/30/2024 07:00 AM,AJ,11/07/2024,,Pass,5.04,Routine Surveillance,Ohio,WheelingWWTP-01,Sample,WWTP,11/07/2024 10:27 AM,Amy Jones
C01-0793,G,Composite,,10/31/2024 07:00 AM,10/30/2024 07:00 AM,10/31/2024 07:00 AM,AJ,11/07/2024,,Pass,5.18,Routine Surveillance,Ohio,WheelingWWTP-01,Sample,WWTP,11/07/2024 10:28 AM,Amy Jones
C01-0794,G,Composite,,11/01/2024 07:00 AM,10/31/2024 07:00 AM,11/01/2024 07:00 AM,AJ,11/07/2024,,Pass,5.54,Routine Surveillance,Ohio,WheelingWWTP-01,Sample,WWTP,11/07/2024 10:28 AM,Amy Jones
C01-0795,G,Composite,,11/04/2024 07:00 AM,11/03/2024 07:00 AM,11/04/2024 07:00 AM,AJ,11/07/2024,,Pass,5.50,Routine Surveillance,Ohio,WheelingWWTP-01,Sample,WWTP,11/07/2024 10:29 AM,Amy Jones
Q01-0081,TO BE REMOVED,,,,,,,,NO SAMPLE CLOGGED PROB,Fail: Volume Below Min,,,Boone,MadisonWWTP-01,Sample,WWTP,07/28/2022 11:40 AM,Amy Jones
A01-0370,G,Composite,,09/28/2022 12:00 AM,09/27/2022 12:00 AM,09/28/2022 12:00 AM,,,,,8.9,,Monongalia,StarCityWWTP-01,Sample,WWTP,09/30/2022 02:43 PM,Amy Jones
A01-0984,G,Composite,,09/04/2024 12:00 AM,09/03/2024 12:00 AM,09/04/2024 12:00 AM,AJ,09/09/2024,,Pass,7.0,Routine Surveillance,Monongalia,StarCityWWTP-01,Sample,WWTP,09/09/2024 01:41 PM,Amy Jones
A01-0985,G,Composite,,09/05/2024 12:00 AM,09/04/2024 12:00 AM,09/05/2024 12:00 AM,AJ,09/09/2024,,Pass,7.0,Routine Surveillance,Monongalia,StarCityWWTP-01,Sample,WWTP,09/09/2024 01:42 PM,Amy Jones
Q01-0520,G,Composite,,09/02/2024 08:00 AM,09/01/2024 08:00 AM,09/02/2024 08:00 AM,AJ,09/09/2024,,Pass,0.2416,Routine Surveillance,Boone,MadisonWWTP-01,Sample,WWTP,09/09/2024 01:43 PM,Amy Jones
A01-0986,G,Composite,,09/07/2024 12:00 AM,09/06/2024 12:00 AM,09/07/2024 12:00 AM,AJ,09/11/2024,,Pass,8.9,Routine Surveillance,Monongalia,StarCityWWTP-01,Sample,WWTP,09/11/2024 10:04 AM,Amy Jones
A01-0987,G,Composite,,09/08/2024 12:00 AM,09/07/2024 12:00 AM,09/08/2024 12:00 AM,AJ,09/11/2024,,Pass,7.0,Routine Surveillance,Monongalia,StarCityWWTP-01,Sample,WWTP,09/11/2024 10:05 AM,Amy Jones
C01-0726,G,Composite,,09/03/2024 07:00 AM,09/02/2024 07:00 AM,09/03/2024 07:00 AM,AJ,09/11/2024,,Pass,5.05,Routine Surveillance,Ohio,WheelingWWTP-01,Sample,WWTP,09/11/2024 10:06 AM,Amy Jones
C01-0727,G,Composite,,09/04/2024 07:00 AM,09/03/2024 07:00 AM,09/04/2024 07:00 AM,AJ,09/11/2024,,Pass,5.15,Routine Surveillance,Ohio,WheelingWWTP-01,Sample,WWTP,09/11/2024 10:08 AM,Amy Jones
C01-0728,G,Composite,,09/05/2024 07:00 AM,09/04/2024 07:00 AM,09/05/2024 07:00 AM,AJ,09/11/2024,,Pass,5.27,Routine Surveillance,Ohio,WheelingWWTP-01,Sample,WWTP,09/11/2024 10:08 AM,Amy Jones
C01-0729,G,Composite,,09/06/2024 07:00 AM,09/05/2024 07:00 AM,09/06/2024 07:00 AM,AJ,09/11/2024,,Pass,5.06,Routine Surveillance,Ohio,WheelingWWTP-01,Sample,WWTP,09/11/2024 10:09 AM,Amy Jones
C01-0730,G,Composite,,09/09/2024 07:00 AM,09/08/2024 07:00 AM,09/09/2024 07:00 AM,AJ,09/11/2024,,Pass,5.13,Routine Surveillance,Ohio,WheelingWWTP-01,Sample,WWTP,09/11/2024 10:10 AM,Amy Jones
R02-0453,G,Composite,,09/09/2024 08:00 AM,09/08/2024 08:00 AM,09/09/2024 08:00 AM,AJ,09/11/2024,,Pass,0.65,Routine Surveillance,Randolph,ElkinsWWTP-01,Sample,WWTP,09/11/2024 10:11 AM,Amy Jones
P01-0121,G,Composite,,09/09/2024 08:00 AM,09/08/2024 08:00 AM,09/09/2024 08:00 AM,AJ,09/11/2024,,Pass,0.198,Routine Surveillance,Pleasants,StMarysWWTP-01,Sample,WWTP,09/11/2024 10:12 AM,Amy Jones
L01-0563,G,Composite,,09/09/2024 08:00 AM,09/08/2024 08:00 AM,09/09/2024 08:00 AM,AJ,09/11/2024,,Pass,0.187,Routine Surveillance,Doddridge,WestUnionWWTP-01,Sample,WWTP,09/11/2024 10:16 AM,Amy Jones
N03-0456,G,Composite,,09/09/2024 07:30 AM,09/08/2024 07:30 AM,09/09/2024 07:30 AM,AJ,09/11/2024,,Pass,0.208596,Routine Surveillance,Harrison,SalemWWTP-01,Sample,WWTP,09/11/2024 10:17 AM,Amy Jones
H01-0940,G,Composite,,09/09/2024 08:00 AM,09/08/2024 08:00 AM,09/09/2024 08:00 AM,AJ,09/11/2024,,Pass,1.1,Routine Surveillance,Marshall,MoundsvilleWWTP-01,Sample,WWTP,09/11/2024 10:18 AM,Amy Jones
J01-0420,G,Composite,,09/09/2024 07:30 AM,09/08/2024 07:30 AM,09/09/2024 07:30 AM,AJ,09/11/2024,,Pass,0.036,Routine Surveillance,Preston,AlpineLakeWWTP-01,Sample,WWTP,09/11/2024 10:19 AM,Amy Jones
A04-0559,G,Composite,,09/09/2024 08:00 AM,09/08/2024 08:00 AM,09/09/2024 08:00 AM,AJ,09/11/2024,,Pass,0.614,Routine Surveillance,Monongalia,CheatLakeWWTP-01,Sample,WWTP,09/11/2024 10:20 AM,Amy Jones
O01-0486,G,Composite,,09/09/2024 08:00 AM,09/08/2024 08:00 AM,09/09/2024 08:00 AM,AJ,09/11/2024,,Pass,0.41,Routine Surveillance,Taylor,GraftonWWTP-01,Sample,WWTP,09/11/2024 10:21 AM,Amy Jones
M03-0382,G,Composite,,09/10/2024 08:00 AM,09/09/2024 08:00 AM,09/10/2024 08:00 AM,AJ,09/11/2024,,Pass,0.132,Routine Surveillance,Marion,ManningtonWWTP-01,Sample,WWTP,09/11/2024 10:21 AM,Amy Jones
N02-0453,G,Composite,,09/09/2024 07:00 AM,09/08/2024 07:00 AM,09/09/2024 07:00 AM,AJ,09/11/2024,,Pass,5.291,Routine Surveillance,Harrison,ClarksburgWWTP-01,Sample,WWTP,09/11/2024 10:22 AM,Amy Jones
N02-0359,G,Composite,,09/10/2024 07:00 AM,09/09/2024 07:00 AM,09/10/2024 07:00 AM,AJ,09/11/2024,,Pass,5.284,Routine Surveillance,Harrison,ClarksburgWWTP-01,Sample,WWTP,09/11/2024 10:24 AM,Amy Jones
D01-0414,G,Composite,,09/10/2024 07:00 AM,09/09/2024 07:00 AM,09/10/2024 07:00 AM,AJ,09/11/2024,,Pass,1.1,Routine Surveillance,Jefferson,CharlesTownWWTP-01,Sample,WWTP,09/11/2024 10:45 AM,Amy Jones
K01-0461,G,Composite,,09/10/2024 06:30 AM,09/09/2024 06:30 AM,09/10/2024 06:30 AM,AJ,09/11/2024,,Pass,3.906,Routine Surveillance,Wood,ParkersburgWWTP-01,Sample,WWTP,09/11/2024 10:46 AM,Amy Jones
Q01-0521,G,Composite,,09/09/2024 08:00 AM,09/08/2024 08:00 AM,09/09/2024 08:00 AM,AJ,09/11/2024,,Pass,0.222,Routine Surveillance,Boone,MadisonWWTP-01,Sample,WWTP,09/11/2024 10:47 AM,Amy Jones
A01-1040,G,Composite,,09/09/2024 12:00 AM,09/08/2024 12:00 AM,09/09/2024 12:00 AM,AJ,09/19/2024,,Pass,7.1,Routine Surveillance,Monongalia,StarCityWWTP-01,Sample,WWTP,09/19/2024 10:53 AM,Amy Jones
A01-1041,G,Composite,,09/10/2024 12:00 AM,09/09/2024 12:00 AM,09/10/2024 12:00 AM,AJ,09/19/2024,,Pass,6.9,Routine Surveillance,Monongalia,StarCityWWTP-01,Sample,WWTP,09/19/2024 10:54 AM,Amy Jones
A01-1042,G,Composite,,09/11/2024 12:00 AM,09/10/2024 12:00 AM,09/11/2024 12:00 AM,AJ,09/19/2024,,Pass,7.0,Routine Surveillance,Monongalia,StarCityWWTP-01,Sample,WWTP,09/19/2024 10:54 AM,Amy Jones
A01-1043,G,Composite,,09/12/2024 12:00 AM,09/11/2024 12:00 AM,09/12/2024 12:00 AM,AJ,09/19/2024,,Pass,7.2,Routine Surveillance,Monongalia,StarCityWWTP-01,Sample,WWTP,09/19/2024 10:55 AM,Amy Jones
A01-1044,G,Composite,,09/14/2024 12:00 AM,09/13/2024 12:00 AM,09/14/2024 12:00 AM,AJ,09/19/2024,,Pass,6.7,Routine Surveillance,Monongalia,StarCityWWTP-01,Sample,WWTP,09/19/2024 10:56 AM,Amy Jones
A01-1045,G,Composite,,09/15/2024 12:00 AM,09/14/2024 12:00 AM,09/15/2024 12:00 AM,AJ,09/19/2024,,Pass,6.9,Routine Surveillance,Monongalia,StarCityWWTP-01,Sample,WWTP,09/19/2024 10:56 AM,Amy Jones
A01-1046,G,Composite,,09/16/2024 12:00 AM,09/15/2024 12:00 AM,09/16/2024 12:00 AM,AJ,09/19/2024,,Pass,6.8,Routine Surveillance,Monongalia,StarCityWWTP-01,Sample,WWTP,09/19/2024 10:57 AM,Amy Jones
C01-0731,G,Composite,,09/10/2024 07:00 AM,09/09/2024 07:00 AM,09/10/2024 07:00 AM,AJ,09/19/2024,,Pass,5.05,Routine Surveillance,Ohio,WheelingWWTP-01,Sample,WWTP,09/19/2024 11:00 AM,Amy Jones
C01-0732,G,Composite,,09/11/2024 07:00 AM,09/10/2024 07:00 AM,09/11/2024 07:00 AM,AJ,09/19/2024,,Pass,5.19,Routine Surveillance,Ohio,WheelingWWTP-01,Sample,WWTP,09/19/2024 11:01 AM,Amy Jones
C01-0733,G,Composite,,09/12/2024 07:00 AM,09/11/2024 07:00 AM,09/12/2024 07:00 AM,AJ,09/19/2024,,Pass,4.99,Routine Surveillance,Ohio,WheelingWWTP-01,Sample,WWTP,09/19/2024 11:02 AM,Amy Jones
C01-0734,G,Composite,,09/13/2024 07:00 AM,09/12/2024 07:00 AM,09/13/2024 07:00 AM,AJ,09/19/2024,,Pass,5.39,Routine Surveillance,Ohio,WheelingWWTP-01,Sample,WWTP,09/19/2024 11:02 AM,Amy Jones
C01-0735,G,Composite,,09/16/2024 07:00 AM,09/15/2024 07:00 AM,09/16/2024 07:00 AM,AJ,09/19/2024,,Pass,4.61,Routine Surveillance,Ohio,WheelingWWTP-01,Sample,WWTP,09/19/2024 11:03 AM,Amy Jones
J01-0421,G,Composite,,09/16/2024 07:30 AM,09/15/2024 07:30 AM,09/16/2024 07:30 AM,AJ,09/19/2024,,Pass,0.038,Routine Surveillance,Preston,AlpineLakeWWTP-01,Sample,WWTP,09/19/2024 11:09 AM,Amy Jones
T01-0281,G,Composite,,09/17/2024 07:00 AM,09/16/2024 07:00 AM,09/17/2024 07:00 AM,AJ,09/19/2024,,Pass,0.03,Routine Surveillance,Mason,PointPleasantWWTP-01,Sample,WWTP,09/19/2024 11:10 AM,Amy Jones
D01-0545,G,Composite,,09/17/2024 07:00 AM,09/16/2024 07:00 AM,09/17/2024 07:00 AM,AJ,09/19/2024,,Pass,1.18,Routine Surveillance,Jefferson,CharlesTownWWTP-01,Sample,WWTP,09/19/2024 11:11 AM,Amy Jones
K01-0456,G,Composite,,09/17/2024 06:34 AM,09/16/2024 06:22 AM,09/17/2024 06:22 AM,AJ,09/19/2024,,Pass,3.749,Routine Surveillance,Wood,ParkersburgWWTP-01,Sample,WWTP,09/19/2024 11:12 AM,Amy Jones
G01-0539,G,Composite,,09/16/2024 08:00 AM,09/15/2024 09:00 AM,09/16/2024 08:00 AM,AJ,09/19/2024,,Pass,0.461,Routine Surveillance,Mineral,KeyserWWTP-01,Sample,WWTP,09/19/2024 11:13 AM,Amy Jones
R02-0462,G,,,09/16/2024 08:45 AM,09/15/2024 08:00 AM,09/16/2024 08:00 AM,AJ,09/19/2024,,Pass,1.62,Routine Surveillance,Randolph,ElkinsWWTP-01,Sample,WWTP,09/19/2024 11:14 AM,Amy Jones
O01-0499,G,Composite,,09/16/2024 08:00 AM,09/15/2024 08:00 AM,09/16/2024 08:00 AM,AJ,09/19/2024,,Pass,0.41,Routine Surveillance,Taylor,GraftonWWTP-01,Sample,WWTP,09/19/2024 11:15 AM,Amy Jones
L01-0564,G,Composite,,09/16/2024 08:00 AM,09/15/2024 08:00 AM,09/16/2024 08:00 AM,AJ,09/19/2024,,Pass,0.190,Routine Surveillance,Doddridge,WestUnionWWTP-01,Sample,WWTP,09/19/2024 11:16 AM,Amy Jones
P01-0126,G,Composite,,09/16/2024 08:00 AM,09/15/2024 08:00 AM,09/16/2024 08:00 AM,AJ,09/19/2024,,Pass,0.197,Routine Surveillance,Pleasants,StMarysWWTP-01,Sample,WWTP,09/19/2024 11:17 AM,Amy Jones
H01-0945,G,Composite,,09/16/2024 08:00 AM,09/15/2024 08:00 AM,09/16/2024 08:00 AM,AJ,09/19/2024,,Pass,1.0,Routine Surveillance,Marshall,MoundsvilleWWTP-01,Sample,WWTP,09/19/2024 11:18 AM,Amy Jones
Q01-0522,G,Composite,,09/16/2024 08:00 AM,09/15/2024 08:00 AM,09/16/2024 08:00 AM,AJ,09/19/2024,,Pass,0.221,Routine Surveillance,Boone,MadisonWWTP-01,Sample,WWTP,09/19/2024 11:18 AM,Amy Jones
A04-0571,G,Composite,,09/16/2024 08:00 AM,09/15/2024 08:00 AM,09/16/2024 08:00 AM,AJ,09/19/2024,,Pass,0.556,Routine Surveillance,Monongalia,CheatLakeWWTP-01,Sample,WWTP,09/19/2024 11:19 AM,Amy Jones
N02-0366,G,Composite,,09/17/2024 07:00 AM,09/16/2024 07:00 AM,09/17/2024 07:00 AM,AJ,09/19/2024,,Pass,4.86,Routine Surveillance,Harrison,ClarksburgWWTP-01,Sample,WWTP,09/19/2024 11:20 AM,Amy Jones
M04-0371,G,Composite,,09/16/2024 09:00 AM,09/15/2024 09:00 AM,09/16/2024 09:00 AM,AJ,09/19/2024,,Pass,0.065,Routine Surveillance,Marion,FarmingtonWWTP-01,Sample,WWTP,09/19/2024 11:21 AM,Amy Jones
M03-0394,G,Composite,,09/17/2024 08:00 AM,09/16/2024 08:00 AM,09/17/2024 08:00 AM,AJ,09/19/2024,,Fail: Missing Required Data,,Routine Surveillance,Marion,ManningtonWWTP-01,Sample,WWTP,09/19/2024 11:22 AM,Amy Jones
G02-0010,TO BE REMOVED,,-,,,,,,,Fail: Missing Required Data,,,Mineral,PotomacState-01,Sample,WVU Keyser,12/06/2021 10:22 AM,Amy Jones
A02-1381,G,Composite,GM,02/26/2025 10:30 AM,02/25/2025 07:00 PM,02/26/2025 03:00 AM,AJ,02/27/2025,,Pass,,Mass-Gathering Event,Monongalia,Coliseum-01,Sample,WVU Morgantown,02/27/2025 11:02 AM,Amy Jones
A02-1372,G,Composite,,01/24/2025 10:30 AM,01/18/2025 03:00 PM,01/18/2025 11:00 AM,AJ,01/29/2025,,Pass,,Mass-Gathering Event,Monongalia,Coliseum-01,Sample,WVU Morgantown,01/29/2025 11:06 AM,Amy Jones
A02-1382,G,Composite,,09/03/2025 12:20 PM,08/30/2025 12:00 PM,08/30/2025 08:00 PM,AJ,09/04/2025,Only ~15mL collected,Pass,,Mass-Gathering Event,Monongalia,StadiumSW-01,Sample,WVU Morgantown,09/04/2025 10:18 AM,Amy Jones
A02-1383,G,Composite,,09/03/2025 12:10 PM,08/30/2025 12:00 PM,08/30/2025 08:00 PM,AJ,09/04/2025,,Pass,,Mass-Gathering Event,Monongalia,StadiumSE-01,Sample,WVU Morgantown,09/04/2025 10:19 AM,Amy Jones
A02-1384,G,Composite,,09/03/2025 12:15 PM,08/30/2025 12:00 PM,08/30/2025 08:00 PM,AJ,09/04/2025,,Pass,,Mass-Gathering Event,Monongalia,StadiumNW-01,Sample,WVU Morgantown,09/04/2025 10:20 AM,Amy Jones
A02-1385,G,Composite,,09/03/2025 12:05 PM,08/30/2025 12:00 PM,09/01/2025 08:00 PM,AJ,09/04/2025,,Pass,,Mass-Gathering Event,Monongalia,StadiumNE-01,Sample,WVU Morgantown,09/04/2025 10:21 AM,Amy Jones
A02-1342,G,Composite,,09/03/2024 10:00 AM,08/31/2024 10:00 AM,08/31/2024 06:00 PM,AJ,09/04/2024,,Pass,,Mass-Gathering Event,Monongalia,StadiumNE-01,Sample,WVU Morgantown,09/05/2024 12:15 PM,Amy Jones
A02-1343,G,Composite,,09/03/2024 10:05 AM,08/31/2024 10:00 AM,08/31/2024 06:00 AM,AJ,09/04/2024,,Pass,,Mass-Gathering Event,Monongalia,StadiumSE-01,Sample,WVU Morgantown,09/05/2024 12:15 PM,Amy Jones
A02-1344,G,Composite,,09/03/2024 10:10 AM,08/31/2024 10:00 AM,08/31/2024 06:00 PM,AJ,09/04/2024,,Pass,,Mass-Gathering Event,Monongalia,StadiumNW-01,Sample,WVU Morgantown,09/05/2024 12:16 PM,Amy Jones
A02-1345,G,Composite,,09/03/2024 10:15 AM,08/31/2024 10:00 AM,08/31/2024 06:00 PM,AJ,09/04/2024,,Pass,,Mass-Gathering Event,Monongalia,StadiumSW-01,Sample,WVU Morgantown,09/05/2024 12:16 PM,Amy Jones
C01-0047,Sample,Composite,-,11/29/2021 07:00 AM,11/28/2021 07:00 AM,11/29/2021 07:00 AM,,,,Pass,5.567,,Ohio,WheelingWWTP-01,Sample,WWTP,11/30/2021 01:42 PM,Amy Jones
A02-0295,Sample,Composite,GZ,01/19/2022 09:33 AM,01/15/2022 09:00 AM,01/17/2022 09:00 AM,,,,,,,Monongalia,,Sample,WVU Morgantown,01/19/2022 09:33 AM,Gabriel Zenny
A02-0365,A02-0365,Composite,GZ,02/23/2022 09:57 AM,02/21/2022 09:00 AM,02/23/2022 09:00 AM,,,,,,,Monongalia,,Sample,WVU Morgantown,02/23/2022 09:57 AM,Gabriel Zenny
A02-0386,A02-0386,Composite,GZ,03/09/2022 10:02 AM,03/07/2022 09:00 AM,03/09/2022 09:00 AM,,,,,,,Monongalia,,Sample,WVU Morgantown,03/09/2022 10:03 AM,Gabriel Zenny
A02-0387,A02-0387,Composite,GZ,03/09/2022 10:17 AM,03/07/2022 09:00 AM,03/09/2022 09:00 AM,,,,,,,Monongalia,,Sample,WVU Morgantown,03/09/2022 10:18 AM,Gabriel Zenny
A02-0389,A02-0389,Composite,Gz,03/09/2022 10:37 AM,03/07/2022 09:00 AM,03/09/2022 09:00 AM,,,,,,,Monongalia,,Sample,WVU Morgantown,03/09/2022 10:37 AM,Gabriel Zenny
A02-0418,A02-0418,Composite,GZ,03/25/2022 10:02 AM,03/23/2022 09:00 AM,03/25/2022 09:00 AM,,,,,,,Monongalia,,Sample,WVU Morgantown,03/25/2022 10:03 AM,Gabriel Zenny
A02-0415,A02-0415,Composite,GZ,03/25/2022 10:15 AM,03/23/2022 09:00 AM,03/25/2022 09:00 AM,,,,,,,Monongalia,,Sample,WVU Morgantown,03/25/2022 10:15 AM,Gabriel Zenny
A02-0420,A02-0420,Composite,GZ,03/25/2022 10:54 AM,03/23/2022 09:00 AM,03/25/2022 09:00 AM,,,,,,,Monongalia,,Sample,WVU Morgantown,03/25/2022 10:54 AM,Gabriel Zenny
A02-0394,A02-0394,Composite,GZ,03/25/2022 11:08 AM,03/23/2022 09:00 AM,03/25/2022 09:00 AM,,,,,,,Monongalia,,Sample,WVU Morgantown,03/25/2022 11:09 AM,Gabriel Zenny
A02-0414,A02-0414,Composite,GZ,03/21/2022 10:12 AM,03/19/2022 09:00 AM,03/21/2022 09:00 AM,,,,,,,Monongalia,,Sample,WVU Morgantown,03/21/2022 10:13 AM,Gabriel Zenny
A02-0413,A02-0413,Composite,GZ,03/21/2022 10:40 AM,03/19/2022 09:00 AM,03/21/2022 09:00 AM,,,,,,,Monongalia,,Sample,WVU Morgantown,03/21/2022 10:40 AM,Gabriel Zenny
A02-0410,A02-0410,Composite,GZ,03/21/2022 10:55 AM,03/19/2022 09:00 AM,03/21/2022 09:00 AM,,,,,,,Monongalia,,Sample,WVU Morgantown,03/21/2022 10:55 AM,Gabriel Zenny
A02-0372,A02-0372,Composite,GZ,03/19/2022 11:13 AM,03/19/2022 09:00 AM,03/21/2022 09:00 AM,,,,,,,Monongalia,,Sample,WVU Morgantown,03/21/2022 11:13 AM,Gabriel Zenny
A02-0417,A02-0417,Composite,GZ,03/23/2022 11:40 AM,03/21/2022 09:00 AM,03/23/2022 09:00 AM,,,,,,,Monongalia,,Sample,WVU Morgantown,03/23/2022 11:40 AM,Gabriel Zenny
A02-0416,A02-0416,Composite,GZ,03/23/2022 11:56 AM,03/21/2022 09:00 AM,03/23/2022 09:00 AM,,,,,,,Monongalia,,Sample,WVU Morgantown,03/23/2022 11:56 AM,Gabriel Zenny
A02-0411,A02-0411,Composite,GZ,03/23/2022 12:33 PM,03/21/2022 09:00 AM,03/23/2022 09:00 AM,,,,,,,Monongalia,,Sample,WVU Morgantown,03/23/2022 12:34 PM,Gabriel Zenny
A02-0406,A02-0406,Composite,GZ,03/21/2022 09:00 PM,03/21/2022 09:00 AM,03/23/2022 09:00 AM,,,,,,,Monongalia,,Sample,WVU Morgantown,03/23/2022 12:52 PM,Gabriel Zenny
A02-1350,Sample ,Composite,GZ,09/23/2024 12:00 PM,09/21/2024 10:00 AM,09/21/2024 06:00 PM,AJ,09/25/2024,,Pass,4.82,Mass-Gathering Event,Monongalia,StadiumSE-01,Sample,WVU Morgantown,09/23/2024 12:05 PM,Gabriel Zenny
A02-1351,Sample ,Composite,GZ,09/23/2024 12:11 PM,09/21/2024 10:00 AM,09/21/2024 06:00 PM,AJ,09/25/2024,,Pass,4.82,Mass-Gathering Event,Monongalia,StadiumSE-01,Sample,WVU Morgantown,09/23/2024 12:11 PM,Gabriel Zenny
A02-1352,Sample ,Composite,Gz,09/23/2024 12:15 PM,09/21/2024 10:00 AM,09/21/2024 06:00 PM,AJ,09/25/2024,,Pass,,Mass-Gathering Event,Monongalia,StadiumNW-01,Sample,WVU Morgantown,09/23/2024 12:16 PM,Gabriel Zenny
A02-1353,Sample ,Composite,Gz,09/23/2024 12:22 PM,09/21/2024 10:00 AM,09/21/2024 06:00 PM,,,,,,Mass-Gathering Event,Monongalia,StadiumSW-01,Sample,WVU Morgantown,09/23/2024 12:22 PM,Gabriel Zenny
A02-0878,Sample,Composite,GZ,11/14/2022 10:30 AM,11/12/2022 09:00 AM,11/14/2022 09:00 AM,,,,,,,Monongalia,,Sample,WVU Morgantown,11/17/2022 11:03 AM,Gabriel Zenny
A02-0959,Sample ,Composite,GZ,01/20/2023 11:26 AM,01/18/2023 09:00 AM,01/20/2023 09:00 AM,,,,,,,Monongalia,,Sample,WVU Morgantown,01/20/2023 11:27 AM,Gabriel Zenny
A02-0960,Sample ,Composite,GZ,01/20/2023 11:42 AM,01/18/2023 09:00 AM,01/20/2023 09:00 AM,,,,,,,Monongalia,,Sample,WVU Morgantown,01/20/2023 11:42 AM,Gabriel Zenny
A02-0961,Sample ,Composite,GZ,01/20/2023 11:54 AM,01/18/2023 09:00 AM,01/20/2023 09:00 AM,,,,,,,Monongalia,,Sample,WVU Morgantown,01/20/2023 11:54 AM,Gabriel Zenny
A02-0962,Sample ,Composite,GZ,01/20/2023 12:04 PM,01/18/2023 09:00 AM,01/20/2023 09:00 AM,,,,,,,Monongalia,,Sample,WVU Morgantown,01/20/2023 12:04 PM,Gabriel Zenny
A02-0963,Sample ,Composite,GZ,01/20/2023 12:13 PM,01/18/2023 09:00 AM,01/20/2023 09:00 AM,,,,,,,Monongalia,,Sample,WVU Morgantown,01/20/2023 12:14 PM,Gabriel Zenny
A02-0965,Sample ,Composite,GZ,01/20/2023 12:21 PM,01/18/2023 09:00 AM,01/20/2023 09:00 AM,,,,,,,Monongalia,,Sample,WVU Morgantown,01/20/2023 12:21 PM,Gabriel Zenny
A02-0966,Sample ,Composite,GZ,01/20/2023 12:30 PM,01/18/2023 09:00 AM,01/20/2023 09:00 AM,,,,,,,Monongalia,,Sample,WVU Morgantown,01/20/2023 12:31 PM,Gabriel Zenny
A02-0967,Sample ,Composite,GZ,01/20/2023 12:45 PM,01/18/2023 09:00 AM,01/20/2023 09:00 AM,,,,,,,Monongalia,,Sample,WVU Morgantown,01/20/2023 12:45 PM,Gabriel Zenny
A02-0968,Sample ,Composite,GZ,01/23/2023 10:23 AM,01/21/2023 09:00 AM,01/23/2023 09:00 AM,,,,,,,Monongalia,,Sample,WVU Morgantown,01/23/2023 10:23 AM,Gabriel Zenny
A02-0969,Sample ,Composite,GZ,01/23/2023 10:43 AM,01/21/2023 09:00 AM,01/23/2023 09:00 AM,,,,,,,Monongalia,,Sample,WVU Morgantown,01/23/2023 10:43 AM,Gabriel Zenny
A02-0970,Sample ,Composite,GZ,01/23/2023 11:01 AM,01/21/2023 09:00 AM,01/23/2023 09:00 AM,,,,,,,Monongalia,,Sample,WVU Morgantown,01/23/2023 11:01 AM,Gabriel Zenny
A02-0971,Sample ,Composite,GZ,01/23/2023 11:12 AM,01/21/2023 09:00 AM,01/23/2023 09:00 AM,,,,,,,Monongalia,,Sample,WVU Morgantown,01/23/2023 11:13 AM,Gabriel Zenny
A02-0972,Sample ,Composite,GZ,01/23/2023 11:23 AM,01/21/2023 09:00 AM,01/23/2023 09:00 AM,,,,,,,Monongalia,,Sample,WVU Morgantown,01/23/2023 11:24 AM,Gabriel Zenny
A02-0973,Sample,Composite,GZ,01/23/2023 11:31 AM,01/21/2023 09:00 AM,01/23/2023 09:00 AM,,,,,,,Monongalia,,Sample,WVU Morgantown,01/23/2023 11:31 AM,Gabriel Zenny
A02-0974,Sample ,Composite,GZ,01/23/2023 11:41 AM,01/21/2023 09:00 AM,01/23/2023 09:00 AM,,,,,,,Monongalia,,Sample,WVU Morgantown,01/23/2023 11:41 AM,Gabriel Zenny
A02-0975,Sample ,Composite,GZ,01/23/2023 11:54 AM,01/21/2023 09:00 AM,01/23/2023 09:00 AM,,,,,,,Monongalia,,Sample,WVU Morgantown,01/23/2023 11:55 AM,Gabriel Zenny
A02-0976,Sample ,Composite,GZ ,01/25/2023 09:58 AM,01/23/2023 09:00 AM,01/25/2023 09:00 AM,,,,,,,Monongalia,,Sample,WVU Morgantown,01/25/2023 09:59 AM,Gabriel Zenny
A02-0977,Sample ,Composite,GZ,01/25/2023 10:15 AM,01/23/2023 09:00 AM,01/25/2023 09:00 AM,,,,,,,Monongalia,,Sample,WVU Morgantown,01/25/2023 10:15 AM,Gabriel Zenny
A02-0979,Sample,Composite,GZ,01/25/2023 10:27 AM,01/23/2023 09:00 AM,01/25/2023 09:00 AM,,,,,,,Monongalia,,Sample,WVU Morgantown,01/25/2023 10:27 AM,Gabriel Zenny
A02-0982,Sample ,Composite,GZ ,01/25/2023 10:47 AM,01/23/2023 09:00 AM,01/25/2023 09:00 AM,,,,,,,Monongalia,,Sample,WVU Morgantown,01/25/2023 10:47 AM,Gabriel Zenny
A02-0978,Sample ,Composite,GZ,01/25/2023 10:53 AM,01/23/2023 09:00 AM,01/25/2023 09:00 AM,,,,,,,Monongalia,,Sample,WVU Morgantown,01/25/2023 10:53 AM,Gabriel Zenny
A02-0981,Samples ,Composite,GZ,01/25/2023 11:02 AM,01/23/2023 09:00 AM,01/25/2023 09:00 AM,,,,,,,Monongalia,,Sample,WVU Morgantown,01/25/2023 11:02 AM,Gabriel Zenny
A02-0980,Sample ,Composite,GZ,01/25/2023 11:11 AM,01/23/2023 09:00 AM,01/25/2023 09:00 AM,,,,,,,Monongalia,,Sample,WVU Morgantown,01/25/2023 11:11 AM,Gabriel Zenny
A02-0983,Sample ,Composite,GZ,01/25/2023 11:26 AM,01/23/2023 09:00 AM,01/25/2023 09:00 AM,,,,,,,Monongalia,,Sample,WVU Morgantown,01/25/2023 11:27 AM,Gabriel Zenny
A02-1262,Sample ,Composite,GZ ,05/08/2023 10:22 AM,05/06/2023 09:00 AM,05/08/2023 09:00 AM,,,,,,,Monongalia,,Sample,WVU Morgantown,05/08/2023 10:22 AM,Gabriel Zenny
A02-1263,Sample ,Composite,GZ,05/08/2023 10:44 AM,05/06/2023 09:00 AM,05/08/2023 09:00 AM,,,,,,,Monongalia,,Sample,WVU Morgantown,05/08/2023 10:44 AM,Gabriel Zenny
A02-1264,Sample ,Composite,GZ,05/08/2023 10:54 AM,05/06/2023 09:00 AM,05/08/2023 09:00 AM,,,,,,,Monongalia,,Sample,WVU Morgantown,05/08/2023 10:54 AM,Gabriel Zenny
A02-1265,Sample ,Composite,GZ,05/08/2023 11:05 AM,05/06/2023 09:00 AM,05/08/2023 09:00 AM,,,,,,,Monongalia,,Sample,WVU Morgantown,05/08/2023 11:05 AM,Gabriel Zenny
A02-1266,Sample ,Composite,GZ,05/08/2023 11:11 AM,05/06/2023 09:00 AM,05/08/2023 09:00 AM,,,,,,,Monongalia,,Sample,WVU Morgantown,05/08/2023 11:11 AM,Gabriel Zenny
A02-1267,Sample ,Composite,GZ,05/08/2023 11:17 AM,05/06/2023 09:00 AM,05/08/2023 09:00 AM,,,,,,,Monongalia,,Sample,WVU Morgantown,05/08/2023 11:17 AM,Gabriel Zenny
A02-1284,Sample,Composite,GZ,05/08/2023 11:29 AM,05/06/2023 09:00 AM,05/08/2023 09:00 AM,,,,,,,Monongalia,,Sample,WVU Morgantown,05/08/2023 11:29 AM,Gabriel Zenny
A02-1369,Coliseum,Composite,GZ,11/07/2024 09:00 AM,11/04/2024 05:30 PM,11/05/2024 01:30 AM,AJ,11/07/2024,,Pass,,Mass-Gathering Event,Monongalia,StadiumNE-01,Sample,WVU Morgantown,11/07/2024 10:30 AM,Gabriel Zenny
A02-1367,Sample ,Composite,GZ,10/21/2024 01:45 PM,10/19/2024 05:30 PM,10/19/2024 01:30 AM,AJ,10/22/2024,,Pass,,Mass-Gathering Event,Monongalia,StadiumSE-01,Sample,WVU Morgantown,10/21/2024 01:47 PM,Gabriel Zenny
A02-1366,Sample ,Composite,GZ,10/21/2024 01:48 PM,10/19/2024 05:30 PM,10/19/2024 01:30 AM,AJ,10/22/2024,,Pass,,Mass-Gathering Event,Monongalia,StadiumNE-01,Sample,WVU Morgantown,10/21/2024 01:49 PM,Gabriel Zenny
A02-1354,Sample ,Composite,Sample ,10/14/2024 10:15 AM,10/12/2024 06:00 PM,10/12/2024 12:00 AM,AJ,10/16/2024,,Pass,,Mass-Gathering Event,Monongalia,StadiumNE-01,Sample,WVU Morgantown,10/14/2024 10:16 AM,Gabriel Zenny
A02-1355,Sample ,Composite,GZ ,10/14/2024 10:17 AM,10/12/2024 06:00 PM,10/14/2024 12:00 AM,AJ,10/16/2024,,Pass,,Mass-Gathering Event,Monongalia,StadiumSE-01,Sample,WVU Morgantown,10/14/2024 10:17 AM,Gabriel Zenny
A02-1356,Sample ,Composite,GZ,10/14/2024 10:20 AM,10/12/2024 06:00 PM,10/12/2024 12:00 AM,AJ,10/16/2024,,Pass,,Mass-Gathering Event,Monongalia,StadiumSE-01,Sample,WVU Morgantown,10/14/2024 10:20 AM,Gabriel Zenny
A02-1357,Sample ,Composite,GZ,10/14/2024 10:21 AM,10/12/2024 06:00 PM,10/12/2024 12:00 AM,AJ,10/16/2024,,Pass,,Mass-Gathering Event,Monongalia,StadiumSW-01,Sample,WVU Morgantown,10/14/2024 10:22 AM,Gabriel Zenny
A02-1361,Sample,Composite,gz,11/20/2024 03:00 PM,,11/16/2024 10:30 PM,AJ,11/21/2024,,Pass,,Mass-Gathering Event,Monongalia,StadiumSW-01,Sample,WVU Morgantown,11/21/2024 10:32 AM,Gabriel Zenny
A02-1380,Sample,Composite,GZ,12/10/2024 11:45 AM,12/06/2024 06:00 PM,12/07/2024 03:00 AM,AJ,12/11/2024,,Pass,,Mass-Gathering Event,Monongalia,Coliseum-01,Sample,WVU Morgantown,12/11/2024 11:46 AM,Gabriel Zenny
A02-1358,Sample ,Composite,GZ,11/26/2024 12:02 PM,11/23/2024 10:30 AM,11/23/2024 09:30 PM,AJ,12/02/2024,,Pass,,Mass-Gathering Event,Monongalia,StadiumNE-01,Sample,WVU Morgantown,11/26/2024 12:04 PM,Gabriel Zenny
A02-1360,Sample ,Composite,GZ,11/26/2024 12:04 PM,11/23/2024 10:30 AM,11/23/2024 09:30 PM,AJ,12/02/2024,,Pass,,Mass-Gathering Event,Monongalia,StadiumNW-01,Sample,WVU Morgantown,11/26/2024 12:05 PM,Gabriel Zenny
A02-1359,Sample ,Composite,GZ,11/26/2024 12:06 PM,11/23/2024 10:30 AM,11/23/2024 09:30 PM,AJ,12/02/2024,,Pass,,Mass-Gathering Event,Monongalia,StadiumSE-01,Sample,WVU Morgantown,11/26/2024 12:06 PM,Gabriel Zenny
A02-1362,Sample,Composite,GZ,11/20/2024 03:00 PM,11/16/2024 02:30 PM,11/16/2024 10:30 PM,AJ,11/21/2024,,,,Mass-Gathering Event,Monongalia,StadiumNE-01,Sample,WVU Morgantown,11/21/2024 10:34 AM,Gabriel Zenny
A02-1363,sample,Composite,,11/16/2024 03:30 PM,11/16/2024 02:30 PM,11/16/2024 10:30 PM,AJ,11/21/2024,,Pass,,Mass-Gathering Event,Monongalia,StadiumSE-01,Sample,WVU Morgantown,11/21/2024 10:36 AM,Gabriel Zenny
A02-1364,sample,Composite,gz,11/16/2024 03:30 PM,11/16/2024 02:30 PM,11/16/2024 10:30 PM,aj,11/21/2024,,Pass,,Mass-Gathering Event,Monongalia,StadiumNW-01,Sample,WVU Morgantown,11/21/2024 10:37 AM,Gabriel Zenny
A02-1348,Sample ,Composite,GZ,09/09/2024 08:41 AM,09/07/2024 04:00 PM,09/07/2024 12:00 AM,AJ,09/09/2024,,Pass,,Mass-Gathering Event,Monongalia,StadiumNW-01,Sample,WVU Morgantown,09/09/2024 08:43 AM,Gabriel Zenny
A02-1349,Sample ,Composite,Gz,09/09/2024 08:47 AM,09/07/2024 04:00 PM,09/07/2024 12:00 AM,AJ,09/09/2024,,Pass,,Mass-Gathering Event,Monongalia,StadiumSW-01,Sample,WVU Morgantown,09/09/2024 08:47 AM,Gabriel Zenny
A02-1346,Sample ,Composite,Gz,09/09/2024 08:54 AM,09/07/2024 04:00 PM,09/07/2024 12:00 AM,AJ,09/09/2024,,Pass,,Mass-Gathering Event,Monongalia,StadiumNE-01,Sample,WVU Morgantown,09/09/2024 08:55 AM,Gabriel Zenny
A02-1347,Sample ,Composite,GZ,09/09/2024 08:59 AM,09/07/2024 04:00 PM,09/07/2024 12:00 AM,AJ,09/09/2024,,Pass,,Mass-Gathering Event,Monongalia,StadiumSE-01,Sample,WVU Morgantown,09/09/2024 09:01 AM,Gabriel Zenny
A02-0550,A02-0550,Composite,GZ,05/13/2022 10:07 AM,05/11/2022 09:00 AM,05/13/2022 09:00 AM,,,,,,,Monongalia,,Sample,WVU Morgantown,05/13/2022 10:07 AM,Gabriel Zenny
A02-0448,A02-0448,Composite,GZ,04/13/2022 08:54 AM,04/11/2022 09:00 AM,04/13/2022 08:54 AM,,,,,,,Monongalia,,Sample,WVU Morgantown,04/13/2022 08:55 AM,Gabriel Zenny
A02-0450,A02-0450,Composite,GZ,04/13/2022 09:31 AM,04/11/2022 09:00 AM,04/13/2022 09:00 AM,,,,,,,Monongalia,,Sample,WVU Morgantown,04/13/2022 09:31 AM,Gabriel Zenny
A02-0447,A02-0447,Composite,GZ,04/13/2022 10:10 AM,04/11/2022 09:00 AM,04/13/2022 09:00 AM,,,,,,,Monongalia,,Sample,WVU Morgantown,04/13/2022 01:59 PM,Gabriel Zenny
A02-0424,A02-0424,Composite,GZ,03/28/2022 09:36 AM,03/26/2022 09:00 AM,03/28/2022 09:00 AM,,,,,,,Monongalia,,Sample,WVU Morgantown,03/28/2022 09:37 AM,Gabriel Zenny
A02-0419,A02-0419,Composite,GZ,03/28/2022 10:10 AM,03/26/2022 09:00 AM,03/28/2022 09:00 AM,,,,,,,Monongalia,,Sample,WVU Morgantown,03/28/2022 10:11 AM,Gabriel Zenny
A02-0421,A02-0421,Composite,GZ,03/28/2022 10:25 AM,03/26/2022 09:00 AM,03/28/2022 09:00 AM,,,,,,,Monongalia,,Sample,WVU Morgantown,03/28/2022 10:26 AM,Gabriel Zenny
A02-0422,A02-0422,Composite,GZ,03/28/2022 10:43 AM,03/26/2022 09:00 AM,03/28/2022 09:00 AM,,,,,,,Monongalia,,Sample,WVU Morgantown,03/28/2022 10:43 AM,Gabriel Zenny
A03-0263,A03-0263,Composite,GZ,04/05/2022 10:07 AM,04/04/2022 06:00 AM,04/04/2022 02:00 PM,,,,,,,Monongalia,,Sample,K-12,04/05/2022 10:07 AM,Gabriel Zenny
A03-0261,A03-0261,Composite,GZ,04/05/2022 10:24 AM,04/04/2022 06:00 AM,04/04/2022 02:00 PM,,,,,,,Monongalia,,Sample,K-12,04/05/2022 10:25 AM,Gabriel Zenny
A03-0306,A03-0306,Composite,GZ,04/12/2022 09:56 AM,04/11/2022 06:00 AM,04/11/2022 02:00 PM,,,,,,,Monongalia,,Sample,K-12,04/12/2022 09:56 AM,Gabriel Zenny
A03-0284,A03-0284,Composite,Gz,04/12/2022 10:19 AM,04/11/2022 06:00 AM,04/11/2022 02:00 PM,,,,,,,Monongalia,,Sample,K-12,04/12/2022 10:19 AM,Gabriel Zenny
A03-0283,A03-0283,Composite,GZ,04/12/2022 10:50 AM,04/11/2022 06:00 AM,04/11/2022 02:00 PM,,,,,,,Monongalia,,Sample,K-12,04/12/2022 10:50 AM,Gabriel Zenny
A03-0265,A03-0265,Composite,GZ,04/12/2022 11:08 AM,04/11/2022 06:00 AM,04/11/2022 02:00 PM,,,,,,,Monongalia,,Sample,K-12,04/12/2022 11:09 AM,Gabriel Zenny
A03-0322,A03-0322,Composite,GZ,04/21/2022 10:00 AM,04/20/2022 06:00 AM,04/20/2022 02:00 AM,,,,,,,Monongalia,,Sample,K-12,04/21/2022 10:00 AM,Gabriel Zenny
A03-0304,A03-0304,Composite,GZ,04/21/2022 10:16 AM,04/20/2022 06:00 AM,04/20/2022 02:00 AM,,,,,,,Monongalia,,Sample,K-12,04/21/2022 10:17 AM,Gabriel Zenny
A03-0279,A03-0279,Composite,GZ,04/21/2022 10:41 AM,04/20/2022 06:00 AM,04/20/2022 02:00 PM,,,,,,,Monongalia,,Sample,K-12,04/21/2022 10:42 AM,Gabriel Zenny
A03-0301,A03-0301,Composite,GZ,04/21/2022 10:56 AM,04/20/2022 06:00 AM,04/20/2022 02:00 PM,,,,,,,Monongalia,,Sample,K-12,04/21/2022 10:57 AM,Gabriel Zenny
A03-0253,A03-0253,Composite,GZ,03/11/2022 02:15 PM,03/09/2022 06:00 AM,03/09/2022 02:00 PM,,,,,,,Monongalia,,Sample,K-12,03/15/2022 01:46 PM,Gabriel Zenny
A03-0278,A03-0278,Composite,GZ,03/24/2022 10:17 AM,03/23/2022 06:00 AM,03/23/2022 02:00 PM,,,,,,,Monongalia,,Sample,K-12,03/24/2022 10:17 AM,Gabriel Zenny
A03-0260,A03-0260,Composite,GZ,03/24/2022 10:36 AM,03/23/2022 06:00 AM,03/23/2022 02:00 PM,,,,,,,Monongalia,,Sample,K-12,03/24/2022 10:36 AM,Gabriel Zenny
A03-0259,A03-0259,Composite,GZ,03/24/2022 11:09 AM,03/23/2022 06:00 AM,03/23/2022 02:00 PM,,,,,,,Monongalia,,Sample,K-12,03/24/2022 11:09 AM,Gabriel Zenny
A03-0229,A03-0229,Composite,GZ,03/24/2022 11:26 AM,03/23/2022 06:00 AM,03/23/2022 02:00 PM,,,,,,,Monongalia,,Sample,K-12,03/24/2022 11:26 AM,Gabriel Zenny
A03-0282,A03-0282,Composite,GZ,03/25/2022 12:59 AM,03/25/2022 06:00 AM,03/25/2022 12:59 PM,,,,,,,Monongalia,,Sample,K-12,03/25/2022 01:00 PM,Gabriel Zenny
A03-0264,A03-0264,Composite,GZ,03/25/2022 01:40 PM,03/25/2022 06:00 AM,03/25/2022 01:40 PM,,,,,,,Monongalia,,Sample,K-12,03/25/2022 01:41 PM,Gabriel Zenny
A03-0231,A03-0231,Composite,GZ,03/25/2022 02:11 PM,03/25/2022 06:00 AM,03/25/2022 02:00 PM,,,,,,,Monongalia,,Sample,K-12,03/25/2022 02:11 PM,Gabriel Zenny
A02-1379,Sample,Composite,Gz,02/11/2025 09:09 AM,02/08/2025 03:00 PM,02/08/2025 11:00 PM,AJ,02/13/2025,,Pass,,Mass-Gathering Event,Monongalia,Coliseum-01,Sample,WVU Morgantown,02/11/2025 09:09 AM,Gabriel Zenny
A02-1370,sample,Composite,GZ,11/26/2024 01:00 PM,11/23/2024 10:30 AM,12/23/2024 09:30 PM,AJ,12/02/2024,,Pass,,Mass-Gathering Event,Monongalia,StadiumSE-01,Sample,WVU Morgantown,12/02/2024 01:35 PM,Gabriel Zenny
A02-3024,WaTCH-WV Sample,Composite,,06/19/2026 08:48 AM,06/17/2026 07:00 AM,06/19/2026 07:00 AM,,,,,,Upstream Collection,Monongalia,EvansdaleWVU-01,Sample,WVU Morgantown,06/23/2026 09:33 AM,Lakyn Sanders
A02-4024,WaTCH-WV Sample,Composite,,06/17/2026 08:48 AM,06/17/2026 07:00 AM,06/19/2026 07:00 AM,,,,,,Upstream Collection,Monongalia,EvansdaleWVU-01,Sample,WVU Morgantown,06/23/2026 09:34 AM,Lakyn Sanders
A01-1587,G,Composite,,06/09/2026 12:00 AM,06/08/2026 12:00 AM,06/09/2026 12:00 AM,LS,06/18/2026,,Pass,7.8,Routine Surveillance,Monongalia,StarCityWWTP-01,Sample,WWTP,06/18/2026 09:10 AM,Lakyn Sanders
A01-1588,G,Composite,,06/10/2026 12:00 AM,06/09/2026 12:00 AM,06/10/2026 12:00 AM,LS,06/18/2026,,Pass,7.7,Routine Surveillance,Monongalia,StarCityWWTP-01,Sample,WWTP,06/18/2026 09:11 AM,Lakyn Sanders
A01-1589,G,Composite,,06/11/2026 12:00 AM,06/10/2026 12:00 AM,06/11/2026 12:00 AM,LS,06/18/2026,,Pass,10.7,Routine Surveillance,Monongalia,StarCityWWTP-01,Sample,WWTP,06/18/2026 09:12 AM,Lakyn Sanders
A01-1590,G,Composite,,06/13/2026 12:00 AM,06/12/2026 12:00 AM,06/13/2026 12:00 AM,LS,06/18/2026,,Pass,8.0,Routine Surveillance,Monongalia,StarCityWWTP-01,Sample,WWTP,06/18/2026 09:12 AM,Lakyn Sanders
A01-1591,G,Composite,,06/14/2026 12:00 AM,06/13/2026 12:00 AM,06/14/2026 12:00 AM,LS,06/18/2026,,Pass,9.5,Routine Surveillance,Monongalia,StarCityWWTP-01,Sample,WWTP,06/18/2026 09:13 AM,Lakyn Sanders
A01-1592,G,Composite,,06/15/2026 12:00 AM,06/14/2026 12:00 AM,06/15/2026 12:00 AM,LS,06/18/2026,,Pass,11.4,Routine Surveillance,Monongalia,StarCityWWTP-01,Sample,WWTP,06/18/2026 09:14 AM,Lakyn Sanders
A01-1593,G,Composite,,06/16/2026 12:00 AM,06/15/2026 12:00 AM,06/16/2026 12:00 AM,LS,06/18/2026,,Pass,8.8,Routine Surveillance,Monongalia,StarCityWWTP-01,Sample,WWTP,06/18/2026 09:14 AM,Lakyn Sanders
C01-1294,G,Composite,,06/09/2026 08:00 AM,06/08/2026 08:00 AM,06/09/2026 08:00 AM,LS,06/18/2026,,Pass,9.5,Routine Surveillance,Ohio,WheelingWWTP-01,Sample,WWTP,06/18/2026 09:17 AM,Lakyn Sanders
C01-1295,G,Composite,,06/10/2026 08:00 AM,06/09/2026 08:00 AM,06/10/2026 08:00 AM,LS,06/18/2026,,Pass,10.2,Routine Surveillance,Ohio,WheelingWWTP-01,Sample,WWTP,06/18/2026 09:17 AM,Lakyn Sanders
C01-1296,G,Composite,,06/11/2026 08:00 AM,06/10/2026 08:00 AM,06/11/2026 08:00 AM,LS,06/18/2026,,Pass,9.3,Routine Surveillance,Ohio,WheelingWWTP-01,Sample,WWTP,06/18/2026 09:18 AM,Lakyn Sanders
C01-1297,G,Composite,,06/12/2026 08:00 AM,06/11/2026 08:00 AM,06/12/2026 08:00 AM,LS,06/18/2026,,Pass,11.8,Routine Surveillance,Ohio,WheelingWWTP-01,Sample,WWTP,06/18/2026 09:19 AM,Lakyn Sanders
C01-1298,G,Composite,,06/13/2026 08:00 AM,06/12/2026 08:00 AM,06/13/2026 08:00 AM,LS,06/18/2026,,Pass,8.6,Routine Surveillance,Ohio,WheelingWWTP-01,Sample,WWTP,06/18/2026 09:20 AM,Lakyn Sanders
J01-1030,G,Composite,,06/15/2026 07:30 AM,06/14/2026 07:30 AM,06/15/2026 07:30 AM,LS,06/18/2026,,Pass,0.192,Routine Surveillance,Preston,AlpineLakeWWTP-01,Sample,WWTP,06/18/2026 09:21 AM,Lakyn Sanders
T01-1005,G,Composite,,06/15/2026 12:00 AM,06/14/2026 12:00 AM,06/15/2026 12:00 AM,LS,06/18/2026,,Pass,0.25,Routine Surveillance,Mason,PointPleasantWWTP-01,Sample,WWTP,06/18/2026 09:22 AM,Lakyn Sanders
G01-1016,G,Composite,,06/15/2026 08:00 AM,06/14/2026 09:00 AM,06/15/2026 08:00 AM,LS,06/18/2026,,Pass,0.9779,Routine Surveillance,Mineral,KeyserWWTP-01,Sample,WWTP,06/18/2026 09:24 AM,Lakyn Sanders
D01-1026,G,Composite,,06/11/2026 08:20 AM,06/10/2026 07:15 AM,06/11/2026 08:20 AM,LS,06/18/2026,,Pass,1.416,Routine Surveillance,Jefferson,CharlesTownWWTP-01,Sample,WWTP,06/18/2026 09:25 AM,Lakyn Sanders
K01-1011,G,Composite,,06/16/2026 06:49 AM,06/15/2026 06:56 AM,06/16/2026 06:49 AM,LS,06/18/2026,,Pass,4.224,Routine Surveillance,Wood,ParkersburgWWTP-01,Sample,WWTP,06/18/2026 09:26 AM,Lakyn Sanders
U01-0065,G,Composite,,06/15/2026 09:05 AM,06/14/2026 12:00 AM,06/15/2026 09:05 AM,LS,06/18/2026,,Pass,0.292,Routine Surveillance,Fayette,WhiteOakWWTP-01,Sample,WWTP,06/18/2026 09:28 AM,Lakyn Sanders
Q01-1030,G,Composite,,06/15/2026 09:00 AM,06/08/2026 12:00 AM,06/12/2026 12:00 AM,LS,06/18/2026,,Pass,0.2500,Routine Surveillance,Boone,MadisonWWTP-01,Sample,WWTP,06/18/2026 09:36 AM,Lakyn Sanders
H01-1036,G,Composite,,06/15/2026 08:00 AM,06/14/2026 08:00 AM,06/15/2026 08:00 AM,LS,06/18/2026,,Pass,2.0,Routine Surveillance,Marshall,MoundsvilleWWTP-01,Sample,WWTP,06/18/2026 09:37 AM,Lakyn Sanders
W01-1017,G,Composite,,06/15/2026 11:30 AM,06/14/2026 11:00 AM,06/15/2026 11:00 AM,LS,06/18/2026,,Pass,0.4,Routine Surveillance,Nicholas,SummersvilleWWTP-01,Sample,WWTP,06/18/2026 09:38 AM,Lakyn Sanders
A01-1594,G,Composite,,06/17/2026 12:00 AM,06/16/2026 12:00 AM,06/17/2026 12:00 AM,LS,06/25/2026,,Pass,8.5,Routine Surveillance,Monongalia,StarCityWWTP-01,Sample,WWTP,06/25/2026 07:47 AM,Lakyn Sanders
A01-1595,G,Composite,,06/18/2026 12:00 AM,06/17/2026 12:00 AM,06/18/2026 12:00 AM,LS,06/25/2026,,Pass,13.5,Routine Surveillance,Monongalia,StarCityWWTP-01,Sample,WWTP,06/25/2026 07:47 AM,Lakyn Sanders
A01-1596,G,Composite,,06/20/2026 12:00 AM,06/19/2026 12:00 AM,06/20/2026 12:00 AM,LS,06/25/2026,,Pass,8.3,Routine Surveillance,Monongalia,StarCityWWTP-01,Sample,WWTP,06/25/2026 07:48 AM,Lakyn Sanders
A01-1597,G,Composite,,06/21/2026 12:00 AM,06/20/2026 12:00 AM,06/21/2026 12:00 AM,LS,06/25/2026,,Pass,8.0,Routine Surveillance,Monongalia,StarCityWWTP-01,Sample,WWTP,06/25/2026 07:49 AM,Lakyn Sanders
A01-1598,G,Composite,,06/22/2026 12:00 AM,06/21/2026 12:00 AM,06/22/2026 12:00 AM,LS,06/25/2026,,Pass,11.0,Routine Surveillance,Monongalia,StarCityWWTP-01,Sample,WWTP,06/25/2026 07:49 AM,Lakyn Sanders
C01-1299,G,Composite,,06/16/2026 07:00 AM,06/15/2026 07:00 AM,06/16/2026 07:00 AM,LS,06/25/2026,,Pass,8.2,Routine Surveillance,Ohio,WheelingWWTP-01,Sample,WWTP,06/25/2026 07:52 AM,Lakyn Sanders
C01-1300,G,Composite,,06/17/2026 07:00 AM,06/16/2026 07:00 AM,06/17/2026 07:00 AM,LS,06/25/2026,,Pass,8.1,Routine Surveillance,Ohio,WheelingWWTP-01,Sample,WWTP,06/25/2026 07:53 AM,Lakyn Sanders
C01-1301,G,Composite,,06/18/2026 07:00 AM,06/17/2026 07:00 AM,06/18/2026 07:00 AM,LS,06/25/2026,,Pass,8.1,Routine Surveillance,Ohio,WheelingWWTP-01,Sample,WWTP,06/25/2026 07:54 AM,Lakyn Sanders
C01-1302,G,Composite,,06/19/2026 07:00 AM,06/18/2026 07:00 AM,06/19/2026 07:00 AM,LS,06/25/2026,,Pass,7.6,Routine Surveillance,Ohio,WheelingWWTP-01,Sample,WWTP,06/25/2026 07:55 AM,Lakyn Sanders
C01-1303,G,Composite,,06/23/2026 07:00 AM,06/22/2026 07:00 AM,06/23/2026 07:00 AM,LS,06/25/2026,,Pass,9.3,Routine Surveillance,Ohio,WheelingWWTP-01,Sample,WWTP,06/25/2026 07:56 AM,Lakyn Sanders
R02-1030,G,Composite,,06/22/2026 08:05 AM,06/21/2026 08:00 AM,06/22/2026 08:00 AM,LS,06/25/2026,,Pass,2.36,Routine Surveillance,Randolph,ElkinsWWTP-01,Sample,WWTP,06/25/2026 07:57 AM,Lakyn Sanders
H01-1037,G,Composite,,06/22/2026 08:00 AM,06/21/2026 08:00 AM,06/22/2026 08:00 AM,LS,06/25/2026,,Pass,1.2,Routine Surveillance,Marshall,MoundsvilleWWTP-01,Sample,WWTP,06/25/2026 07:58 AM,Lakyn Sanders
U01-0122,G,Composite,,06/22/2026 09:10 AM,06/21/2026 09:10 AM,06/22/2026 09:10 AM,LS,06/25/2026,,Pass,0.225,Routine Surveillance,Fayette,WhiteOakWWTP-01,Sample,WWTP,06/25/2026 07:59 AM,Lakyn Sanders
T01-1006,G,Composite,,06/22/2026 09:45 AM,06/21/2026 09:45 AM,06/22/2026 09:45 AM,LS,06/25/2026,,Pass,0.25,Routine Surveillance,Mason,PointPleasantWWTP-01,Sample,WWTP,06/25/2026 08:01 AM,Lakyn Sanders
K01-1012,G,Composite,,06/23/2026 05:58 AM,06/22/2026 07:02 AM,06/23/2026 05:57 AM,LS,06/25/2026,,Pass,5.447,Routine Surveillance,Wood,ParkersburgWWTP-01,Sample,WWTP,06/25/2026 08:02 AM,Lakyn Sanders
G01-1017,G,Composite,,06/22/2026 09:00 AM,06/21/2026 09:00 AM,06/22/2026 08:00 AM,LS,06/25/2026,,Pass,0.778,Routine Surveillance,Mineral,KeyserWWTP-01,Sample,WWTP,06/25/2026 08:03 AM,Lakyn Sanders
Q01-1031,G,Composite,,06/22/2026 08:00 AM,06/17/2026 08:00 AM,06/22/2026 08:00 AM,LS,06/25/2026,,Pass,0.231,Routine Surveillance,Boone,MadisonWWTP-01,Sample,WWTP,06/25/2026 08:04 AM,Lakyn Sanders
O01-1014,G,Composite,,06/15/2026 08:00 AM,06/14/2026 08:00 AM,06/15/2026 08:00 AM,LS,06/25/2026,,Pass,1.16,Routine Surveillance,Taylor,GraftonWWTP-01,Sample,WWTP,06/25/2026 08:06 AM,Lakyn Sanders
M04-1012,G,Composite,,06/22/2026 09:00 AM,06/21/2026 08:30 AM,06/22/2026 08:30 AM,LS,06/25/2026,,Pass,0.10,Routine Surveillance,Marion,FarmingtonWWTP-01,Sample,WWTP,06/25/2026 08:09 AM,Lakyn Sanders
M03-1024,G,Composite,,06/22/2026 09:00 AM,06/21/2026 09:00 AM,06/22/2026 09:00 AM,LS,06/25/2026,,Pass,0.289,Routine Surveillance,Marion,ManningtonWWTP-01,Sample,WWTP,06/25/2026 08:10 AM,Lakyn Sanders
L01-1022,G,Composite,,06/22/2026 08:00 AM,06/14/2026 07:00 AM,06/15/2026 07:00 AM,LS,06/25/2026,,Pass,0.204,Routine Surveillance,Doddridge,WestUnionWWTP-01,Sample,WWTP,06/25/2026 08:10 AM,Lakyn Sanders
O01-1015,G,Composite,,06/22/2026 08:00 AM,06/21/2026 08:00 AM,06/22/2026 08:00 AM,LS,06/25/2026,,Pass,0.99,Routine Surveillance,Taylor,GraftonWWTP-01,Sample,WWTP,06/25/2026 08:13 AM,Lakyn Sanders
M03-1025,G,Composite,,06/15/2026 09:30 AM,06/14/2026 09:00 AM,06/15/2026 09:00 AM,LS,06/25/2026,,Pass,0.290,Routine Surveillance,Marion,ManningtonWWTP-01,Sample,WWTP,06/25/2026 08:14 AM,Lakyn Sanders
M04-1013,G,Composite,,06/15/2026 09:00 AM,06/14/2026 08:30 AM,06/15/2026 08:30 AM,LS,06/25/2026,,Pass,0.125,Routine Surveillance,Marion,FarmingtonWWTP-01,Sample,WWTP,06/25/2026 08:15 AM,Lakyn Sanders
D01-1027,G,Composite,,06/18/2026 07:35 AM,06/17/2026 06:35 AM,06/18/2026 07:35 AM,LS,06/25/2026,,Pass,1.205,Routine Surveillance,Jefferson,CharlesTownWWTP-01,Sample,WWTP,06/25/2026 08:17 AM,Lakyn Sanders
W01-1018,G,Composite,,06/22/2026 11:15 AM,06/21/2026 11:00 AM,06/22/2026 11:00 AM,LS,06/25/2026,,Pass,0.4,Routine Surveillance,Nicholas,SummersvilleWWTP-01,Sample,WWTP,06/25/2026 08:18 AM,Lakyn Sanders
A01-1599,G,Composite,,06/23/2026 12:00 AM,06/22/2026 12:00 AM,06/23/2026 12:00 AM,LS,07/02/2026,,Pass,13.6,Routine Surveillance,Monongalia,StarCityWWTP-01,Sample,WWTP,07/02/2026 07:38 AM,Lakyn Sanders
A01-1600,G,Composite,,06/24/2026 12:00 AM,06/23/2026 12:00 AM,06/24/2026 12:00 AM,LS,07/02/2026,,Pass,10.4,Routine Surveillance,Monongalia,StarCityWWTP-01,Sample,WWTP,07/02/2026 07:39 AM,Lakyn Sanders
A01-1601,G,Composite,,06/25/2026 12:00 AM,06/24/2026 12:00 AM,06/25/2026 12:00 AM,LS,07/02/2026,,Pass,9.3,Routine Surveillance,Monongalia,StarCityWWTP-01,Sample,WWTP,07/02/2026 07:40 AM,Lakyn Sanders
C01-1304,G,Composite,,06/23/2026 08:00 AM,06/22/2026 08:00 AM,06/23/2026 08:00 AM,LS,07/02/2026,,Pass,9.3,Routine Surveillance,Ohio,WheelingWWTP-01,Sample,WWTP,07/02/2026 07:41 AM,Lakyn Sanders
C01-1305,G,Composite,,06/24/2026 08:00 AM,06/23/2026 08:00 AM,06/24/2026 08:00 AM,LS,07/02/2026,,Pass,11.5,Routine Surveillance,Ohio,WheelingWWTP-01,Sample,WWTP,07/02/2026 07:42 AM,Lakyn Sanders
C01-1306,G,Composite,,06/25/2026 08:00 AM,06/24/2026 08:00 AM,06/25/2026 08:00 AM,LS,07/02/2026,,Pass,8.6,Routine Surveillance,Ohio,WheelingWWTP-01,Sample,WWTP,07/02/2026 07:43 AM,Lakyn Sanders
C01-1307,G,Composite,,06/26/2026 08:00 AM,06/25/2026 08:00 AM,06/26/2026 08:00 AM,LS,07/02/2026,,Pass,12.0,Routine Surveillance,Ohio,WheelingWWTP-01,Sample,WWTP,07/02/2026 07:45 AM,Lakyn Sanders
C01-1308,G,Composite,,06/29/2026 08:00 AM,06/28/2026 08:00 AM,06/29/2026 08:00 AM,LS,07/02/2026,,Pass,8.3,Routine Surveillance,Ohio,WheelingWWTP-01,Sample,WWTP,07/02/2026 07:45 AM,Lakyn Sanders
N02-1013,G,Composite,,06/15/2026 07:00 AM,06/14/2026 07:00 AM,06/15/2026 07:00 AM,LS,07/02/2026,,Pass,7.58,Routine Surveillance,Harrison,ClarksburgWWTP-01,Sample,WWTP,07/02/2026 07:47 AM,Lakyn Sanders
P01-1021,G,Composite,,06/29/2026 07:00 AM,06/28/2026 07:00 AM,06/29/2026 07:00 AM,LS,07/02/2026,,Pass,0.233,Routine Surveillance,Pleasants,StMarysWWTP-01,Sample,WWTP,07/02/2026 07:48 AM,Lakyn Sanders
N02-1014,G,Composite,,06/29/2026 07:00 AM,06/28/2026 07:00 AM,06/29/2026 07:00 AM,LS,07/02/2026,,Pass,17.86,Routine Surveillance,Harrison,ClarksburgWWTP-01,Sample,WWTP,07/02/2026 07:49 AM,Lakyn Sanders
N02-0580,G,Composite,,06/23/2026 07:00 AM,06/22/2026 07:00 AM,06/23/2026 07:00 AM,LS,07/02/2026,,Pass,12.13,Routine Surveillance,Harrison,ClarksburgWWTP-01,Sample,WWTP,07/02/2026 07:50 AM,Lakyn Sanders
L01-1023,G,Composite,,06/30/2026 12:00 AM,06/28/2026 07:00 AM,06/29/2026 07:00 AM,LS,07/02/2026,,Pass,.271,Routine Surveillance,Doddridge,WestUnionWWTP-01,Sample,WWTP,07/02/2026 07:51 AM,Lakyn Sanders
M03-1026,G,Composite,,06/29/2026 08:30 AM,06/28/2026 08:00 AM,06/29/2026 08:00 AM,LS,07/02/2026,,Pass,0.330,Routine Surveillance,Marion,ManningtonWWTP-01,Sample,WWTP,07/02/2026 07:52 AM,Lakyn Sanders
O01-1016,G,Composite,,06/29/2026 08:00 AM,06/28/2026 08:00 AM,06/29/2026 08:00 AM,LS,07/02/2026,,Pass,2.06,Routine Surveillance,Taylor,GraftonWWTP-01,Sample,WWTP,07/02/2026 07:53 AM,Lakyn Sanders
U01-0117,G,Composite,,06/29/2026 10:00 AM,06/28/2026 10:00 AM,06/29/2026 10:00 AM,LS,07/02/2026,,Pass,0.874,Routine Surveillance,Fayette,WhiteOakWWTP-01,Sample,WWTP,07/02/2026 07:55 AM,Lakyn Sanders
Q01-1032,G,Composite,,06/29/2026 08:00 AM,06/24/2026 08:00 AM,06/29/2026 08:00 AM,LS,07/02/2026,,Pass,0.502,Routine Surveillance,Boone,MadisonWWTP-01,Sample,WWTP,07/02/2026 07:56 AM,Lakyn Sanders
T01-1007,G,Composite,,06/29/2026 07:30 AM,06/28/2026 07:30 AM,06/29/2026 07:30 AM,LS,07/02/2026,,Pass,0.12,Routine Surveillance,Mason,PointPleasantWWTP-01,Sample,WWTP,07/02/2026 07:57 AM,Lakyn Sanders
W01-1019,G,Composite,,06/29/2026 11:08 AM,06/28/2026 11:00 AM,06/29/2026 11:00 AM,LS,07/02/2026,,Pass,1.08,Routine Surveillance,Nicholas,SummersvilleWWTP-01,Sample,WWTP,07/02/2026 07:58 AM,Lakyn Sanders
H01-1038,G,Composite,,06/29/2026 08:00 AM,06/28/2026 08:00 AM,06/29/2026 08:00 AM,LS,07/02/2026,,Pass,1.6,Routine Surveillance,Marshall,MoundsvilleWWTP-01,Sample,WWTP,07/02/2026 07:59 AM,Lakyn Sanders
J01-1031,G,Composite,,06/22/2026 07:30 AM,06/21/2026 07:30 AM,06/22/2026 07:30 AM,LS,07/02/2026,,Pass,0.105,Routine Surveillance,Preston,AlpineLakeWWTP-01,Sample,WWTP,07/02/2026 08:00 AM,Lakyn Sanders
J01-1032,G,Composite,,06/29/2026 07:30 AM,06/28/2026 07:30 AM,06/29/2026 07:30 AM,LS,07/02/2026,,Pass,0.155,Routine Surveillance,Preston,AlpineLakeWWTP-01,Sample,WWTP,07/02/2026 08:01 AM,Lakyn Sanders
R02-1031,G,Composite,,06/29/2026 08:00 AM,06/28/2026 08:00 AM,06/29/2026 08:05 AM,LS,07/02/2026,,Pass,2.805,Routine Surveillance,Randolph,ElkinsWWTP-01,Sample,WWTP,07/02/2026 08:02 AM,Lakyn Sanders
K01-1000,G,Composite,,06/30/2026 06:53 AM,06/29/2026 07:00 AM,06/30/2026 06:53 AM,LS,07/02/2026,,Pass,4.483,Routine Surveillance,Wood,ParkersburgWWTP-01,Sample,WWTP,07/02/2026 08:04 AM,Lakyn Sanders
D01-1028,G,Composite,,06/25/2026 06:50 AM,06/24/2026 06:45 AM,06/25/2026 06:50 AM,LS,07/02/2026,,Pass,1.214,Routine Surveillance,Jefferson,CharlesTownWWTP-01,Sample,WWTP,07/02/2026 08:05 AM,Lakyn Sanders
G01-1018,G,Composite,,06/28/2026 08:00 AM,06/28/2026 09:00 AM,06/29/2026 08:00 AM,LS,07/02/2026,,Pass,1.3578,Routine Surveillance,Mineral,KeyserWWTP-01,Sample,WWTP,07/02/2026 08:07 AM,Lakyn Sanders
F01-1020,G,Composite,,06/29/2026 12:00 AM,06/28/2026 12:00 AM,06/29/2026 12:00 AM,LS,07/02/2026,,Pass,1.5,Routine Surveillance,Lewis,WestonWWTP-01,Sample,WWTP,07/02/2026 08:08 AM,Lakyn Sanders
F01-1021,G,Composite,,06/23/2026 12:00 AM,06/22/2026 12:00 AM,06/23/2026 12:00 AM,LS,07/02/2026,,Pass,1.5,Routine Surveillance,Lewis,WestonWWTP-01,Sample,WWTP,07/02/2026 08:09 AM,Lakyn Sanders
A01-1602,G,Composite,,06/27/2026 12:00 AM,06/26/2026 12:00 AM,06/27/2026 12:00 AM,LS,07/09/2026,,Pass,14.5,Routine Surveillance,Monongalia,StarCityWWTP-01,Sample,WWTP,07/09/2026 08:22 AM,Lakyn Sanders
A01-1603,G,Composite,,06/28/2026 12:00 AM,06/27/2026 12:00 AM,06/28/2026 12:00 AM,LS,07/09/2026,,Pass,13.3,Routine Surveillance,Monongalia,StarCityWWTP-01,Sample,WWTP,07/09/2026 08:23 AM,Lakyn Sanders
A01-1604,G,Composite,,06/29/2026 12:00 AM,06/28/2026 12:00 AM,06/29/2026 12:00 AM,LS,07/09/2026,,Pass,14.2,Routine Surveillance,Monongalia,StarCityWWTP-01,Sample,WWTP,07/09/2026 08:24 AM,Lakyn Sanders
C01-1309,G,Composite,,06/30/2026 08:00 AM,06/29/2026 08:00 AM,06/30/2026 08:00 AM,LS,07/09/2026,,Pass,7.7,Routine Surveillance,Ohio,WheelingWWTP-01,Sample,WWTP,07/09/2026 08:26 AM,Lakyn Sanders
C01-1310,G,Composite,,07/01/2026 08:00 AM,06/30/2026 08:00 AM,07/01/2026 08:00 AM,LS,07/09/2026,,Pass,7.2,Routine Surveillance,Ohio,WheelingWWTP-01,Sample,WWTP,07/09/2026 08:27 AM,Lakyn Sanders
C01-1311,G,Composite,,07/02/2026 08:00 AM,07/01/2026 08:00 AM,07/02/2026 08:00 AM,LS,07/09/2026,,Pass,6.8,Routine Surveillance,Ohio,WheelingWWTP-01,Sample,WWTP,07/09/2026 08:27 AM,Lakyn Sanders
C01-1312,G,Composite,,07/03/2026 08:00 AM,07/02/2026 08:00 AM,07/03/2026 08:00 AM,LS,07/09/2026,,Pass,6.6,Routine Surveillance,Ohio,WheelingWWTP-01,Sample,WWTP,07/09/2026 08:28 AM,Lakyn Sanders
C01-1313,G,Composite,,07/06/2026 08:00 AM,07/05/2026 08:00 AM,07/06/2026 08:00 AM,LS,07/09/2026,,Pass,10.4,Routine Surveillance,Ohio,WheelingWWTP-01,Sample,WWTP,07/09/2026 08:29 AM,Lakyn Sanders
J01-1033,G,Composite,,07/06/2026 07:30 AM,07/05/2026 07:30 AM,07/06/2026 07:30 AM,LS,07/09/2026,,Pass,0.103,Routine Surveillance,Preston,AlpineLakeWWTP-01,Sample,WWTP,07/09/2026 08:30 AM,Lakyn Sanders
P01-1022,G,Composite,,07/06/2026 07:00 AM,07/05/2026 07:00 AM,07/06/2026 07:00 AM,LS,07/09/2026,,Pass,0.217,Routine Surveillance,Pleasants,StMarysWWTP-01,Sample,WWTP,07/09/2026 08:31 AM,Lakyn Sanders
M03-1027,G,Composite,,07/06/2026 08:00 AM,07/05/2026 08:00 AM,07/06/2026 08:00 AM,LS,07/09/2026,,Pass,0.179,Routine Surveillance,Marion,ManningtonWWTP-01,Sample,WWTP,07/09/2026 08:32 AM,Lakyn Sanders
D01-1029,G,Composite,,07/02/2026 07:30 AM,07/01/2026 07:30 AM,07/02/2026 07:30 AM,LS,07/09/2026,,Pass,1.196,Routine Surveillance,Jefferson,CharlesTownWWTP-01,Sample,WWTP,07/09/2026 08:33 AM,Lakyn Sanders
M04-1014,G,Composite,,07/06/2026 08:30 AM,07/05/2026 08:30 AM,07/06/2026 08:30 AM,LS,07/09/2026,,Pass,0.080,Routine Surveillance,Marion,FarmingtonWWTP-01,Sample,WWTP,07/09/2026 08:35 AM,Lakyn Sanders
N02-1015,G,Composite,,07/06/2026 07:15 AM,07/05/2026 07:00 AM,07/06/2026 07:00 AM,LS,07/09/2026,,Pass,7.108,Routine Surveillance,Harrison,ClarksburgWWTP-01,Sample,WWTP,07/09/2026 08:36 AM,Lakyn Sanders
O01-1017,G,Composite,,07/06/2026 08:00 AM,07/05/2026 08:00 AM,07/06/2026 08:00 AM,LS,07/09/2026,,Pass,0.64,Routine Surveillance,Taylor,GraftonWWTP-01,Sample,WWTP,07/09/2026 08:37 AM,Lakyn Sanders
L01-1024,G,Composite,,07/07/2026 12:00 AM,07/05/2026 07:00 AM,07/06/2026 07:00 AM,LS,07/09/2026,,Pass,0.225,Routine Surveillance,Doddridge,WestUnionWWTP-01,Sample,WWTP,07/09/2026 08:39 AM,Lakyn Sanders
K01-1013,G,Composite,,07/07/2026 07:05 AM,07/06/2026 07:10 AM,07/07/2026 07:05 AM,LS,07/09/2026,,Pass,4.255,Routine Surveillance,Wood,ParkersburgWWTP-01,Sample,WWTP,07/09/2026 08:40 AM,Lakyn Sanders
Q01-1033,G,Composite,,07/06/2026 12:00 AM,06/29/2026 12:00 AM,07/05/2026 12:00 AM,LS,07/09/2026,,Pass,0.5169,Routine Surveillance,Boone,MadisonWWTP-01,Sample,WWTP,07/09/2026 08:42 AM,Lakyn Sanders
U01-0166,G,Composite,,07/06/2026 09:00 AM,07/05/2026 12:00 AM,07/06/2026 09:00 AM,LS,07/09/2026,,Pass,0.343,Routine Surveillance,Fayette,WhiteOakWWTP-01,Sample,WWTP,07/09/2026 08:43 AM,Lakyn Sanders
R02-1032,G,Composite,,07/06/2026 08:05 AM,07/05/2026 08:00 AM,07/06/2026 08:00 AM,LS,07/09/2026,,Pass,1.43,Routine Surveillance,Randolph,ElkinsWWTP-01,Sample,WWTP,07/09/2026 08:44 AM,Lakyn Sanders
W02-1005,G,Composite,,07/06/2026 08:00 AM,07/05/2026 08:00 AM,07/06/2026 08:00 AM,LS,07/09/2026,,Pass,0.335,Routine Surveillance,Nicholas,CraigsvilleWWTP-01,Sample,WWTP,07/09/2026 08:45 AM,Lakyn Sanders
W01-1020,G,Composite,,07/06/2026 11:12 AM,07/05/2026 11:00 AM,07/06/2026 11:00 AM,LS,07/09/2026,,Pass,0.61,Routine Surveillance,Nicholas,SummersvilleWWTP-01,Sample,WWTP,07/09/2026 08:46 AM,Lakyn Sanders
H01-1039,G,Composite,,07/06/2026 08:00 AM,07/05/2026 08:00 AM,07/06/2026 08:00 AM,LS,07/09/2026,,Pass,1.4,Routine Surveillance,Marshall,MoundsvilleWWTP-01,Sample,WWTP,07/09/2026 08:47 AM,Lakyn Sanders
A01-1605,G,Composite,,07/06/2026 12:00 AM,07/05/2026 12:00 AM,07/06/2026 12:00 AM,LS,07/17/2026,,Pass,8.2,Routine Surveillance,Monongalia,StarCityWWTP-01,Sample,WWTP,07/17/2026 08:25 AM,Lakyn Sanders
A01-1606,G,Composite,,07/07/2026 12:00 AM,07/06/2026 12:00 AM,07/07/2026 12:00 AM,LS,07/17/2026,,Pass,8.0,Routine Surveillance,Monongalia,StarCityWWTP-01,Sample,WWTP,07/17/2026 08:25 AM,Lakyn Sanders
A01-1607,G,Composite,,07/08/2026 12:00 AM,07/07/2026 12:00 AM,07/08/2026 12:00 AM,LS,07/17/2026,,Pass,8.4,Routine Surveillance,Monongalia,StarCityWWTP-01,Sample,WWTP,07/17/2026 08:26 AM,Lakyn Sanders
A01-1608,G,Composite,,07/09/2026 12:00 AM,07/08/2026 12:00 AM,07/09/2026 12:00 AM,LS,07/17/2026,,Pass,15.4,Routine Surveillance,Monongalia,StarCityWWTP-01,Sample,WWTP,07/17/2026 08:27 AM,Lakyn Sanders
A01-1609,G,Composite,,07/11/2026 12:00 AM,07/10/2026 12:00 AM,07/11/2026 12:00 AM,LS,07/17/2026,,Pass,9.6,Routine Surveillance,Monongalia,StarCityWWTP-01,Sample,WWTP,07/17/2026 08:28 AM,Lakyn Sanders
A01-1610,G,Composite,,07/12/2026 12:00 AM,07/11/2026 12:00 AM,07/12/2026 12:00 AM,LS,07/17/2026,,Pass,9.7,Routine Surveillance,Monongalia,StarCityWWTP-01,Sample,WWTP,07/17/2026 08:28 AM,Lakyn Sanders
A01-1611,G,Composite,,07/13/2026 12:00 AM,07/12/2026 12:00 AM,07/13/2026 12:00 AM,LS,07/17/2026,,Pass,8.6,Routine Surveillance,Monongalia,StarCityWWTP-01,Sample,WWTP,07/17/2026 08:29 AM,Lakyn Sanders
C01-1314,G,Composite,,07/07/2026 08:00 AM,07/06/2026 08:00 AM,07/07/2026 08:00 AM,LS,07/17/2026,,Pass,7.9,Routine Surveillance,Ohio,WheelingWWTP-01,Sample,WWTP,07/17/2026 08:33 AM,Lakyn Sanders
C01-1315,G,Composite,,07/08/2026 08:00 AM,07/07/2026 07:00 AM,07/08/2026 08:00 AM,LS,07/17/2026,,Pass,7.8,Routine Surveillance,Ohio,WheelingWWTP-01,Sample,WWTP,07/17/2026 08:33 AM,Lakyn Sanders
C01-1316,G,Composite,,07/09/2026 08:00 AM,07/08/2026 08:00 AM,07/09/2026 08:00 AM,LS,07/17/2026,,Pass,8.0,Routine Surveillance,Ohio,WheelingWWTP-01,Sample,WWTP,07/17/2026 08:34 AM,Lakyn Sanders
C01-1317,G,Composite,,07/10/2026 08:00 AM,07/09/2026 08:00 AM,07/10/2026 08:00 AM,LS,07/17/2026,,Pass,11.1,Routine Surveillance,Ohio,WheelingWWTP-01,Sample,WWTP,07/17/2026 08:35 AM,Lakyn Sanders
C01-1318,G,Composite,,07/13/2026 08:00 AM,07/12/2026 08:00 AM,07/13/2026 08:00 AM,LS,07/17/2026,,Pass,7.7,Routine Surveillance,Ohio,WheelingWWTP-01,Sample,WWTP,07/17/2026 08:36 AM,Lakyn Sanders
W01-1021,G,Composite,,07/13/2026 11:15 AM,07/12/2026 11:00 AM,07/13/2026 11:00 AM,LS,07/17/2026,,Pass,2.2,Routine Surveillance,Nicholas,SummersvilleWWTP-01,Sample,WWTP,07/17/2026 08:38 AM,Lakyn Sanders
T01-1008,G,Composite,,07/06/2026 10:10 AM,07/05/2026 10:10 AM,07/06/2026 10:10 AM,LS,07/17/2026,,Pass,0.37,Routine Surveillance,Mason,PointPleasantWWTP-01,Sample,WWTP,07/17/2026 08:39 AM,Lakyn Sanders
T01-1009,G,Composite,,07/13/2026 03:00 PM,07/12/2026 03:00 PM,07/13/2026 03:00 PM,LS,07/17/2026,,Pass,0.09,Routine Surveillance,Mason,PointPleasantWWTP-01,Sample,WWTP,07/17/2026 08:41 AM,Lakyn Sanders
Q01-1034,G,Composite,,07/13/2026 08:00 AM,07/08/2026 08:00 AM,07/13/2026 08:00 AM,LS,07/17/2026,,Pass,0.407,Routine Surveillance,Boone,MadisonWWTP-01,Sample,WWTP,07/17/2026 08:42 AM,Lakyn Sanders
K01-1014,G,Composite,,07/14/2026 06:50 AM,07/13/2026 06:59 AM,07/14/2026 06:49 AM,LS,07/17/2026,,Pass,4.933,Routine Surveillance,Wood,ParkersburgWWTP-01,Sample,WWTP,07/17/2026 08:43 AM,Lakyn Sanders
U01-0088,G,Composite,,07/13/2026 09:40 AM,07/12/2026 09:40 AM,07/13/2026 09:40 AM,LS,07/17/2026,,Pass,0.443,Routine Surveillance,Fayette,WhiteOakWWTP-01,Sample,WWTP,07/17/2026 08:45 AM,Lakyn Sanders
J01-1034,G,Composite,,07/13/2026 07:30 AM,07/12/2026 07:30 AM,07/13/2026 07:30 AM,LS,07/17/2026,,Pass,0.163,Routine Surveillance,Preston,AlpineLakeWWTP-01,Sample,WWTP,07/17/2026 08:47 AM,Lakyn Sanders
D01-1030,G,Composite,,07/09/2026 07:15 AM,07/08/2026 07:00 AM,07/09/2026 07:15 AM,LS,07/17/2026,,Pass,1.208,Routine Surveillance,Jefferson,CharlesTownWWTP-01,Sample,WWTP,07/17/2026 08:48 AM,Lakyn Sanders
H01-1040,G,Composite,,07/13/2026 08:00 AM,07/12/2026 08:00 AM,07/13/2026 08:00 AM,LS,07/17/2026,,Pass,1.3,Routine Surveillance,Marshall,MoundsvilleWWTP-01,Sample,WWTP,07/17/2026 08:49 AM,Lakyn Sanders
O01-1018,G,Composite,,07/13/2026 08:00 AM,07/12/2026 08:00 AM,07/13/2026 08:00 AM,LS,07/17/2026,,Pass,2.27,Routine Surveillance,Taylor,GraftonWWTP-01,Sample,WWTP,07/17/2026 08:50 AM,Lakyn Sanders
L01-1025,G,Composite,,07/13/2026 07:00 AM,07/12/2026 07:00 AM,07/13/2026 07:00 AM,LS,07/17/2026,,Pass,0.122,Routine Surveillance,Doddridge,WestUnionWWTP-01,Sample,WWTP,07/17/2026 08:52 AM,Lakyn Sanders
N02-0603,G,Composite,,07/13/2026 07:00 AM,07/12/2026 07:00 AM,07/13/2026 07:00 AM,LS,07/17/2026,,Pass,9.13,Routine Surveillance,Harrison,ClarksburgWWTP-01,Sample,WWTP,07/17/2026 08:53 AM,Lakyn Sanders
M03-1028,G,Composite,,07/13/2026 08:00 AM,07/12/2026 08:00 AM,07/13/2026 08:00 AM,LS,07/17/2026,,Pass,0.2,Routine Surveillance,Marion,ManningtonWWTP-01,Sample,WWTP,07/17/2026 08:54 AM,Lakyn Sanders
R02-1033,G,Composite,,07/13/2026 08:05 AM,07/12/2026 08:00 AM,07/13/2026 08:00 AM,LS,07/17/2026,,Pass,2.02,Routine Surveillance,Randolph,ElkinsWWTP-01,Sample,WWTP,07/17/2026 08:55 AM,Lakyn Sanders
F01-1022,GH,Composite,,06/07/2026 12:00 AM,06/06/2026 12:00 AM,06/07/2026 12:00 AM,LS,07/17/2026,,Pass,1.6,Routine Surveillance,Lewis,WestonWWTP-01,Sample,WWTP,07/17/2026 08:56 AM,Lakyn Sanders
F01-1023,G,Composite,,07/13/2026 12:00 AM,07/12/2026 12:00 AM,07/13/2026 12:00 AM,LS,07/17/2026,,Pass,1.6,Routine Surveillance,Lewis,WestonWWTP-01,Sample,WWTP,07/17/2026 08:57 AM,Lakyn Sanders
A01-1616,G,Composite,,07/19/2026 12:00 AM,07/18/2026 12:00 AM,07/19/2026 12:00 AM,LS,07/23/2026,,Pass,9.9,Routine Surveillance,Monongalia,StarCityWWTP-01,Sample,WWTP,07/23/2026 10:09 AM,Lakyn Sanders
A01-1617,G,Composite,,07/20/2026 12:00 AM,07/19/2026 12:00 AM,07/20/2026 12:00 AM,LS,07/23/2026,,Pass,8.6,Routine Surveillance,Monongalia,StarCityWWTP-01,Sample,WWTP,07/23/2026 10:10 AM,Lakyn Sanders
C01-1319,G,Composite,,07/14/2026 08:00 AM,07/13/2026 08:00 AM,07/14/2026 08:00 AM,LS,07/23/2026,,Pass,6.9,Routine Surveillance,Ohio,WheelingWWTP-01,Sample,WWTP,07/23/2026 10:12 AM,Lakyn Sanders
C01-1320,G,Composite,,07/15/2026 08:00 AM,07/14/2026 08:00 AM,07/15/2026 08:00 AM,LS,07/23/2026,,Pass,7.1,Routine Surveillance,Ohio,WheelingWWTP-01,Sample,WWTP,07/23/2026 10:13 AM,Lakyn Sanders
C01-1321,G,Composite,,07/16/2026 08:00 AM,07/15/2026 08:00 AM,07/16/2026 08:00 AM,LS,07/23/2026,,Pass,6.9,Routine Surveillance,Ohio,WheelingWWTP-01,Sample,WWTP,07/23/2026 10:13 AM,Lakyn Sanders
C01-1322,G,Composite,,07/17/2026 08:00 AM,07/16/2026 08:00 AM,07/17/2026 08:00 AM,LS,07/23/2026,,Pass,6.6,Routine Surveillance,Ohio,WheelingWWTP-01,Sample,WWTP,07/23/2026 10:14 AM,Lakyn Sanders
C01-1323,G,Composite,,07/20/2026 08:00 AM,07/19/2026 08:00 AM,07/20/2026 08:00 AM,LS,07/23/2026,,Pass,5.9,Routine Surveillance,Ohio,WheelingWWTP-01,Sample,WWTP,07/23/2026 10:15 AM,Lakyn Sanders
G01-1019,G,Composite,,07/20/2026 08:00 AM,07/19/2026 08:00 AM,07/20/2026 08:00 AM,LS,07/23/2026,,Pass,0.793,Routine Surveillance,Mineral,KeyserWWTP-01,Sample,WWTP,07/23/2026 10:16 AM,Lakyn Sanders
U01-1009,G,Composite,,07/20/2026 09:25 AM,07/19/2026 09:25 AM,07/20/2026 09:25 AM,LS,07/23/2026,,Pass,0.310,Routine Surveillance,Fayette,WhiteOakWWTP-01,Sample,WWTP,07/23/2026 10:18 AM,Lakyn Sanders
W01-1022,G,Composite,,07/20/2026 11:11 AM,07/19/2026 11:00 AM,07/20/2026 11:00 AM,LS,07/23/2026,,Pass,0.70,Routine Surveillance,Nicholas,SummersvilleWWTP-01,Sample,WWTP,07/23/2026 10:19 AM,Lakyn Sanders
K01-1015,G,Composite,,07/21/2026 12:00 AM,07/20/2026 06:49 AM,07/21/2026 06:49 AM,LS,07/23/2026,,Pass,5.111,Routine Surveillance,Wood,ParkersburgWWTP-01,Sample,WWTP,07/23/2026 10:20 AM,Lakyn Sanders
Q01-1035,G,Composite,,07/20/2026 08:00 AM,07/15/2026 08:00 AM,07/20/2026 08:00 AM,LS,07/23/2026,,Pass,0.239,Routine Surveillance,Boone,MadisonWWTP-01,Sample,WWTP,07/23/2026 10:21 AM,Lakyn Sanders
H01-1041,G,Composite,,07/20/2026 08:00 AM,07/19/2026 08:00 AM,07/20/2026 08:00 AM,LS,07/23/2026,,Pass,1.2,Routine Surveillance,Marshall,MoundsvilleWWTP-01,Sample,WWTP,07/23/2026 10:22 AM,Lakyn Sanders
R02-1034,G,Composite,,07/20/2026 08:05 AM,07/19/2026 08:00 AM,07/20/2026 08:00 AM,LS,07/23/2026,,Pass,1.55,Routine Surveillance,Randolph,ElkinsWWTP-01,Sample,WWTP,07/23/2026 10:23 AM,Lakyn Sanders
T01-1010,G,Composite,,07/20/2026 07:25 AM,07/19/2026 07:25 AM,07/20/2026 07:25 AM,LS,07/23/2026,,Pass,0.15,Routine Surveillance,Mason,PointPleasantWWTP-01,Sample,WWTP,07/23/2026 10:24 AM,Lakyn Sanders
J01-1035,G,Composite,,07/20/2026 07:30 AM,07/19/2026 07:30 AM,07/20/2026 07:30 AM,LS,07/23/2026,,Pass,0.139,Routine Surveillance,Preston,AlpineLakeWWTP-01,Sample,WWTP,07/23/2026 10:25 AM,Lakyn Sanders
D01-1031,G,Composite,,07/16/2026 07:00 AM,07/15/2026 07:00 AM,07/16/2026 07:00 AM,LS,07/23/2026,,Pass,1.338,Routine Surveillance,Jefferson,CharlesTownWWTP-01,Sample,WWTP,07/23/2026 10:26 AM,Lakyn Sanders
F01-1024,G,Composite,,07/20/2026 12:00 AM,07/19/2026 12:00 AM,07/20/2026 12:00 AM,LS,07/23/2026,,Pass,1.7,Routine Surveillance,Lewis,WestonWWTP-01,Sample,WWTP,07/23/2026 10:27 AM,Lakyn Sanders
M03-1030,G,Composite,,07/27/2026 08:00 AM,07/26/2026 08:00 AM,07/27/2026 08:00 AM,LS,07/30/2026,,Pass,0.152,Routine Surveillance,Marion,ManningtonWWTP-01,Sample,WWTP,07/30/2026 09:19 AM,Lakyn Sanders
M04-1015,G,Composite,,07/27/2026 08:00 AM,07/26/2026 08:00 AM,07/27/2026 08:00 AM,LS,07/30/2026,,Pass,0.076,Routine Surveillance,Marion,FarmingtonWWTP-01,Sample,WWTP,07/30/2026 09:20 AM,Lakyn Sanders
A01-1623,G,Composite,,07/27/2026 12:00 AM,07/26/2026 12:00 AM,07/27/2026 12:00 AM,LS,08/06/2026,,Pass,8.2,Routine Surveillance,Monongalia,StarCityWWTP-01,Sample,WWTP,08/06/2026 09:19 AM,Lakyn Sanders
A01-1624,G,Composite,,07/28/2026 12:00 AM,07/27/2026 12:00 AM,07/28/2026 12:00 AM,LS,08/06/2026,,Pass,8.2,Routine Surveillance,Monongalia,StarCityWWTP-01,Sample,WWTP,08/06/2026 09:21 AM,Lakyn Sanders
A01-1625,G,Composite,,07/29/2026 12:00 AM,07/28/2026 12:00 AM,07/29/2026 12:00 AM,LS,08/06/2026,,Pass,7.8,Routine Surveillance,Monongalia,StarCityWWTP-01,Sample,WWTP,08/06/2026 09:22 AM,Lakyn Sanders
A01-1626,G,Composite,,07/30/2026 12:00 AM,07/29/2026 12:00 AM,07/30/2026 12:00 AM,LS,08/06/2026,,Pass,7.5,Routine Surveillance,Monongalia,StarCityWWTP-01,Sample,WWTP,08/06/2026 09:22 AM,Lakyn Sanders
A01-1627,G,Composite,,08/01/2026 12:00 AM,07/31/2026 12:00 AM,08/01/2026 12:00 AM,LS,08/06/2026,,Pass,6.5,Routine Surveillance,Monongalia,StarCityWWTP-01,Sample,WWTP,08/06/2026 09:23 AM,Lakyn Sanders
A01-1628,G,Composite,,08/02/2026 12:00 AM,08/01/2026 12:00 AM,08/02/2026 12:00 AM,LS,08/06/2026,,Pass,11.2,Routine Surveillance,Monongalia,StarCityWWTP-01,Sample,WWTP,08/06/2026 09:24 AM,Lakyn Sanders
A01-1629,G,Composite,,08/03/2026 12:00 AM,08/02/2026 12:00 AM,08/03/2026 12:00 AM,LS,08/06/2026,,Pass,8.2,Routine Surveillance,Monongalia,StarCityWWTP-01,Sample,WWTP,08/06/2026 09:25 AM,Lakyn Sanders
A01-1630,G,Composite,,08/04/2026 12:00 AM,08/03/2026 12:00 AM,08/04/2026 12:00 AM,LS,08/06/2026,,Pass,7.4,Routine Surveillance,Monongalia,StarCityWWTP-01,Sample,WWTP,08/06/2026 09:25 AM,Lakyn Sanders
C01-1329,G,Composite,,07/28/2026 08:00 AM,07/27/2026 08:00 AM,07/28/2026 08:00 AM,LS,08/06/2026,,Pass,6.0,Routine Surveillance,Ohio,WheelingWWTP-01,Sample,WWTP,08/06/2026 09:27 AM,Lakyn Sanders
C01-1330,G,Composite,,07/29/2026 08:00 AM,07/28/2026 08:00 AM,07/29/2026 08:00 AM,LS,08/06/2026,,Pass,6.2,Routine Surveillance,Ohio,WheelingWWTP-01,Sample,WWTP,08/06/2026 09:28 AM,Lakyn Sanders
C01-1331,G,Composite,,07/30/2026 08:00 AM,07/29/2026 08:00 AM,07/30/2026 08:00 AM,LS,08/06/2026,,Pass,6.8,Routine Surveillance,Ohio,WheelingWWTP-01,Sample,WWTP,08/06/2026 09:29 AM,Lakyn Sanders
C01-1332,G,Composite,,07/31/2026 08:00 AM,07/30/2026 08:00 AM,07/31/2026 08:00 AM,LS,08/06/2026,,Pass,6.2,Routine Surveillance,Ohio,WheelingWWTP-01,Sample,WWTP,08/06/2026 09:29 AM,Lakyn Sanders
C01-1333,G,Composite,,08/04/2026 08:00 AM,08/03/2026 08:00 AM,08/04/2026 08:00 AM,LS,08/06/2026,,Pass,11.8,Routine Surveillance,Ohio,WheelingWWTP-01,Sample,WWTP,08/06/2026 09:30 AM,Lakyn Sanders
P01-1025,G,Composite,,08/03/2026 07:40 AM,08/02/2026 07:00 AM,08/03/2026 07:00 AM,LS,08/06/2026,,Pass,0.216,Routine Surveillance,Pleasants,StMarysWWTP-01,Sample,WWTP,08/06/2026 09:33 AM,Lakyn Sanders
L01-1027,G,Composite,,08/03/2026 07:00 AM,08/02/2026 07:00 AM,08/03/2026 07:00 AM,LS,08/06/2026,,Pass,0.296,Routine Surveillance,Doddridge,WestUnionWWTP-01,Sample,WWTP,08/06/2026 09:35 AM,Lakyn Sanders
D01-1033,G,Composite,,07/30/2026 07:00 AM,07/29/2026 07:00 AM,07/30/2026 07:00 AM,LS,08/06/2026,,Pass,1.254,Routine Surveillance,Jefferson,CharlesTownWWTP-01,Sample,WWTP,08/06/2026 09:36 AM,Lakyn Sanders
G01-1021,G,Composite,,08/03/2026 08:00 AM,08/02/2026 09:00 AM,08/03/2026 08:00 AM,LS,08/06/2026,,Pass,0.6709,Routine Surveillance,Mineral,KeyserWWTP-01,Sample,WWTP,08/06/2026 09:36 AM,Lakyn Sanders
M03-1031,G,Composite,,08/03/2026 08:05 AM,08/02/2026 08:00 AM,08/03/2026 08:00 AM,LS,08/06/2026,,Fail: Missing Required Data,,Routine Surveillance,Marion,ManningtonWWTP-01,Sample,WWTP,08/06/2026 09:38 AM,Lakyn Sanders
M04-1016,G,Composite,,08/03/2026 08:50 AM,08/02/2026 08:45 AM,08/03/2026 08:45 AM,LS,08/06/2026,,Pass,0.076,Routine Surveillance,Marion,FarmingtonWWTP-01,Sample,WWTP,08/06/2026 09:39 AM,Lakyn Sanders
W02-1006,G,Composite,,08/03/2026 05:30 PM,08/02/2026 05:30 PM,08/03/2026 12:30 PM,LS,08/06/2026,,Pass,0.54,Routine Surveillance,Nicholas,CraigsvilleWWTP-01,Sample,WWTP,08/06/2026 09:40 AM,Lakyn Sanders
W02-1007,G,Composite,,08/03/2026 12:30 PM,08/02/2026 05:30 PM,08/03/2026 12:30 PM,ls,08/06/2026,Duplicate of wo2-1006,Pass,0.54,Routine Surveillance,Nicholas,CraigsvilleWWTP-01,Sample,WWTP,08/06/2026 09:43 AM,Lakyn Sanders
U01-0053,G,Composite,,08/03/2026 09:35 AM,08/02/2026 12:00 AM,08/03/2026 12:00 AM,LS,08/06/2026,,Pass,0.402,Routine Surveillance,Fayette,WhiteOakWWTP-01,Sample,WWTP,08/06/2026 09:45 AM,Lakyn Sanders
Q01-1037,G,Composite,,08/03/2026 12:00 AM,07/29/2026 08:00 AM,08/03/2026 08:00 AM,LS,08/06/2026,,Pass,0.315,Routine Surveillance,Boone,MadisonWWTP-01,Sample,WWTP,08/06/2026 09:46 AM,Lakyn Sanders
W01-1024,G,Composite,,08/03/2026 11:00 AM,08/02/2026 11:00 AM,08/03/2026 11:00 AM,LS,08/06/2026,,Pass,0.64,Routine Surveillance,Nicholas,SummersvilleWWTP-01,Sample,WWTP,08/06/2026 09:47 AM,Lakyn Sanders
K01-1017,G,Composite,,08/04/2026 06:54 AM,08/03/2026 06:57 AM,08/04/2026 11:54 AM,LS,08/06/2026,,Pass,4.565,Routine Surveillance,Wood,ParkersburgWWTP-01,Sample,WWTP,08/06/2026 09:48 AM,Lakyn Sanders
H01-1043,G,Composite,,08/03/2026 08:00 AM,08/02/2026 08:00 AM,08/03/2026 08:00 AM,LS,08/06/2026,,Pass,2.2,Routine Surveillance,Marshall,MoundsvilleWWTP-01,Sample,WWTP,08/06/2026 09:49 AM,Lakyn Sanders
Q01-1036,G,Composite,,07/27/2026 08:00 AM,07/22/2026 08:00 AM,07/27/2026 08:00 AM,LS,08/06/2026,,Pass,0.228,Routine Surveillance,Boone,MadisonWWTP-01,Sample,WWTP,08/06/2026 09:50 AM,Lakyn Sanders
N02-1018,G,Composite,,08/03/2026 07:00 AM,08/02/2026 07:00 AM,08/03/2026 07:00 AM,LS,08/06/2026,,Pass,10.32,Routine Surveillance,Harrison,ClarksburgWWTP-01,Sample,WWTP,08/06/2026 09:51 AM,Lakyn Sanders
J01-1037,G,Composite,,08/03/2026 07:30 AM,08/02/2026 07:30 AM,08/03/2026 07:30 AM,LS,08/06/2026,,Pass,0.121,Routine Surveillance,Preston,AlpineLakeWWTP-01,Sample,WWTP,08/06/2026 09:52 AM,Lakyn Sanders
R02-1036,G,Composite,,08/03/2026 08:05 AM,08/02/2026 08:00 AM,08/03/2026 08:00 AM,LS,08/06/2026,,Pass,1.33,Routine Surveillance,Randolph,ElkinsWWTP-01,Sample,WWTP,08/06/2026 09:53 AM,Lakyn Sanders
C01-1334,G,Composite,,08/04/2026 08:00 AM,08/03/2026 08:00 AM,08/04/2026 08:00 AM,LS,08/13/2026,,Pass,7.6,Routine Surveillance,Ohio,WheelingWWTP-01,Sample,WWTP,08/13/2026 09:37 AM,Lakyn Sanders
C01-1335,G,Composite,,08/05/2026 08:00 AM,08/04/2026 08:00 AM,08/05/2026 08:00 AM,LS,08/13/2026,,Pass,7.1,Routine Surveillance,Ohio,WheelingWWTP-01,Sample,WWTP,08/13/2026 09:39 AM,Lakyn Sanders
C01-1336,G,Composite,,08/06/2026 08:00 AM,08/05/2026 08:00 AM,08/06/2026 08:00 AM,LS,08/13/2026,,Pass,6.9,Routine Surveillance,Ohio,WheelingWWTP-01,Sample,WWTP,08/13/2026 09:40 AM,Lakyn Sanders
C01-1337,G,Composite,,08/07/2026 08:00 AM,08/06/2026 08:00 AM,08/07/2026 08:00 AM,LS,08/13/2026,,Pass,6.5,Routine Surveillance,Ohio,WheelingWWTP-01,Sample,WWTP,08/13/2026 09:41 AM,Lakyn Sanders
C01-1338,G,Composite,,08/10/2026 08:00 AM,08/09/2026 08:00 AM,08/10/2026 08:00 AM,LS,08/13/2026,,Pass,11.5,Routine Surveillance,Ohio,WheelingWWTP-01,Sample,WWTP,08/13/2026 09:42 AM,Lakyn Sanders
H01-1044,G,Composite,,08/10/2026 08:00 AM,08/09/2026 08:00 AM,08/10/2026 08:00 AM,LS,08/13/2026,,Pass,1.3,Routine Surveillance,Marshall,MoundsvilleWWTP-01,Sample,WWTP,08/13/2026 09:43 AM,Lakyn Sanders
J01-1038,G,Composite,,08/10/2026 07:30 AM,08/09/2026 07:30 AM,08/10/2026 07:30 AM,LS,08/13/2026,,Pass,0.089,Routine Surveillance,Preston,AlpineLakeWWTP-01,Sample,WWTP,08/13/2026 09:45 AM,Lakyn Sanders
D01-1034,G,Composite,,08/06/2026 07:00 AM,08/05/2026 07:00 AM,08/06/2026 07:00 AM,LS,08/13/2026,,Pass,1.333,Routine Surveillance,Jefferson,CharlesTownWWTP-01,Sample,WWTP,08/13/2026 09:46 AM,Lakyn Sanders
G01-1022,G,Composite,,08/10/2026 08:00 AM,08/09/2026 09:00 AM,08/10/2026 08:00 AM,LS,08/13/2026,,Pass,0.8320,Routine Surveillance,Mineral,KeyserWWTP-01,Sample,WWTP,08/13/2026 09:47 AM,Lakyn Sanders
R02-1037,G,Composite,,08/10/2026 08:00 AM,08/09/2026 08:00 AM,08/10/2026 08:00 AM,LS,08/13/2026,,Pass,1.887,Routine Surveillance,Randolph,ElkinsWWTP-01,Sample,WWTP,08/13/2026 09:49 AM,Lakyn Sanders
Q01-1038,G,Composite,,08/10/2026 08:00 AM,08/05/2026 08:00 AM,08/10/2026 08:00 AM,LS,08/13/2026,,Pass,0.233,Routine Surveillance,Boone,MadisonWWTP-01,Sample,WWTP,08/13/2026 09:50 AM,Lakyn Sanders
U01-0105,G,Composite,,08/10/2026 10:00 AM,08/09/2026 10:00 AM,08/10/2026 10:00 AM,LS,08/13/2026,,Pass,0.351,Routine Surveillance,Fayette,WhiteOakWWTP-01,Sample,WWTP,08/13/2026 09:51 AM,Lakyn Sanders
K01-0471,G,Composite,,08/11/2026 06:56 AM,08/10/2026 06:53 AM,08/11/2026 06:53 AM,LS,08/13/2026,,Pass,6.652,Routine Surveillance,Wood,ParkersburgWWTP-01,Sample,WWTP,08/13/2026 09:52 AM,Lakyn Sanders
W01-1025,G,Composite,,,,,LS,08/13/2026,,Fail: Missing Required Data,,Routine Surveillance,Nicholas,SummersvilleWWTP-01,Sample,WWTP,08/13/2026 09:53 AM,Lakyn Sanders
A01-1639,G,Composite,,08/15/2026 12:00 AM,08/14/2026 12:00 AM,08/15/2026 12:00 AM,LS,09/03/2026,,Pass,9.3,Routine Surveillance,Monongalia,StarCityWWTP-01,Sample,WWTP,09/03/2026 08:54 AM,Lakyn Sanders
A01-1640,G,,,08/16/2026 12:00 AM,08/15/2026 12:00 AM,08/16/2026 12:00 AM,LS,09/03/2026,,Pass,14.1,Routine Surveillance,Monongalia,StarCityWWTP-01,Sample,WWTP,09/03/2026 08:55 AM,Lakyn Sanders
A01-1641,G,Composite,,08/17/2026 12:00 AM,08/16/2026 12:00 AM,08/17/2026 12:00 AM,LS,09/03/2026,,Pass,14.1,Routine Surveillance,Monongalia,StarCityWWTP-01,Sample,WWTP,09/03/2026 08:56 AM,Lakyn Sanders
A01-1642,G,Composite,,08/18/2026 12:00 AM,08/17/2026 12:00 AM,08/18/2026 12:00 AM,LS,09/03/2026,,Pass,12.7,Routine Surveillance,Monongalia,StarCityWWTP-01,Sample,WWTP,09/03/2026 08:57 AM,Lakyn Sanders
A01-1643,G,Composite,,08/19/2026 12:00 AM,08/18/2026 12:00 AM,08/19/2026 12:00 AM,LS,09/03/2026,,Pass,10.9,Routine Surveillance,Monongalia,StarCityWWTP-01,Sample,WWTP,09/03/2026 08:58 AM,Lakyn Sanders
A01-1644,G,Composite,,08/20/2026 12:00 AM,08/19/2026 12:00 AM,08/20/2026 12:00 AM,LS,09/03/2026,,Pass,13.2,Routine Surveillance,Monongalia,StarCityWWTP-01,Sample,WWTP,09/03/2026 08:58 AM,Lakyn Sanders
A01-1645,G,Composite,,08/24/2026 12:00 AM,08/21/2026 12:00 AM,08/22/2026 12:00 AM,LS,09/03/2026,,Pass,11.5,Routine Surveillance,Monongalia,StarCityWWTP-01,Sample,WWTP,09/03/2026 08:59 AM,Lakyn Sanders
A01-1646,G,Composite,,08/24/2026 12:00 AM,09/22/2026 12:00 AM,09/23/2026 12:00 AM,LS,09/03/2026,,Pass,12.7,Routine Surveillance,Monongalia,StarCityWWTP-01,Sample,WWTP,09/03/2026 09:00 AM,Lakyn Sanders
A01-1647,G,Composite,,08/24/2026 12:00 AM,08/23/2026 12:00 AM,08/24/2026 12:00 AM,LS,09/03/2026,,Pass,13.3,Routine Surveillance,Monongalia,StarCityWWTP-01,Sample,WWTP,09/03/2026 09:01 AM,Lakyn Sanders
A01-1648,G,Composite,,08/25/2026 12:00 AM,08/24/2026 12:00 AM,08/25/2026 12:00 AM,LS,09/03/2026,,Pass,10.6,Routine Surveillance,Monongalia,StarCityWWTP-01,Sample,WWTP,09/03/2026 09:02 AM,Lakyn Sanders
A01-1649,G,Composite,,08/26/2026 12:00 AM,08/25/2026 12:00 AM,08/26/2026 12:00 AM,LS,09/03/2026,,Pass,9.7,Routine Surveillance,Monongalia,StarCityWWTP-01,Sample,WWTP,09/03/2026 09:02 AM,Lakyn Sanders
A01-1650,G,Composite,,08/28/2026 12:00 AM,08/26/2026 12:00 AM,08/27/2026 12:00 AM,LS,09/03/2026,,Pass,9.2,Routine Surveillance,Monongalia,StarCityWWTP-01,Sample,WWTP,09/03/2026 09:04 AM,Lakyn Sanders
A01-1651,G,Composite,,08/29/2026 12:00 AM,08/28/2026 12:00 AM,08/29/2026 12:00 AM,LS,09/03/2026,,Pass,7.6,Routine Surveillance,Monongalia,StarCityWWTP-01,Sample,WWTP,09/03/2026 09:05 AM,Lakyn Sanders
A01-1652,G,Composite,,08/30/2026 12:00 AM,08/29/2026 12:00 AM,08/30/2026 12:00 AM,LS,09/03/2026,,Pass,7.7,Routine Surveillance,Monongalia,StarCityWWTP-01,Sample,WWTP,09/03/2026 09:06 AM,Lakyn Sanders
D01-1037,G,Composite,,08/28/2026 07:00 AM,08/27/2026 07:00 AM,08/28/2026 07:00 AM,LS,09/03/2026,,Pass,1.238,Routine Surveillance,Jefferson,CharlesTownWWTP-01,Sample,WWTP,09/03/2026 09:09 AM,Lakyn Sanders
F01-1025,G,Composite,,08/31/2026 12:00 AM,08/30/2026 12:00 AM,08/31/2026 12:00 AM,LS,09/03/2026,,Pass,1.6,Routine Surveillance,Lewis,WestonWWTP-01,Sample,WWTP,09/03/2026 09:10 AM,Lakyn Sanders
G01-1025,G,Composite,,08/31/2026 09:20 AM,08/30/2026 08:00 AM,08/31/2026 08:00 AM,LS,09/03/2026,,Pass,0.617,Routine Surveillance,Mineral,KeyserWWTP-01,Sample,WWTP,09/03/2026 09:11 AM,Lakyn Sanders
H01-1047,G,Composite,,08/31/2026 08:00 AM,08/30/2026 08:00 AM,08/31/2026 08:00 AM,LS,09/03/2026,,Pass,1.5,Routine Surveillance,Marshall,MoundsvilleWWTP-01,Sample,WWTP,09/03/2026 09:12 AM,Lakyn Sanders
J01-1041,G,Composite,,08/31/2026 07:30 AM,08/30/2026 07:30 AM,08/31/2026 07:30 AM,LS,09/03/2026,,Pass,0.077,Routine Surveillance,Preston,AlpineLakeWWTP-01,Sample,WWTP,09/03/2026 09:13 AM,Lakyn Sanders
K01-0491,G,Composite,,09/01/2026 07:00 AM,08/31/2026 06:51 AM,09/01/2026 06:57 AM,LS,09/03/2026,,Pass,4.575,Routine Surveillance,Wood,ParkersburgWWTP-01,Sample,WWTP,09/03/2026 09:14 AM,Lakyn Sanders
L01-1030,G,Composite,,08/31/2026 08:30 AM,08/30/2026 07:00 AM,08/31/2026 07:00 AM,LS,09/03/2026,,Fail: Missing Required Data,,Routine Surveillance,Doddridge,WestUnionWWTP-01,Sample,WWTP,09/03/2026 09:15 AM,Lakyn Sanders
M03-1034,G,Composite,,08/31/2026 09:00 AM,08/30/2026 09:00 AM,08/31/2026 09:00 AM,LS,09/03/2026,,Pass,0.149,Routine Surveillance,Marion,ManningtonWWTP-01,Sample,WWTP,09/03/2026 09:16 AM,Lakyn Sanders
M04-1018,G,Composite,,08/31/2026 08:45 AM,08/30/2026 08:30 AM,08/31/2026 08:30 AM,LS,09/03/2026,,Pass,0.70,Routine Surveillance,Marion,FarmingtonWWTP-01,Sample,WWTP,09/03/2026 09:17 AM,Lakyn Sanders
N02-1022,G,Composite,,08/31/2026 07:00 AM,08/30/2026 07:00 AM,08/31/2026 07:00 AM,LS,09/03/2026,,Pass,7.83,Routine Surveillance,Harrison,ClarksburgWWTP-01,Sample,WWTP,09/03/2026 09:18 AM,Lakyn Sanders
O01-1024,G,Composite,,08/24/2026 08:00 AM,08/23/2026 08:00 AM,08/24/2026 08:00 AM,LS,09/03/2026,,Pass,2.31,Routine Surveillance,Taylor,GraftonWWTP-01,Sample,WWTP,09/03/2026 09:19 AM,Lakyn Sanders
O01-1025,G,Composite,,08/31/2026 08:00 AM,08/30/2026 08:00 AM,08/31/2026 08:00 AM,LS,09/03/2026,,Pass,1.41,Routine Surveillance,Taylor,GraftonWWTP-01,Sample,WWTP,09/03/2026 09:20 AM,Lakyn Sanders
P01-1027,G,Composite,,08/31/2026 08:00 AM,08/30/2026 07:00 AM,08/31/2026 07:00 AM,LS,09/03/2026,,Fail: Missing Required Data,,Routine Surveillance,Pleasants,StMarysWWTP-01,Sample,WWTP,09/03/2026 09:21 AM,Lakyn Sanders
Q01-1040,G,Composite,,08/24/2026 08:00 AM,08/23/2026 08:00 AM,08/24/2026 08:00 AM,LS,09/03/2026,,Pass,0.263,Routine Surveillance,Boone,MadisonWWTP-01,Sample,WWTP,09/03/2026 09:22 AM,Lakyn Sanders
Q01-1041,G,Composite,,08/31/2026 08:00 AM,08/24/2026 08:00 AM,08/31/2026 08:00 AM,LS,09/03/2026,,Pass,0.225,Routine Surveillance,Boone,MadisonWWTP-01,Sample,WWTP,09/03/2026 09:23 AM,Lakyn Sanders
R02-1040,G,Composite,,08/31/2026 08:05 AM,08/30/2026 08:00 AM,08/31/2026 08:00 AM,LS,09/03/2026,,Pass,1.35,Routine Surveillance,Randolph,ElkinsWWTP-01,Sample,WWTP,09/03/2026 09:24 AM,Lakyn Sanders
W01-1028,G,Composite,,09/01/2026 10:00 AM,08/31/2026 10:00 AM,09/01/2026 10:00 AM,LS,09/03/2026,,Pass,0.45,Routine Surveillance,Nicholas,SummersvilleWWTP-01,Sample,WWTP,09/03/2026 09:25 AM,Lakyn Sanders
A01-1618,G,Composite,,07/21/2026 12:00 AM,07/20/2026 12:00 AM,07/21/2026 12:00 AM,LS,07/30/2026,,Pass,12.0,Routine Surveillance,Monongalia,StarCityWWTP-01,Sample,WWTP,07/30/2026 08:53 AM,Lakyn Sanders
A01-1619,G,Composite,,07/22/2026 12:00 AM,07/21/2026 12:00 AM,07/22/2026 12:00 AM,LS,07/30/2026,,Pass,13.5,Routine Surveillance,Monongalia,StarCityWWTP-01,Sample,WWTP,07/30/2026 08:54 AM,Lakyn Sanders
A01-1620,G,Composite,,07/23/2026 12:00 AM,07/22/2026 12:00 AM,07/23/2026 12:00 AM,LS,07/30/2026,,Pass,10.7,Routine Surveillance,Monongalia,StarCityWWTP-01,Sample,WWTP,07/30/2026 08:54 AM,Lakyn Sanders
A01-1621,G,Composite,,07/25/2026 12:00 AM,07/24/2026 12:00 AM,07/25/2026 12:00 AM,LS,07/30/2026,,Pass,8.3,Routine Surveillance,Monongalia,StarCityWWTP-01,Sample,WWTP,07/30/2026 08:55 AM,Lakyn Sanders
A01-1622,G,Composite,,07/26/2026 12:00 AM,07/25/2026 12:00 AM,07/26/2026 12:00 AM,LS,07/30/2026,,Pass,8.1,Routine Surveillance,Monongalia,StarCityWWTP-01,Sample,WWTP,07/30/2026 08:56 AM,Lakyn Sanders
C01-1324,G,Composite,,07/21/2026 08:00 AM,07/20/2026 08:00 AM,07/21/2026 08:00 AM,LS,07/30/2026,,Pass,6.1,Routine Surveillance,Ohio,WheelingWWTP-01,Sample,WWTP,07/30/2026 08:58 AM,Lakyn Sanders
C01-1325,G,Composite,,07/22/2026 08:00 AM,07/21/2026 08:00 AM,07/22/2026 08:00 AM,LS,07/30/2026,,Pass,10.9,Routine Surveillance,Ohio,WheelingWWTP-01,Sample,WWTP,07/30/2026 08:59 AM,Lakyn Sanders
C01-1326,G,Composite,,07/23/2026 08:00 AM,07/22/2026 08:00 AM,07/23/2026 08:00 AM,LS,07/30/2026,,Pass,8.3,Routine Surveillance,Ohio,WheelingWWTP-01,Sample,WWTP,07/30/2026 09:00 AM,Lakyn Sanders
C01-1327,G,Composite,,07/24/2026 08:00 AM,07/23/2026 08:00 AM,07/24/2026 08:00 AM,LS,07/30/2026,,Pass,7.9,Routine Surveillance,Ohio,WheelingWWTP-01,Sample,WWTP,07/30/2026 09:01 AM,Lakyn Sanders
C01-1328,G,Composite,,07/27/2026 08:00 AM,07/26/2026 08:00 AM,07/27/2026 08:00 AM,LS,07/30/2026,,Pass,6.4,Routine Surveillance,Ohio,WheelingWWTP-01,Sample,WWTP,07/30/2026 09:01 AM,Lakyn Sanders
A01-1612,G,Composite,,07/14/2026 12:00 AM,07/13/2026 12:00 AM,07/14/2026 12:00 AM,LS,07/23/2026,,Pass,8.1,Routine Surveillance,Monongalia,StarCityWWTP-01,Sample,WWTP,07/23/2026 10:07 AM,Lakyn Sanders
A01-1613,G,Composite,,07/15/2026 12:00 AM,07/14/2026 12:00 AM,07/15/2026 12:00 AM,LS,07/23/2026,,Pass,7.9,Routine Surveillance,Monongalia,StarCityWWTP-01,Sample,WWTP,07/23/2026 10:07 AM,Lakyn Sanders
A01-1614,G,Composite,,07/16/2026 12:00 AM,07/15/2026 12:00 AM,07/16/2026 12:00 AM,LS,07/23/2026,,Pass,8.0,Routine Surveillance,Monongalia,StarCityWWTP-01,Sample,WWTP,07/23/2026 10:08 AM,Lakyn Sanders
A01-1615,G,Composite,,07/18/2026 12:00 AM,07/17/2026 12:00 AM,07/18/2026 12:00 AM,LS,07/23/2026,,Pass,10.7,Routine Surveillance,Monongalia,StarCityWWTP-01,Sample,WWTP,07/23/2026 10:09 AM,Lakyn Sanders
G01-1020,G,Composite,,07/27/2026 08:00 AM,07/26/2026 08:00 AM,07/27/2026 08:00 AM,LS,07/30/2026,,Pass,0.810,Routine Surveillance,Mineral,KeyserWWTP-01,Sample,WWTP,07/30/2026 09:02 AM,Lakyn Sanders
H01-1042,G,Composite,,07/27/2026 08:00 AM,07/26/2026 08:00 AM,07/27/2026 08:00 AM,LS,07/30/2026,,Pass,1.5,Routine Surveillance,Marshall,MoundsvilleWWTP-01,Sample,WWTP,07/30/2026 09:03 AM,Lakyn Sanders
K01-1016,G,Composite,,07/28/2026 06:52 AM,07/27/2026 06:55 AM,07/28/2026 06:52 AM,LS,07/30/2026,,Pass,4.192,Routine Surveillance,Wood,ParkersburgWWTP-01,Sample,WWTP,07/30/2026 09:05 AM,Lakyn Sanders
U01-0163,G,Composite,,07/27/2026 10:10 AM,07/26/2026 12:00 AM,07/27/2026 10:10 AM,LS,07/30/2026,,Pass,0.393,Routine Surveillance,Fayette,WhiteOakWWTP-01,Sample,WWTP,07/30/2026 09:06 AM,Lakyn Sanders
R02-1035,G,Composite,,07/27/2026 08:05 AM,07/26/2026 08:00 AM,07/27/2026 08:00 AM,LS,07/30/2026,,Pass,1.49,Routine Surveillance,Randolph,ElkinsWWTP-01,Sample,WWTP,07/30/2026 09:07 AM,Lakyn Sanders
J01-1036,G,Composite,,07/27/2026 12:00 AM,07/26/2026 12:00 AM,07/27/2026 12:00 AM,LS,07/30/2026,,Pass,0.111,Routine Surveillance,Preston,AlpineLakeWWTP-01,Sample,WWTP,07/30/2026 09:08 AM,Lakyn Sanders
W01-1023,G,Composite,,07/27/2026 02:00 PM,07/26/2026 11:00 AM,07/27/2026 11:00 AM,LS,07/30/2026,,Pass,0.50,Routine Surveillance,Nicholas,SummersvilleWWTP-01,Sample,WWTP,07/30/2026 09:09 AM,Lakyn Sanders
P01-1023,G,Composite,,07/27/2026 12:00 AM,07/26/2026 07:00 AM,07/27/2026 07:00 AM,LS,07/30/2026,,Pass,0.179,Routine Surveillance,Pleasants,StMarysWWTP-01,Sample,WWTP,07/30/2026 09:10 AM,Lakyn Sanders
P01-1024,G,Composite,,07/27/2026 12:00 AM,07/19/2026 07:00 AM,07/20/2026 07:00 AM,LS,07/30/2026,,Pass,0.196,Routine Surveillance,Pleasants,StMarysWWTP-01,Sample,WWTP,07/30/2026 09:11 AM,Lakyn Sanders
O01-1019,G,Composite,,07/20/2026 08:00 AM,07/19/2026 08:00 AM,07/20/2026 08:00 AM,LS,07/30/2026,,Pass,1.3,Routine Surveillance,Taylor,GraftonWWTP-01,Sample,WWTP,07/30/2026 09:12 AM,Lakyn Sanders
N02-1016,G,Composite,,07/21/2026 07:00 AM,07/20/2026 07:00 AM,07/21/2026 07:00 AM,LS,07/30/2026,,Pass,9.28,Routine Surveillance,Harrison,ClarksburgWWTP-01,Sample,WWTP,07/30/2026 09:13 AM,Lakyn Sanders
N02-1017,G,Composite,,07/27/2026 07:00 AM,07/26/2026 07:00 AM,07/27/2026 07:00 AM,LS,07/30/2026,,Pass,8.86,Routine Surveillance,Harrison,ClarksburgWWTP-01,Sample,WWTP,07/30/2026 09:14 AM,Lakyn Sanders
D01-1032,G,Composite,,07/23/2026 07:00 AM,07/22/2026 07:00 AM,07/23/2026 07:00 AM,LS,07/30/2026,,Pass,1.276,Routine Surveillance,Jefferson,CharlesTownWWTP-01,Sample,WWTP,07/30/2026 09:15 AM,Lakyn Sanders
L01-1026,G,Composite,,07/27/2026 07:00 AM,07/26/2026 07:00 AM,07/27/2026 07:00 AM,LS,07/30/2026,,Pass,0.188,Routine Surveillance,Doddridge,WestUnionWWTP-01,Sample,WWTP,07/30/2026 09:17 AM,Lakyn Sanders
M03-1029,G,Composite,,07/20/2026 08:00 AM,07/19/2026 08:00 AM,07/20/2026 08:00 AM,LS,07/30/2026,,Pass,0.156,Routine Surveillance,Marion,ManningtonWWTP-01,Sample,WWTP,07/30/2026 09:18 AM,Lakyn Sanders
A02-3046,G,Composite,,07/14/2026 08:17 AM,07/11/2026 07:00 AM,07/13/2026 07:00 AM,LS,07/14/2026,,Pass,,Upstream Collection,Monongalia,FacManWVU-01,Sample,WVU Morgantown,07/14/2026 09:36 AM,Lakyn Sanders
A02-4046,G,Composite,,07/14/2026 08:17 AM,07/11/2026 07:00 AM,07/13/2026 07:00 AM,LS,07/14/2026,,Pass,,Upstream Collection,Monongalia,FacManWVU-01,Sample,WVU Morgantown,07/14/2026 09:38 AM,Lakyn Sanders
A02-3047,G,,,07/14/2026 08:31 AM,07/11/2026 07:00 AM,07/13/2026 07:00 AM,LS,07/14/2026,,Pass,,Upstream Collection,Monongalia,OaklandWVU-01,Sample,WVU Morgantown,07/14/2026 09:39 AM,Lakyn Sanders
A02-4047,G,Composite,,07/14/2026 08:31 AM,07/11/2026 07:00 AM,07/13/2026 07:00 AM,LS,07/14/2026,,Pass,,Upstream Collection,Monongalia,OaklandWVU-01,Sample,WVU Morgantown,07/14/2026 09:41 AM,Lakyn Sanders
A02-3048,G,Composite,,07/14/2026 08:46 AM,07/11/2026 07:00 AM,07/13/2026 07:00 AM,LS,07/14/2026,Small sample size - float alarm tripped,Fail: Volume Below Min,,Upstream Collection,Monongalia,EvansdaleWVU-01,Sample,WVU Morgantown,07/14/2026 09:43 AM,Lakyn Sanders
A02-4048,G,Composite,,07/14/2026 08:46 AM,07/11/2026 07:00 AM,07/13/2026 07:00 AM,LS,07/14/2026,Small sample size - float alarm tripped,Fail: Volume Below Min,,,Monongalia,EvansdaleWVU-01,Sample,WVU Morgantown,07/14/2026 09:44 AM,Lakyn Sanders
A02-3049,G,Composite,,07/14/2026 09:13 AM,07/11/2026 07:00 AM,07/13/2026 07:00 AM,LS,07/14/2026,,Pass,,Upstream Collection,Monongalia,ReynoldsWVU-01,Sample,WVU Morgantown,07/14/2026 09:46 AM,Lakyn Sanders
A02-4049,G,Composite,,07/14/2026 09:13 AM,07/11/2026 07:00 AM,07/13/2026 07:00 AM,LS,07/14/2026,,Pass,,Upstream Collection,Monongalia,ReynoldsWVU-01,Sample,WVU Morgantown,07/14/2026 09:47 AM,Lakyn Sanders
A02-3022,WaTCH-WV Sample,Composite,,06/19/2026 08:10 AM,06/17/2026 07:00 AM,06/19/2026 07:00 AM,,,,,,Upstream Collection,Monongalia,FacManWVU-01,Sample,WVU Morgantown,06/23/2026 09:08 AM,Lakyn Sanders
A02-4022,WaTCH-WV Sample,Composite,,06/19/2026 08:10 AM,06/17/2026 07:00 AM,06/19/2026 07:00 AM,,,,,,Upstream Collection,Monongalia,FacManWVU-01,Sample,WVU Morgantown,06/23/2026 09:08 AM,Lakyn Sanders
A02-3023,WaTCH-WV Sample,Composite,,06/19/2026 08:24 AM,06/17/2026 07:00 AM,06/19/2026 07:00 AM,,,,,,Upstream Collection,Monongalia,OaklandWVU-01,Sample,WVU Morgantown,06/23/2026 09:10 AM,Lakyn Sanders
A02-4023,WaTCH-WV Sample,Composite,,06/19/2026 08:24 AM,06/17/2026 07:00 AM,06/19/2026 07:00 AM,,,,,,Upstream Collection,Monongalia,OaklandWVU-01,Sample,WVU Morgantown,06/23/2026 09:11 AM,Lakyn Sanders
A02-3025,WaTCH-WV Sample,Composite,,06/19/2026 09:11 AM,06/17/2026 07:00 AM,06/19/2026 07:00 AM,,,,,,Upstream Collection,Monongalia,ReynoldsWVU-01,Sample,WVU Morgantown,06/23/2026 09:14 AM,Lakyn Sanders
A02-4025,WaTCH-WV Sample,Composite,,06/19/2026 09:11 AM,06/17/2026 07:00 AM,06/19/2026 07:00 AM,,,,,,Upstream Collection,Monongalia,ReynoldsWVU-01,Sample,WVU Morgantown,06/23/2026 09:15 AM,Lakyn Sanders
A02-3026,WaTCH-WV Sample,Composite,,06/22/2026 08:19 AM,06/20/2026 07:00 AM,06/22/2026 07:00 AM,,,,,,Upstream Collection,Monongalia,FacManWVU-01,Sample,WVU Morgantown,06/23/2026 09:16 AM,Lakyn Sanders
A02-4026,WaTCH-WV Sample,Composite,,06/22/2026 08:19 AM,06/20/2026 07:00 AM,06/22/2026 07:00 AM,,,,,,Upstream Collection,Monongalia,FacManWVU-01,Sample,WVU Morgantown,06/23/2026 09:17 AM,Lakyn Sanders
A02-3027,WaTCH-WV Sample,Composite,,06/22/2026 08:48 AM,06/20/2026 07:00 AM,06/22/2026 07:00 AM,,,,,,Upstream Collection,Monongalia,OaklandWVU-01,Sample,WVU Morgantown,06/23/2026 09:18 AM,Lakyn Sanders
A02-4027,WaTCH-WV Sample,Composite,,06/22/2026 08:48 AM,06/20/2026 07:00 AM,06/22/2026 07:00 AM,,,,,,Upstream Collection,Monongalia,OaklandWVU-01,Sample,WVU Morgantown,06/23/2026 09:19 AM,Lakyn Sanders
A02-3028,WaTCH-WV Sample,Composite,,06/22/2026 09:04 AM,06/20/2026 07:00 AM,06/22/2026 07:00 AM,,,,,,Upstream Collection,Monongalia,EvansdaleWVU-01,Sample,WVU Morgantown,06/23/2026 09:21 AM,Lakyn Sanders
A02-4028,WaTCH-WV Sample,Composite,,06/22/2026 09:04 AM,06/20/2026 07:00 AM,06/22/2026 07:00 AM,,,,,,Upstream Collection,Monongalia,EvansdaleWVU-01,Sample,WVU Morgantown,06/23/2026 09:22 AM,Lakyn Sanders
A02-3029,WaTCH-WV Sample,Composite,,06/22/2026 09:37 AM,06/20/2026 07:00 AM,06/22/2026 07:00 AM,,,,,,Upstream Collection,Monongalia,ReynoldsWVU-01,Sample,WVU Morgantown,06/23/2026 09:23 AM,Lakyn Sanders
A02-4029,WaTCH-WV Sample,,,06/22/2026 09:37 AM,06/20/2026 07:00 AM,06/22/2026 07:00 AM,,,,,,Upstream Collection,Monongalia,ReynoldsWVU-01,Sample,WVU Morgantown,06/23/2026 09:24 AM,Lakyn Sanders
A01-1393,G,Composite,,10/29/2025 12:00 AM,10/28/2025 12:00 AM,10/29/2025 12:00 AM,LS,11/06/2025,,Pass,7.4,Routine Surveillance,Monongalia,StarCityWWTP-01,Sample,WWTP,11/06/2025 09:50 AM,Lakyn Sanders
A01-1394,G,Composite,,10/30/2025 12:00 AM,10/29/2025 12:00 AM,10/30/2025 12:00 AM,LS,11/06/2025,,Pass,13.4,Routine Surveillance,Monongalia,StarCityWWTP-01,Sample,WWTP,11/06/2025 09:51 AM,Lakyn Sanders
A01-1395,G,Composite,,11/01/2025 12:00 AM,10/31/2025 12:00 AM,11/01/2025 12:00 AM,LS,11/06/2025,,Pass,8,Routine Surveillance,Monongalia,StarCityWWTP-01,Sample,WWTP,11/06/2025 09:52 AM,Lakyn Sanders
A01-1396,G,Composite,,11/02/2025 12:00 AM,11/01/2025 12:00 AM,11/02/2025 12:00 AM,LS,11/06/2025,,Pass,7.6,Routine Surveillance,Monongalia,StarCityWWTP-01,Sample,WWTP,11/06/2025 09:53 AM,Lakyn Sanders
C01-1021,G,Composite,,10/28/2025 08:00 AM,10/27/2025 08:00 AM,10/28/2025 08:00 AM,LS,11/06/2025,,Pass,6.6,Routine Surveillance,Ohio,WheelingWWTP-01,Sample,WWTP,11/06/2025 09:54 AM,Lakyn Sanders
C01-1022,G,Composite,,10/29/2025 08:00 AM,10/28/2025 08:00 AM,10/29/2025 08:00 AM,LS,11/06/2025,,Pass,6.3,Routine Surveillance,Ohio,WheelingWWTP-01,Sample,WWTP,11/06/2025 09:55 AM,Lakyn Sanders
C01-1023,LS,Composite,,10/30/2025 08:00 AM,10/29/2025 08:00 AM,10/30/2025 08:00 AM,LS,11/06/2025,,Pass,9.5,Routine Surveillance,Ohio,WheelingWWTP-01,Sample,WWTP,11/06/2025 09:56 AM,Lakyn Sanders
C01-1024,G,Composite,,10/31/2025 08:00 AM,10/30/2025 08:00 AM,10/31/2025 08:00 AM,LS,11/06/2025,,Pass,10.1,Routine Surveillance,Ohio,WheelingWWTP-01,Sample,WWTP,11/06/2025 09:58 AM,Lakyn Sanders
C01-1025,G,Composite,,11/03/2025 08:00 AM,11/02/2025 08:00 AM,11/03/2025 08:00 AM,LS,11/06/2025,,Pass,5.9,Routine Surveillance,Ohio,WheelingWWTP-01,Sample,WWTP,11/06/2025 09:58 AM,Lakyn Sanders
O01-0590,G,Composite,,11/03/2025 08:00 AM,11/02/2025 08:00 AM,11/03/2025 08:00 AM,LS,11/06/2025,,Pass,0.65,Routine Surveillance,Taylor,GraftonWWTP-01,Sample,WWTP,11/06/2025 10:00 AM,Lakyn Sanders
M03-0534,G,Composite,,11/03/2025 08:00 AM,11/02/2025 08:00 AM,11/03/2025 08:00 AM,LS,11/06/2025,,Pass,0.158,Routine Surveillance,Marion,ManningtonWWTP-01,Sample,WWTP,11/06/2025 10:01 AM,Lakyn Sanders
N02-0584,G,Composite,,11/03/2025 07:00 AM,11/02/2025 07:00 AM,11/03/2025 07:00 AM,LS,11/06/2025,,Pass,5.32,Routine Surveillance,Harrison,ClarksburgWWTP-01,Sample,WWTP,11/06/2025 10:02 AM,Lakyn Sanders
H01-1005,G,Composite,,11/03/2025 08:00 AM,11/02/2025 08:00 AM,11/03/2025 08:00 AM,LS,11/06/2025,,Pass,1.4,Routine Surveillance,Marshall,MoundsvilleWWTP-01,Sample,WWTP,11/06/2025 10:04 AM,Lakyn Sanders
J01-0558,G,Composite,,11/03/2025 07:30 AM,11/02/2025 07:30 AM,11/03/2025 07:30 AM,LS,11/06/2025,,Pass,0.056,Routine Surveillance,Preston,AlpineLakeWWTP-01,Sample,WWTP,11/06/2025 10:05 AM,Lakyn Sanders
T01-0399,G,Composite,,11/03/2025 07:35 AM,11/02/2025 07:35 AM,11/03/2025 07:35 AM,LS,11/06/2025,,Pass,0.14,Routine Surveillance,Mason,PointPleasantWWTP-01,Sample,WWTP,11/06/2025 10:06 AM,Lakyn Sanders
K01-0541,G,Composite,,11/04/2025 06:30 AM,11/03/2025 06:30 AM,11/04/2025 06:30 AM,LS,11/06/2025,,Pass,4.175,Routine Surveillance,Wood,ParkersburgWWTP-01,Sample,WWTP,11/06/2025 10:08 AM,Lakyn Sanders
R02-0552,G,Composite,,11/03/2025 08:00 AM,11/02/2025 08:00 AM,11/03/2025 08:00 AM,LS,11/06/2025,,Pass,1.69,Routine Surveillance,Randolph,ElkinsWWTP-01,Sample,WWTP,11/06/2025 10:09 AM,Lakyn Sanders
F01-0154,G,Composite,,11/03/2025 12:00 AM,11/02/2025 12:00 AM,11/03/2025 12:00 AM,LS,11/06/2025,,Pass,1.4,Routine Surveillance,Lewis,WestonWWTP-01,Sample,WWTP,11/06/2025 10:10 AM,Lakyn Sanders
A04-0568,G,Composite,,11/04/2025 12:00 AM,11/03/2025 12:00 AM,11/04/2025 12:00 AM,LS,11/06/2025,,Pass,0.529,Routine Surveillance,Monongalia,CheatLakeWWTP-01,Sample,WWTP,11/06/2025 10:11 AM,Lakyn Sanders
L01-0654,G,Composite,,11/03/2025 08:00 AM,11/02/2025 08:00 AM,11/03/2025 08:00 AM,LS,11/06/2025,,Pass,0.220,Routine Surveillance,Doddridge,WestUnionWWTP-01,Sample,WWTP,11/06/2025 10:17 AM,Lakyn Sanders
P01-1001,G,Composite,,11/03/2025 07:00 AM,11/02/2025 07:00 AM,11/03/2025 07:00 AM,LS,11/06/2025,,Pass,0.196,Routine Surveillance,Pleasants,StMarysWWTP-01,Sample,WWTP,11/06/2025 10:20 AM,Lakyn Sanders
G01-1000,G,Composite,,11/03/2025 08:00 AM,11/02/2025 09:00 AM,11/03/2025 08:00 AM,LS,11/06/2025,,Pass,0.731,Routine Surveillance,Mineral,KeyserWWTP-01,Sample,WWTP,11/06/2025 10:23 AM,Lakyn Sanders
A01-1405,G,Composite,,11/13/2025 12:00 AM,11/12/2025 12:00 AM,11/13/2025 12:00 AM,LS,11/20/2025,,Pass,7.3,Routine Surveillance,Monongalia,StarCityWWTP-01,Sample,WWTP,11/20/2025 10:17 AM,Lakyn Sanders
A01-1406,G,Composite,,11/14/2025 12:00 AM,11/13/2025 12:00 AM,11/14/2025 12:00 AM,LS,11/20/2025,,Pass,7.4,Routine Surveillance,Monongalia,StarCityWWTP-01,Sample,WWTP,11/20/2025 10:22 AM,Lakyn Sanders
A01-1407,G,Composite,,11/15/2025 12:00 AM,11/14/2025 12:00 AM,11/15/2025 12:00 AM,LS,11/20/2025,,Pass,7.0,Routine Surveillance,Monongalia,StarCityWWTP-01,Sample,WWTP,11/20/2025 10:22 AM,Lakyn Sanders
A01-1408,G,Composite,,11/16/2025 12:00 AM,11/15/2025 12:00 AM,11/16/2025 12:00 AM,LS,11/20/2025,,Pass,7.0,Routine Surveillance,Monongalia,StarCityWWTP-01,Sample,WWTP,11/20/2025 10:23 AM,Lakyn Sanders
A01-1409,G,Composite,,11/17/2025 12:00 AM,11/16/2025 12:00 AM,11/17/2025 12:00 AM,LS,11/20/2025,,Pass,7.0,Routine Surveillance,Monongalia,StarCityWWTP-01,Sample,WWTP,11/20/2025 10:24 AM,Lakyn Sanders
A01-1410,G,Composite,,11/18/2025 12:00 AM,11/17/2025 12:00 AM,11/18/2025 12:00 AM,LS,11/20/2025,,Pass,9.0,Routine Surveillance,Monongalia,StarCityWWTP-01,Sample,WWTP,11/20/2025 10:25 AM,Lakyn Sanders
C01-1116,G,Composite,,11/11/2025 08:00 AM,11/10/2025 08:00 AM,11/11/2025 08:00 AM,LS,11/20/2025,,Pass,6.5,Routine Surveillance,Ohio,WheelingWWTP-01,Sample,WWTP,11/20/2025 10:26 AM,Lakyn Sanders
C01-1117,G,Composite,,11/12/2025 08:00 AM,11/11/2025 08:00 AM,11/12/2025 08:00 AM,LS,11/20/2025,,Pass,6.4,Routine Surveillance,Ohio,WheelingWWTP-01,Sample,WWTP,11/20/2025 10:27 AM,Lakyn Sanders
C01-1118,G,Composite,,11/13/2025 08:00 AM,11/12/2025 08:00 AM,11/13/2025 08:00 AM,LS,11/20/2025,,Pass,5.6,Routine Surveillance,Ohio,WheelingWWTP-01,Sample,WWTP,11/20/2025 10:28 AM,Lakyn Sanders
C01-1119,G,Composite,,11/14/2025 08:00 AM,11/13/2025 08:00 AM,11/14/2025 08:00 AM,LS,11/20/2025,,Pass,6.1,Routine Surveillance,Ohio,WheelingWWTP-01,Sample,WWTP,11/20/2025 10:29 AM,Lakyn Sanders
C01-1120,G,Composite,,11/17/2025 08:00 AM,11/16/2025 08:00 AM,11/17/2025 08:00 AM,LS,11/20/2025,,Pass,6.7,Routine Surveillance,Ohio,WheelingWWTP-01,Sample,WWTP,11/20/2025 10:30 AM,Lakyn Sanders
T01-0419,G,Composite,,11/12/2025 12:15 PM,11/11/2025 12:00 PM,11/12/2025 12:15 PM,LS,11/20/2025,,Pass,0.36,Routine Surveillance,Mason,PointPleasantWWTP-01,Sample,WWTP,11/20/2025 10:32 AM,Lakyn Sanders
F01-0150,G,Composite,,11/12/2025 12:00 AM,11/11/2025 12:00 AM,11/12/2025 12:00 AM,LS,11/20/2025,,Pass,1.2,Routine Surveillance,Lewis,WestonWWTP-01,Sample,WWTP,11/20/2025 10:33 AM,Lakyn Sanders
U01-0184,G,Composite,,11/17/2025 10:25 AM,11/16/2025 10:25 AM,11/17/2025 10:25 AM,LS,11/20/2025,,Pass,0.354,Routine Surveillance,Fayette,WhiteOakWWTP-01,Sample,WWTP,11/20/2025 10:34 AM,Lakyn Sanders
D01-1000,G,Composite,,11/18/2025 07:00 AM,11/17/2025 07:00 AM,11/18/2025 07:00 AM,LS,11/20/2025,,Pass,1.38,Routine Surveillance,Jefferson,CharlesTownWWTP-01,Sample,WWTP,11/20/2025 10:38 AM,Lakyn Sanders
J01-1000,G,Composite,,11/17/2025 07:30 AM,11/16/2025 07:30 AM,11/17/2025 07:30 AM,LS,11/20/2025,,Pass,0.058,Routine Surveillance,Preston,AlpineLakeWWTP-01,Sample,WWTP,11/20/2025 10:40 AM,Lakyn Sanders
R02-1000,G,Composite,,11/17/2025 08:00 AM,11/16/2025 08:00 AM,11/17/2025 08:00 AM,LS,11/20/2025,,Pass,2.57,Routine Surveillance,Randolph,ElkinsWWTP-01,Sample,WWTP,11/20/2025 10:42 AM,Lakyn Sanders
K01-0542,G,Composite,,11/11/2025 06:30 AM,11/10/2025 06:30 AM,11/11/2025 06:30 AM,LS,11/20/2025,,Pass,5.019,Routine Surveillance,Wood,ParkersburgWWTP-01,Sample,WWTP,11/20/2025 10:44 AM,Lakyn Sanders
K01-0546,G,Composite,,11/18/2025 06:30 AM,11/17/2025 06:30 AM,11/18/2025 06:30 AM,LS,11/20/2025,,Pass,4.102,Routine Surveillance,Wood,ParkersburgWWTP-01,Sample,WWTP,11/20/2025 10:45 AM,Lakyn Sanders
G01-0659,G,Composite,,11/17/2025 08:00 AM,11/16/2025 08:00 AM,11/17/2025 08:00 AM,LS,11/20/2025,,Fail: Missing Required Data,,Routine Surveillance,Mineral,KeyserWWTP-01,Sample,WWTP,11/20/2025 10:47 AM,Lakyn Sanders
F01-0148,G,Composite,,11/17/2025 12:00 AM,11/16/2025 12:00 AM,11/17/2025 12:00 AM,LS,11/20/2025,,Pass,1.4,Routine Surveillance,Lewis,WestonWWTP-01,Sample,WWTP,11/20/2025 10:48 AM,Lakyn Sanders
H01-1007,G,Composite,,11/17/2025 08:00 AM,11/16/2025 08:00 AM,11/17/2025 08:00 AM,LS,11/20/2025,,Pass,1.1,Routine Surveillance,Marshall,MoundsvilleWWTP-01,Sample,WWTP,11/20/2025 10:50 AM,Lakyn Sanders
N02-0570,G,Composite,,11/17/2025 07:00 AM,11/16/2025 07:00 AM,11/17/2025 07:00 AM,LS,11/20/2025,,Pass,5.36,Routine Surveillance,Harrison,ClarksburgWWTP-01,Sample,WWTP,11/20/2025 10:51 AM,Lakyn Sanders
O01-0582,G,Composite,,11/17/2025 08:00 AM,11/16/2025 08:00 AM,11/17/2025 08:00 AM,LS,11/20/2025,,Pass,0.76,Routine Surveillance,Taylor,GraftonWWTP-01,Sample,WWTP,11/20/2025 10:53 AM,Lakyn Sanders
M04-0422,G,Composite,,11/10/2025 08:30 AM,11/09/2025 08:30 AM,11/10/2025 08:30 AM,LS,11/20/2025,,Pass,0.63,Routine Surveillance,Marion,FarmingtonWWTP-01,Sample,WWTP,11/20/2025 10:55 AM,Lakyn Sanders
M04-0434,G,Composite,,11/17/2025 08:00 AM,11/16/2025 08:00 AM,11/17/2025 08:00 AM,LS,11/20/2025,,Pass,0.67,Routine Surveillance,Marion,FarmingtonWWTP-01,Sample,WWTP,11/20/2025 10:56 AM,Lakyn Sanders
A04-0572,G,Composite,,11/18/2025 07:30 AM,11/17/2025 07:30 AM,11/18/2025 07:30 AM,LS,11/20/2025,,Pass,0.493,Routine Surveillance,Monongalia,CheatLakeWWTP-01,Sample,WWTP,11/20/2025 10:58 AM,Lakyn Sanders
A01-1411,G,Composite,,11/20/2025 12:00 AM,11/19/2025 12:00 AM,11/20/2025 12:00 AM,LS,11/26/2025,,Pass,13.7,Routine Surveillance,Monongalia,StarCityWWTP-01,Sample,WWTP,11/26/2025 12:10 PM,Lakyn Sanders
A01-1412,G,Composite,,11/21/2025 12:00 AM,11/20/2025 12:00 AM,11/21/2025 12:00 AM,LS,11/26/2025,,Pass,9.5,Routine Surveillance,Monongalia,StarCityWWTP-01,Sample,WWTP,11/26/2025 12:11 PM,Lakyn Sanders
A01-1413,G,Composite,,11/22/2025 12:00 AM,11/21/2025 12:00 AM,11/22/2025 12:00 AM,LS,11/26/2025,,Pass,11.8,Routine Surveillance,Monongalia,StarCityWWTP-01,Sample,WWTP,11/26/2025 12:12 PM,Lakyn Sanders
A01-1414,G,Composite,,11/23/2025 12:00 AM,11/22/2025 12:00 AM,11/23/2025 12:00 AM,LS,11/26/2025,,Pass,7.5,Routine Surveillance,Monongalia,StarCityWWTP-01,Sample,WWTP,11/26/2025 12:13 PM,Lakyn Sanders
A01-1415,G,Composite,,11/24/2025 12:00 AM,11/23/2025 12:00 AM,11/24/2025 12:00 AM,LS,11/26/2025,,Pass,8.1,Routine Surveillance,Monongalia,StarCityWWTP-01,Sample,WWTP,11/26/2025 12:14 PM,Lakyn Sanders
C01-1121,G,Composite,,11/18/2025 08:00 AM,11/17/2025 08:00 AM,11/18/2025 08:00 AM,LS,11/26/2025,,Pass,5.9,Routine Surveillance,Ohio,WheelingWWTP-01,Sample,WWTP,11/26/2025 12:16 PM,Lakyn Sanders
C01-1122,G,Composite,,11/19/2025 08:00 AM,11/18/2025 08:00 AM,11/19/2025 08:00 AM,LS,11/26/2025,,Pass,10.6,Routine Surveillance,Ohio,WheelingWWTP-01,Sample,WWTP,11/26/2025 12:17 PM,Lakyn Sanders
C01-1123,G,Composite,,11/20/2025 08:00 AM,11/19/2025 08:00 AM,11/20/2025 08:00 AM,LS,11/26/2025,,Pass,9.1,Routine Surveillance,Ohio,WheelingWWTP-01,Sample,WWTP,11/26/2025 12:17 PM,Lakyn Sanders
C01-1124,G,Composite,,11/21/2025 08:00 AM,11/20/2025 08:00 AM,11/21/2025 08:00 AM,LS,11/26/2025,,Pass,6.9,Routine Surveillance,Ohio,WheelingWWTP-01,Sample,WWTP,11/26/2025 12:18 PM,Lakyn Sanders
C01-1125,G,Composite,,11/24/2025 08:00 AM,11/23/2025 08:00 AM,11/24/2025 08:00 AM,LS,11/26/2025,,Pass,6.7,Routine Surveillance,Ohio,WheelingWWTP-01,Sample,WWTP,11/26/2025 12:19 PM,Lakyn Sanders
G01-0651,G,Composite,,11/24/2025 08:00 AM,11/23/2025 09:00 AM,11/24/2025 08:00 AM,LS,11/26/2025,,Pass,0.855,Routine Surveillance,Mineral,KeyserWWTP-01,Sample,WWTP,11/26/2025 12:21 PM,Lakyn Sanders
R02-1001,G,Composite,,11/25/2025 08:00 AM,11/24/2025 08:00 AM,11/25/2025 08:00 AM,LS,11/26/2025,Unreadable flow,Pass,2.68,Routine Surveillance,Randolph,ElkinsWWTP-01,Sample,WWTP,11/26/2025 12:24 PM,Lakyn Sanders
H01-1008,G,Composite,,11/24/2025 08:00 AM,11/23/2025 08:00 AM,11/24/2025 08:00 AM,LS,11/26/2025,,Pass,1.3,Routine Surveillance,Marshall,MoundsvilleWWTP-01,Sample,WWTP,11/26/2025 12:26 PM,Lakyn Sanders
T01-0424,G,Composite,,11/24/2025 01:00 PM,11/23/2025 01:00 PM,11/24/2025 01:00 PM,LS,11/26/2025,,Pass,0.40,Routine Surveillance,Mason,PointPleasantWWTP-01,Sample,WWTP,11/26/2025 12:27 PM,Lakyn Sanders
Q01-1000,G,Composite,,11/17/2025 08:00 AM,11/16/2025 08:00 AM,11/17/2025 08:00 AM,LS,11/26/2025,,Pass,0.448,Routine Surveillance,Boone,MadisonWWTP-01,Sample,WWTP,11/26/2025 12:29 PM,Lakyn Sanders
U01-0182,G,Composite,,11/24/2025 09:40 AM,11/23/2025 09:40 AM,11/23/2025 09:40 AM,LS,11/26/2025,,Pass,0.636,Routine Surveillance,Fayette,WhiteOakWWTP-01,Sample,WWTP,11/26/2025 12:31 PM,Lakyn Sanders
Q01-1001,G,Composite,,11/24/2025 12:00 AM,11/19/2025 12:00 AM,11/24/2025 12:00 AM,LS,11/26/2025,,Fail: Missing Required Data,0.25,Routine Surveillance,Boone,MadisonWWTP-01,Sample,WWTP,11/26/2025 12:33 PM,Lakyn Sanders
A04-0573,G,Composite,,11/24/2025 12:00 AM,11/23/2025 12:00 AM,11/24/2025 12:00 AM,LS,11/26/2025,,Pass,0.626,Routine Surveillance,Monongalia,CheatLakeWWTP-01,Sample,WWTP,11/26/2025 12:34 PM,Lakyn Sanders
O01-0587,G,Composite,,11/24/2025 08:00 AM,11/23/2025 08:00 AM,11/24/2025 08:00 AM,LS,11/26/2025,,Pass,1.18,Routine Surveillance,Taylor,GraftonWWTP-01,Sample,WWTP,11/26/2025 12:35 PM,Lakyn Sanders
N02-1000,G,Composite,,11/24/2025 07:00 AM,11/23/2025 07:00 AM,11/24/2025 07:00 AM,LS,11/26/2025,,Pass,7.6,Routine Surveillance,Harrison,ClarksburgWWTP-01,Sample,WWTP,11/26/2025 12:37 PM,Lakyn Sanders
P01-1002,G,Composite,,11/24/2025 08:00 AM,11/23/2025 08:00 AM,11/24/2025 08:00 AM,LS,11/26/2025,,Pass,0.224,Routine Surveillance,Pleasants,StMarysWWTP-01,Sample,WWTP,11/26/2025 12:39 PM,Lakyn Sanders
L01-1000,G,Composite,,,,,LS,11/26/2025,,Fail: Missing Required Data,0.309,Routine Surveillance,Doddridge,WestUnionWWTP-01,Sample,WWTP,11/26/2025 12:40 PM,Lakyn Sanders
A01-1423,G,Composite,,12/03/2025 12:00 AM,12/02/2025 12:00 AM,12/03/2025 12:00 AM,LS,12/11/2025,,Pass,10.0,Routine Surveillance,Monongalia,StarCityWWTP-01,Sample,WWTP,12/11/2025 10:35 AM,Lakyn Sanders
A01-1424,G,Composite,,12/04/2025 12:00 AM,12/03/2025 12:00 AM,12/04/2025 12:00 AM,LS,12/11/2025,,Pass,9.1,Routine Surveillance,Monongalia,StarCityWWTP-01,Sample,WWTP,12/11/2025 10:35 AM,Lakyn Sanders
A01-1425,G,Composite,,12/07/2025 12:00 AM,12/06/2025 12:00 AM,12/07/2025 12:00 AM,LS,12/11/2025,,Pass,10.0,Routine Surveillance,Monongalia,StarCityWWTP-01,Sample,WWTP,12/11/2025 10:39 AM,Lakyn Sanders
A01-1426,G,Composite,,12/08/2025 12:00 AM,12/05/2025 12:00 AM,12/06/2025 12:00 AM,LS,12/11/2025,,Pass,9.6,Routine Surveillance,Monongalia,StarCityWWTP-01,Sample,WWTP,12/11/2025 10:40 AM,Lakyn Sanders
A01-1427,G,Composite,,12/08/2025 12:00 AM,12/07/2025 12:00 AM,12/08/2025 12:00 AM,LS,12/11/2025,,Pass,9.6,Routine Surveillance,Monongalia,StarCityWWTP-01,Sample,WWTP,12/11/2025 10:41 AM,Lakyn Sanders
A01-1428,G,Composite,,12/09/2025 12:00 AM,12/08/2025 12:00 AM,12/09/2025 12:00 AM,LS,12/11/2025,,Pass,9.3,Routine Surveillance,Monongalia,StarCityWWTP-01,Sample,WWTP,12/11/2025 10:42 AM,Lakyn Sanders
A02-1402,sample,Composite,Gracie Moulton,12/05/2025 12:50 PM,11/29/2025 05:00 PM,11/28/2025 11:59 PM,LS,12/11/2025,,Pass,,Mass-Gathering Event,Monongalia,StarCityWWTP-01,Sample,WWTP,12/11/2025 10:46 AM,Lakyn Sanders
C01-1132,G,Composite,,12/03/2025 08:00 AM,12/02/2025 08:00 AM,12/03/2025 08:00 AM,LS,12/11/2025,,Pass,8.3,Routine Surveillance,Ohio,WheelingWWTP-01,Sample,WWTP,12/11/2025 10:47 AM,Lakyn Sanders
C01-1131,G,Composite,,12/02/2025 08:00 AM,12/02/2025 08:00 AM,12/03/2025 08:00 AM,LS,12/11/2025,,Pass,6.2,Routine Surveillance,Ohio,WheelingWWTP-01,Sample,WWTP,12/11/2025 10:48 AM,Lakyn Sanders
C01-1133,G,Composite,,12/04/2025 08:00 AM,12/03/2025 08:00 AM,12/04/2025 08:00 AM,LS,12/11/2025,,Pass,7.4,Routine Surveillance,Ohio,WheelingWWTP-01,Sample,WWTP,12/11/2025 10:49 AM,Lakyn Sanders
C01-1134,G,Composite,,12/05/2025 08:00 AM,12/04/2025 08:00 AM,12/05/2025 08:00 AM,LS,12/11/2025,,Pass,6.9,Routine Surveillance,Ohio,WheelingWWTP-01,Sample,WWTP,12/11/2025 10:50 AM,Lakyn Sanders
C01-1135,G,Composite,,12/08/2025 08:00 AM,12/07/2025 08:00 AM,12/08/2025 08:00 AM,LS,12/11/2025,,Pass,7.4,Routine Surveillance,Ohio,WheelingWWTP-01,Sample,WWTP,12/11/2025 10:51 AM,Lakyn Sanders
R02-1003,G,Composite,,12/08/2025 08:00 AM,12/07/2025 08:00 AM,12/08/2025 08:00 AM,LS,12/11/2025,,Pass,2.1,Routine Surveillance,Randolph,ElkinsWWTP-01,Sample,WWTP,12/11/2025 10:52 AM,Lakyn Sanders
H01-1010,G,Composite,,12/08/2025 08:00 AM,12/07/2025 08:00 AM,12/08/2025 08:00 AM,LS,12/11/2025,,Pass,1.3,Routine Surveillance,Marshall,MoundsvilleWWTP-01,Sample,WWTP,12/11/2025 10:56 AM,Lakyn Sanders
U01-1000,G,Composite,,12/08/2025 09:10 PM,12/07/2025 09:00 PM,12/08/2025 09:00 PM,LS,12/11/2025,,Pass,0.352,Routine Surveillance,Fayette,WhiteOakWWTP-01,Sample,WWTP,12/11/2025 10:58 AM,Lakyn Sanders
D01-1002,G,Composite,,12/09/2025 07:00 AM,12/08/2025 07:00 AM,12/09/2025 07:00 AM,LS,12/11/2025,,Pass,1.28,Routine Surveillance,Jefferson,CharlesTownWWTP-01,Sample,WWTP,12/11/2025 11:00 AM,Lakyn Sanders
Q01-1003,G,Composite,,12/08/2025 08:00 AM,12/07/2025 08:00 AM,12/08/2025 08:00 AM,LS,12/11/2025,,Pass,0.315,Routine Surveillance,Boone,MadisonWWTP-01,Sample,WWTP,12/11/2025 11:02 AM,Lakyn Sanders
K01-0544,G,Composite,,12/09/2025 06:20 AM,12/08/2025 06:00 AM,12/09/2025 06:20 AM,LS,12/11/2025,,Pass,4.624,Routine Surveillance,Wood,ParkersburgWWTP-01,Sample,WWTP,12/11/2025 11:03 AM,Lakyn Sanders
F01-1000,G,Composite,,12/01/2025 12:00 AM,11/30/2025 12:00 AM,12/01/2025 12:00 AM,LS,12/11/2025,,Pass,1.5,Routine Surveillance,Lewis,WestonWWTP-01,Sample,WWTP,12/11/2025 11:05 AM,Lakyn Sanders
M03-1001,G,Composite,,12/08/2025 08:00 AM,12/07/2025 08:00 AM,12/08/2025 08:00 AM,LS,12/11/2025,,Pass,0.188,Routine Surveillance,Marion,ManningtonWWTP-01,Sample,WWTP,12/11/2025 11:07 AM,Lakyn Sanders
O01-0575,G,Composite,,12/08/2025 08:00 AM,12/07/2025 08:00 AM,12/08/2025 08:00 AM,LS,12/11/2025,,Pass,0.97,Routine Surveillance,Taylor,GraftonWWTP-01,Sample,WWTP,12/11/2025 11:08 AM,Lakyn Sanders
L01-0655,G,Composite,,12/08/2025 08:00 AM,12/07/2025 07:00 AM,12/08/2025 07:00 AM,LS,12/11/2025,,Pass,0.262,Routine Surveillance,Doddridge,WestUnionWWTP-01,Sample,WWTP,12/11/2025 11:11 AM,Lakyn Sanders
N02-0571,G,Composite,,12/08/2025 07:00 AM,12/07/2025 07:00 AM,12/08/2025 07:00 AM,LS,12/11/2025,,Pass,6.38,Routine Surveillance,Harrison,ClarksburgWWTP-01,Sample,WWTP,12/11/2025 11:12 AM,Lakyn Sanders
J01-1003,G,Composite,,12/08/2025 07:40 AM,12/07/2025 07:40 AM,12/08/2025 07:40 AM,LS,12/11/2025,,Pass,0.095,Routine Surveillance,Preston,AlpineLakeWWTP-01,Sample,WWTP,12/11/2025 11:13 AM,Lakyn Sanders
D01-0619,G,Composite,,12/02/2025 07:00 AM,12/01/2025 07:00 AM,12/02/2025 07:00 AM,LS,12/11/2025,,Pass,1.16,Routine Surveillance,Jefferson,CharlesTownWWTP-01,Sample,WWTP,12/11/2025 11:15 AM,Lakyn Sanders
P01-1004,G,Composite,,12/08/2025 07:40 AM,12/07/2025 07:00 AM,12/08/2025 07:00 AM,LS,12/11/2025,,Pass,0.202,Routine Surveillance,Pleasants,StMarysWWTP-01,Sample,WWTP,12/11/2025 11:16 AM,Lakyn Sanders
G01-0652,G,Composite,,12/08/2025 08:30 AM,12/07/2025 09:00 AM,12/08/2025 08:00 AM,LS,12/11/2025,,Pass,0.714,Routine Surveillance,Mineral,KeyserWWTP-01,Sample,WWTP,12/11/2025 11:18 AM,Lakyn Sanders
A04-0575,G,Composite,,12/08/2025 12:00 AM,12/07/2025 12:00 AM,12/08/2025 12:00 AM,LS,12/11/2025,,Pass,0.701,Routine Surveillance,Monongalia,CheatLakeWWTP-01,Sample,WWTP,12/11/2025 11:19 AM,Lakyn Sanders
A01-1429,G,Composite,,12/11/2025 12:00 AM,12/10/2025 12:00 AM,12/11/2025 12:00 AM,LS,12/18/2025,,Pass,12.0,Routine Surveillance,Monongalia,StarCityWWTP-01,Sample,WWTP,12/18/2025 10:43 AM,Lakyn Sanders
A01-1432,G,Composite,,12/12/2025 12:00 AM,12/11/2025 12:00 AM,12/12/2025 12:00 AM,LS,12/18/2025,,Pass,11.7,Routine Surveillance,Monongalia,StarCityWWTP-01,Sample,WWTP,12/18/2025 10:44 AM,Lakyn Sanders
A01-1434,G,Composite,,12/14/2025 12:00 AM,12/13/2025 12:00 AM,12/14/2025 12:00 AM,LS,12/18/2025,,Pass,9.2,Routine Surveillance,Monongalia,StarCityWWTP-01,Sample,WWTP,12/18/2025 10:45 AM,Lakyn Sanders
A01-1435,G,Composite,,12/15/2025 12:00 AM,12/14/2025 12:00 AM,12/15/2025 12:00 AM,LS,12/18/2025,,Pass,9.7,Routine Surveillance,Monongalia,StarCityWWTP-01,Sample,WWTP,12/18/2025 10:46 AM,Lakyn Sanders
A01-1433,G,Composite,,12/16/2025 12:00 AM,12/15/2025 12:00 AM,12/16/2025 12:00 AM,LS,12/18/2025,,Pass,9.6,Routine Surveillance,Monongalia,StarCityWWTP-01,Sample,WWTP,12/18/2025 10:47 AM,Lakyn Sanders
A01-1430,G,Composite,,12/17/2025 12:00 AM,12/16/2025 12:00 AM,12/17/2025 12:00 AM,LS,12/18/2025,,Pass,10.1,Routine Surveillance,Monongalia,StarCityWWTP-01,Sample,WWTP,12/18/2025 10:47 AM,Lakyn Sanders
C01-1136,G,Composite,,12/09/2025 08:00 AM,12/08/2025 08:00 AM,12/09/2025 08:00 AM,LS,12/18/2025,,Pass,7.5,Routine Surveillance,Ohio,WheelingWWTP-01,Sample,WWTP,12/18/2025 10:49 AM,Lakyn Sanders
C01-1137,G,Composite,,12/10/2025 08:00 AM,12/09/2025 08:00 AM,12/10/2025 08:00 AM,LS,12/18/2025,,Pass,8.0,Routine Surveillance,Ohio,WheelingWWTP-01,Sample,WWTP,12/18/2025 10:50 AM,Lakyn Sanders
C01-1138,G,Composite,,12/11/2025 08:00 AM,12/10/2025 08:00 AM,12/11/2025 08:00 AM,LS,12/18/2025,,Pass,10.8,Routine Surveillance,Ohio,WheelingWWTP-01,Sample,WWTP,12/18/2025 10:51 AM,Lakyn Sanders
C01-1139,G,Composite,,12/12/2025 08:00 AM,12/11/2025 08:00 AM,12/12/2025 08:00 AM,LS,12/18/2025,,Pass,8.8,Routine Surveillance,Ohio,WheelingWWTP-01,Sample,WWTP,12/18/2025 10:52 AM,Lakyn Sanders
C01-1140,G,Composite,,12/15/2025 08:00 AM,12/14/2025 08:00 AM,12/15/2025 08:00 AM,LS,12/18/2025,,Pass,7.3,Routine Surveillance,Ohio,WheelingWWTP-01,Sample,WWTP,12/18/2025 10:52 AM,Lakyn Sanders
H01-1011,G,Composite,,12/15/2025 08:00 AM,12/14/2025 08:00 AM,12/15/2025 08:00 AM,LS,12/18/2025,,Pass,1.2,Routine Surveillance,Marshall,MoundsvilleWWTP-01,Sample,WWTP,12/18/2025 10:54 AM,Lakyn Sanders
K01-0548,G,Composite,,12/16/2025 06:30 AM,12/15/2025 06:38 AM,12/16/2025 06:30 AM,LS,12/18/2025,,Pass,4.999,Routine Surveillance,Wood,ParkersburgWWTP-01,Sample,WWTP,12/18/2025 10:56 AM,Lakyn Sanders
U01-1001,G,Composite,,12/15/2025 12:40 PM,12/14/2025 12:00 PM,12/15/2025 12:40 PM,LS,12/18/2025,,Pass,0.441,Routine Surveillance,Fayette,WhiteOakWWTP-01,Sample,WWTP,12/18/2025 10:58 AM,Lakyn Sanders
D01-1003,G,Composite,,12/16/2025 07:00 AM,12/15/2025 07:00 AM,12/16/2025 07:00 AM,LS,12/18/2025,,Pass,1.22,Routine Surveillance,Jefferson,CharlesTownWWTP-01,Sample,WWTP,12/18/2025 10:59 AM,Lakyn Sanders
Q01-1004,G,Composite,,12/16/2025 12:00 AM,12/11/2025 12:00 AM,12/15/2025 12:00 AM,LS,12/18/2025,,Pass,0.40,Routine Surveillance,Boone,MadisonWWTP-01,Sample,WWTP,12/18/2025 11:01 AM,Lakyn Sanders
T01-0423,G,Composite,,12/15/2025 08:30 AM,12/14/2025 08:30 AM,12/15/2025 08:30 AM,LS,12/18/2025,,Pass,0.15,Routine Surveillance,Mason,PointPleasantWWTP-01,Sample,WWTP,12/18/2025 11:02 AM,Lakyn Sanders
T01-0418,G,Composite,,12/09/2025 08:00 AM,12/08/2025 08:00 AM,12/09/2025 08:00 AM,LS,12/18/2025,,Pass,0.21,Routine Surveillance,Mason,PointPleasantWWTP-01,Sample,WWTP,12/18/2025 11:03 AM,Lakyn Sanders
J01-1004,G,Composite,,12/15/2025 07:30 AM,12/14/2025 07:30 AM,12/15/2025 07:30 AM,LS,12/18/2025,,Pass,0.078,Routine Surveillance,Preston,AlpineLakeWWTP-01,Sample,WWTP,12/18/2025 11:05 AM,Lakyn Sanders
R02-1004,G,Composite,,12/15/2025 08:00 AM,12/14/2025 08:00 AM,12/15/2025 08:00 AM,LS,12/18/2025,,Pass,2.15,Routine Surveillance,Randolph,ElkinsWWTP-01,Sample,WWTP,12/18/2025 11:06 AM,Lakyn Sanders
G01-0654,G,Composite,,12/15/2025 08:00 AM,12/14/2025 08:00 AM,12/15/2025 08:00 AM,LS,12/18/2025,,Pass,0.6906,Routine Surveillance,Mineral,KeyserWWTP-01,Sample,WWTP,12/18/2025 11:07 AM,Lakyn Sanders
F01-1001,G,Composite,,12/09/2025 12:00 AM,12/08/2025 12:00 AM,12/09/2025 12:00 AM,LS,12/18/2025,,Pass,1.2,Routine Surveillance,Lewis,WestonWWTP-01,Sample,WWTP,12/18/2025 11:09 AM,Lakyn Sanders
L01-1001,G,Composite,,12/17/2025 08:40 AM,12/14/2025 07:00 AM,12/15/2025 07:00 AM,LS,12/18/2025,,Pass,0.251,Routine Surveillance,Doddridge,WestUnionWWTP-01,Sample,WWTP,12/18/2025 11:12 AM,Lakyn Sanders
P01-1005,G,Composite,,12/17/2025 08:00 AM,12/14/2025 07:00 AM,12/15/2025 07:00 AM,LS,12/18/2025,,Pass,0.207,Routine Surveillance,Pleasants,StMarysWWTP-01,Sample,WWTP,12/18/2025 11:14 AM,Lakyn Sanders
N02-0590,G,Composite,,12/15/2025 07:00 AM,12/14/2025 07:00 AM,12/15/2025 07:00 AM,LS,12/18/2025,,Pass,5.83,Routine Surveillance,Harrison,ClarksburgWWTP-01,Sample,WWTP,12/18/2025 11:15 AM,Lakyn Sanders
O01-0576,G,Composite,,12/15/2025 08:00 AM,12/14/2025 08:00 AM,12/15/2025 08:00 AM,LS,12/18/2025,,Pass,1.05,Routine Surveillance,Taylor,GraftonWWTP-01,Sample,WWTP,12/18/2025 11:16 AM,Lakyn Sanders
A04-0551,G,Composite,,12/15/2025 12:00 AM,12/14/2025 12:00 AM,12/15/2025 12:00 AM,LS,12/18/2025,,Pass,0.673,Routine Surveillance,Monongalia,CheatLakeWWTP-01,Sample,WWTP,12/18/2025 11:17 AM,Lakyn Sanders
M03-1002,G,Composite,,12/16/2025 08:00 AM,12/15/2025 07:00 AM,12/16/2025 08:00 AM,LS,12/18/2025,,Pass,0.187,Routine Surveillance,Marion,ManningtonWWTP-01,Sample,WWTP,12/18/2025 11:18 AM,Lakyn Sanders
A01-1431,G,Composite,,12/16/2025 12:00 AM,12/16/2025 12:00 AM,12/17/2025 12:00 AM,LS,01/08/2026,,Pass,13.3,Routine Surveillance,Monongalia,StarCityWWTP-01,Sample,WWTP,01/08/2026 10:43 AM,Lakyn Sanders
A01-1436,G,Composite,,12/18/2025 12:00 AM,12/17/2025 12:00 AM,12/18/2025 12:00 AM,LS,01/08/2026,,Pass,11.6,Routine Surveillance,Monongalia,StarCityWWTP-01,Sample,WWTP,01/08/2026 10:44 AM,Lakyn Sanders
A01-1438,G,Composite,,11/22/2025 12:00 AM,12/20/2025 12:00 AM,12/21/2025 12:00 AM,LS,01/08/2026,,Pass,9.9,Routine Surveillance,Monongalia,StarCityWWTP-01,Sample,WWTP,01/08/2026 10:46 AM,Lakyn Sanders
A01-1437,G,Composite,,12/22/2025 12:00 AM,12/19/2025 12:00 AM,12/20/2025 12:00 AM,LS,01/08/2026,,Pass,11.1,Routine Surveillance,Monongalia,StarCityWWTP-01,Sample,WWTP,01/08/2026 10:48 AM,Lakyn Sanders
A01-1439,G,Composite,,12/22/2025 12:00 AM,12/21/2025 12:00 AM,12/22/2025 12:00 AM,LS,01/08/2026,,Pass,9.4,Routine Surveillance,Monongalia,StarCityWWTP-01,Sample,WWTP,01/08/2026 10:49 AM,Lakyn Sanders
A01-1440,G,Composite,,12/23/2025 12:00 AM,12/22/2025 12:00 AM,12/23/2025 12:00 AM,LS,01/08/2026,,Pass,10.6,Routine Surveillance,Monongalia,StarCityWWTP-01,Sample,WWTP,01/08/2026 10:50 AM,Lakyn Sanders
A01-1441,G,Composite,,12/25/2025 12:00 AM,12/23/2025 12:00 AM,12/24/2025 12:00 AM,LS,01/08/2026,,Pass,9.0,Routine Surveillance,Monongalia,StarCityWWTP-01,Sample,WWTP,01/08/2026 10:51 AM,Lakyn Sanders
A01-1442,G,Composite,,12/25/2025 12:00 AM,12/24/2025 12:00 AM,12/25/2025 12:00 AM,LS,01/08/2026,,Pass,10.7,Routine Surveillance,Monongalia,StarCityWWTP-01,Sample,WWTP,01/08/2026 10:52 AM,Lakyn Sanders
A01-1443,G,Composite,,12/27/2025 12:00 AM,12/26/2025 12:00 AM,12/27/2025 12:00 AM,LS,01/08/2026,,Pass,8.7,Routine Surveillance,Monongalia,StarCityWWTP-01,Sample,WWTP,01/08/2026 10:53 AM,Lakyn Sanders
A01-1444,G,Composite,,12/28/2025 12:00 AM,12/27/2025 12:00 AM,12/28/2025 12:00 AM,LS,01/08/2026,,Pass,9.2,Routine Surveillance,Monongalia,StarCityWWTP-01,Sample,WWTP,01/08/2026 10:54 AM,Lakyn Sanders
A01-1445,G,Composite,,12/29/2025 12:00 AM,12/28/2025 12:00 AM,12/29/2025 12:00 AM,LS,01/08/2026,,Pass,11.7,Routine Surveillance,Monongalia,StarCityWWTP-01,Sample,WWTP,01/08/2026 10:55 AM,Lakyn Sanders
A01-1446,G,Composite,,12/30/2025 12:00 AM,12/29/2025 12:00 AM,12/30/2025 12:00 AM,LS,01/08/2026,,Pass,9.8,Routine Surveillance,Monongalia,StarCityWWTP-01,Sample,WWTP,01/08/2026 10:56 AM,Lakyn Sanders
A01-1447,G,Composite,,01/01/2026 12:00 AM,12/30/2025 12:00 AM,12/31/2025 12:00 AM,LS,01/08/2026,,Pass,9.2,Routine Surveillance,Monongalia,StarCityWWTP-01,Sample,WWTP,01/08/2026 10:57 AM,Lakyn Sanders
A01-1448,G,Composite,,01/02/2026 12:00 AM,12/31/2025 12:00 AM,01/01/2026 12:00 AM,LS,01/08/2026,,Pass,8.8,Routine Surveillance,Monongalia,StarCityWWTP-01,Sample,WWTP,01/08/2026 10:59 AM,Lakyn Sanders
A01-1449,G,Composite,,01/03/2026 12:00 AM,01/02/2026 12:00 AM,01/03/2026 12:00 AM,LS,01/08/2026,,Pass,8.3,Routine Surveillance,Monongalia,StarCityWWTP-01,Sample,WWTP,01/08/2026 10:59 AM,Lakyn Sanders
A01-1450,G,Composite,,01/04/2026 12:00 AM,01/03/2026 12:00 AM,01/04/2026 12:00 AM,LS,01/08/2026,,Pass,8.6,Routine Surveillance,Monongalia,StarCityWWTP-01,Sample,WWTP,01/08/2026 11:00 AM,Lakyn Sanders
C01-1141,G,Composite,,12/16/2025 08:00 AM,12/15/2025 08:00 AM,12/16/2025 08:00 AM,LS,01/08/2026,,Pass,7.5,Routine Surveillance,Ohio,WheelingWWTP-01,Sample,WWTP,01/08/2026 11:07 AM,Lakyn Sanders
C01-1142,G,Composite,,12/17/2025 08:00 AM,12/16/2025 08:00 AM,12/17/2025 08:00 AM,LS,01/08/2026,,Pass,8.4,Routine Surveillance,Ohio,WheelingWWTP-01,Sample,WWTP,01/08/2026 11:08 AM,Lakyn Sanders
C01-1143,G,Composite,,12/18/2025 08:00 AM,12/17/2025 08:00 AM,12/18/2025 08:00 AM,LS,01/08/2026,,Pass,9.3,Routine Surveillance,Ohio,WheelingWWTP-01,Sample,WWTP,01/08/2026 11:09 AM,Lakyn Sanders
C01-1144,G,Composite,,12/19/2025 08:00 AM,12/18/2025 08:00 AM,12/19/2025 08:00 AM,LS,01/08/2026,,Pass,8.8,Routine Surveillance,Ohio,WheelingWWTP-01,Sample,WWTP,01/08/2026 11:10 AM,Lakyn Sanders
C01-1145,G,Composite,,12/22/2025 08:00 AM,12/21/2025 08:00 AM,12/22/2025 08:00 AM,LS,01/08/2026,,Pass,7.8,Routine Surveillance,Ohio,WheelingWWTP-01,Sample,WWTP,01/08/2026 11:11 AM,Lakyn Sanders
C01-1146,G,Composite,,12/24/2025 08:00 AM,12/23/2025 08:00 AM,12/24/2025 08:00 AM,LS,01/08/2026,,Pass,7.0,Routine Surveillance,Ohio,WheelingWWTP-01,Sample,WWTP,01/08/2026 11:12 AM,Lakyn Sanders
C01-1147,G,Composite,,12/23/2025 08:00 AM,12/22/2025 08:00 AM,12/23/2025 08:00 AM,LS,01/08/2026,,Pass,6.9,Routine Surveillance,Ohio,WheelingWWTP-01,Sample,WWTP,01/08/2026 11:13 AM,Lakyn Sanders
C01-1148,G,Composite,,12/29/2025 08:00 AM,12/28/2025 08:00 AM,12/29/2025 08:00 AM,LS,01/08/2026,,Pass,8.1,Routine Surveillance,Ohio,WheelingWWTP-01,Sample,WWTP,01/08/2026 11:14 AM,Lakyn Sanders
C01-1149,G,Composite,,12/30/2025 08:00 AM,12/29/2025 08:00 AM,12/30/2025 08:00 AM,LS,01/08/2026,,Pass,7.8,Routine Surveillance,Ohio,WheelingWWTP-01,Sample,WWTP,01/08/2026 11:19 AM,Lakyn Sanders
C01-1150,G,Composite,,12/25/2025 08:00 AM,12/24/2025 08:00 AM,12/25/2025 08:00 AM,LS,01/08/2026,,Pass,6.7,Routine Surveillance,Ohio,WheelingWWTP-01,Sample,WWTP,01/08/2026 11:20 AM,Lakyn Sanders
C01-1151,G,Composite,,01/02/2026 08:00 AM,01/01/2026 08:00 AM,01/02/2026 08:00 AM,LS,01/08/2026,,Pass,6.8,Routine Surveillance,Ohio,WheelingWWTP-01,Sample,WWTP,01/08/2026 11:21 AM,Lakyn Sanders
C01-1152,G,Composite,,01/01/2026 08:00 AM,12/31/2025 08:00 AM,01/01/2026 08:00 AM,LS,01/08/2026,,Pass,7.7,Routine Surveillance,Ohio,WheelingWWTP-01,Sample,WWTP,01/08/2026 11:22 AM,Lakyn Sanders
C01-1155,G,Composite,,12/31/2025 08:00 AM,12/30/2025 08:00 AM,12/31/2025 08:00 AM,LS,01/08/2026,,Pass,8.5,Routine Surveillance,Ohio,WheelingWWTP-01,Sample,WWTP,01/08/2026 11:22 AM,Lakyn Sanders
C01-1156,G,Composite,,01/05/2026 08:00 AM,01/04/2026 08:00 AM,01/05/2026 08:00 AM,LS,01/08/2026,,Pass,7.1,Routine Surveillance,Ohio,WheelingWWTP-01,Sample,WWTP,01/08/2026 11:23 AM,Lakyn Sanders
C01-1157,G,Composite,,12/26/2025 08:00 AM,12/25/2025 08:00 AM,12/26/2025 08:00 AM,LS,01/08/2026,,Pass,8.5,Routine Surveillance,Ohio,WheelingWWTP-01,Sample,WWTP,01/08/2026 11:24 AM,Lakyn Sanders
M04-0426,G,Composite,,01/05/2026 09:00 AM,01/04/2026 09:00 AM,01/05/2026 09:00 AM,LS,01/08/2026,,Pass,0.078,Routine Surveillance,Marion,FarmingtonWWTP-01,Sample,WWTP,01/08/2026 11:26 AM,Lakyn Sanders
M03-1003,G,Composite,,01/05/2026 08:00 AM,,01/04/2026 08:00 AM,LS,01/08/2026,,Pass,0.173,Routine Surveillance,Marion,ManningtonWWTP-01,Sample,WWTP,01/12/2026 09:56 AM,Lakyn Sanders
M03-1004,G,,,12/22/2025 08:30 AM,12/21/2025 08:30 AM,12/22/2025 08:30 AM,LS,01/08/2026,,Pass,0.299,Routine Surveillance,Marion,ManningtonWWTP-01,Sample,WWTP,01/12/2026 09:57 AM,Lakyn Sanders
M04-0432,G,,,12/22/2025 08:15 AM,12/21/2025 08:00 AM,12/22/2025 08:00 AM,LS,01/08/2026,,Pass,0.204,Routine Surveillance,Marion,FarmingtonWWTP-01,Sample,WWTP,01/12/2026 09:59 AM,Lakyn Sanders
O01-0573,G,Composite,,12/23/2025 08:00 AM,12/22/2025 08:00 AM,12/23/2025 08:00 AM,LS,01/08/2026,,Pass,1.56,Routine Surveillance,Taylor,GraftonWWTP-01,Sample,WWTP,01/12/2026 10:00 AM,Lakyn Sanders
N02-0594,G,Composite,,12/29/2025 07:00 AM,12/28/2025 07:00 AM,12/29/2025 07:00 AM,LS,01/08/2026,,Pass,11.12,Routine Surveillance,Harrison,ClarksburgWWTP-01,Sample,WWTP,01/12/2026 10:01 AM,Lakyn Sanders
N02-0586,G,Composite,,12/22/2025 07:00 AM,12/21/2025 07:00 AM,12/22/2025 07:00 AM,LS,01/08/2026,,Pass,10.038,Routine Surveillance,Harrison,ClarksburgWWTP-01,Sample,WWTP,01/12/2026 10:02 AM,Lakyn Sanders
L01-1002,G,Composite,,01/06/2026 07:00 AM,01/04/2026 07:00 AM,01/05/2026 07:00 AM,LS,01/08/2026,,Pass,0.256,Routine Surveillance,Doddridge,WestUnionWWTP-01,Sample,WWTP,01/12/2026 10:04 AM,Lakyn Sanders
J01-1005,G,Composite,,12/29/2025 07:30 AM,12/28/2025 07:30 AM,12/29/2025 07:30 AM,LS,01/08/2026,,Pass,0.196,Routine Surveillance,Preston,AlpineLakeWWTP-01,Sample,WWTP,01/12/2026 10:05 AM,Lakyn Sanders
K01-0465,G,Composite,,12/23/2025 06:30 AM,12/22/2025 06:30 AM,12/23/2025 06:30 AM,LS,01/08/2026,,Pass,5.085,Routine Surveillance,Wood,ParkersburgWWTP-01,Sample,WWTP,01/12/2026 10:07 AM,Lakyn Sanders
K01-0545,G,Composite,,12/30/2025 06:30 AM,12/29/2025 06:30 AM,12/30/2025 06:30 AM,LS,01/08/2026,,Pass,6.60,Routine Surveillance,Wood,ParkersburgWWTP-01,Sample,WWTP,01/12/2026 10:08 AM,Lakyn Sanders
K01-0549,G,Composite,,01/06/2026 06:30 AM,01/05/2026 06:30 AM,01/06/2026 06:30 AM,LS,01/08/2026,,Pass,4.672,Routine Surveillance,Wood,ParkersburgWWTP-01,Sample,WWTP,01/12/2026 10:09 AM,Lakyn Sanders
J01-1006,G,Composite,,01/05/2026 07:30 AM,01/04/2026 07:30 AM,01/05/2026 07:30 AM,LS,01/08/2026,,Pass,0.112,Routine Surveillance,Preston,AlpineLakeWWTP-01,Sample,WWTP,01/12/2026 10:10 AM,Lakyn Sanders
Q01-1005,G,Composite,,12/27/2025 12:00 AM,12/26/2025 12:00 AM,12/27/2025 12:00 AM,LS,01/08/2026,,Pass,0.40,Routine Surveillance,Boone,MadisonWWTP-01,Sample,WWTP,01/12/2026 10:12 AM,Lakyn Sanders
H01-1012,G,Composite,,12/22/2025 08:00 AM,12/21/2025 08:00 AM,12/22/2025 08:00 AM,LS,01/08/2026,,Pass,1.4,Routine Surveillance,Marshall,MoundsvilleWWTP-01,Sample,WWTP,01/12/2026 10:15 AM,Lakyn Sanders
H01-1013,G,Composite,,12/29/2025 08:00 AM,12/28/2025 08:00 AM,12/29/2025 08:00 AM,LS,01/08/2026,,Pass,1.7,Routine Surveillance,Marshall,MoundsvilleWWTP-01,Sample,WWTP,01/12/2026 10:17 AM,Lakyn Sanders
T01-0417,G,Composite,,12/29/2025 08:30 AM,12/28/2025 08:30 AM,12/29/2025 08:30 AM,LS,01/08/2026,,Pass,0.53,Routine Surveillance,Mason,PointPleasantWWTP-01,Sample,WWTP,01/12/2026 10:18 AM,Lakyn Sanders
T01-0416,G,Composite,,12/22/2025 07:30 AM,12/21/2025 07:30 AM,12/22/2025 07:30 AM,LS,01/08/2026,,Pass,0.24,Routine Surveillance,Mason,PointPleasantWWTP-01,Sample,WWTP,01/12/2026 10:20 AM,Lakyn Sanders
J01-1007,G,Composite,,12/22/2025 07:30 AM,12/21/2025 07:30 AM,12/22/2025 07:30 AM,LS,01/08/2026,,Pass,0.177,Routine Surveillance,Preston,AlpineLakeWWTP-01,Sample,WWTP,01/12/2026 10:21 AM,Lakyn Sanders
Q01-1006,G,Composite,,01/05/2026 08:00 AM,01/04/2026 08:00 AM,01/05/2026 08:00 AM,LS,01/08/2026,,Pass,0.291,Routine Surveillance,Boone,MadisonWWTP-01,Sample,WWTP,01/12/2026 10:22 AM,Lakyn Sanders
Q01-1007,G,Composite,,12/29/2025 08:00 AM,12/21/2025 08:00 AM,12/29/2025 08:00 AM,LS,01/08/2026,,Fail: Missing Required Data,,Routine Surveillance,Boone,MadisonWWTP-01,Sample,WWTP,01/12/2026 10:23 AM,Lakyn Sanders
G01-1001,G,Composite,,01/05/2026 08:00 AM,01/04/2026 08:00 AM,01/05/2026 08:00 AM,LS,01/08/2026,,Pass,2.106,Routine Surveillance,Mineral,KeyserWWTP-01,Sample,WWTP,01/12/2026 10:26 AM,Lakyn Sanders
G01-0657,G,Composite,,12/22/2025 08:30 AM,12/21/2025 09:00 AM,12/22/2025 08:00 AM,LS,01/08/2026,,Pass,0.761,Routine Surveillance,Mineral,KeyserWWTP-01,Sample,WWTP,01/12/2026 10:28 AM,Lakyn Sanders
U01-1002,G,Composite,,12/29/2025 11:00 AM,12/28/2025 11:00 AM,12/29/2025 11:00 AM,LS,01/08/2026,,Pass,0.777,Routine Surveillance,Fayette,WhiteOakWWTP-01,Sample,WWTP,01/12/2026 10:29 AM,Lakyn Sanders
U01-1003,G,Composite,,01/05/2026 10:00 AM,01/04/2026 10:00 AM,01/05/2026 10:00 AM,LS,01/08/2026,,Pass,0.412,Routine Surveillance,Fayette,WhiteOakWWTP-01,Sample,WWTP,01/12/2026 10:30 AM,Lakyn Sanders
U01-1004,G,Composite,,12/22/2025 12:00 AM,12/21/2025 12:00 AM,12/22/2025 12:00 AM,LS,01/08/2026,,Pass,0.592,Routine Surveillance,Fayette,WhiteOakWWTP-01,Sample,WWTP,01/12/2026 10:31 AM,Lakyn Sanders
H01-1014,G,Composite,,01/05/2026 08:00 AM,01/04/2026 08:00 AM,01/05/2026 08:00 AM,LS,01/08/2026,,Pass,1.3,Routine Surveillance,Marshall,MoundsvilleWWTP-01,Sample,WWTP,01/12/2026 10:34 AM,Lakyn Sanders
O01-0572,G,Composite,,01/05/2026 08:00 AM,01/04/2026 08:00 AM,01/05/2026 08:00 AM,LS,01/08/2026,,Pass,1.01,Routine Surveillance,Taylor,GraftonWWTP-01,Sample,WWTP,01/12/2026 10:35 AM,Lakyn Sanders
N02-0578,G,Composite,,01/05/2026 07:00 AM,01/04/2026 07:00 AM,01/05/2026 07:00 AM,LS,01/08/2026,,Pass,7.13,Routine Surveillance,Harrison,ClarksburgWWTP-01,Sample,WWTP,01/12/2026 10:36 AM,Lakyn Sanders
A04-0600,G,Composite,,12/30/2025 12:00 AM,12/29/2025 12:00 AM,12/30/2025 12:00 AM,LS,01/08/2026,,Pass,0.784,Routine Surveillance,Monongalia,CheatLakeWWTP-01,Sample,WWTP,01/12/2026 10:37 AM,Lakyn Sanders
D01-0610,G,Composite,,12/23/2025 07:00 AM,12/22/2025 07:00 AM,12/23/2025 07:00 AM,LS,01/08/2026,,Pass,1.27,Routine Surveillance,Jefferson,CharlesTownWWTP-01,Sample,WWTP,01/12/2026 10:38 AM,Lakyn Sanders
D01-1004,G,Composite,,01/06/2026 07:00 AM,01/05/2026 07:00 AM,01/06/2026 07:00 AM,LS,01/08/2026,,Pass,1.20,Routine Surveillance,Jefferson,CharlesTownWWTP-01,Sample,WWTP,01/12/2026 10:39 AM,Lakyn Sanders
D01-1005,G,Composite,,12/30/2025 07:00 AM,12/29/2025 07:00 AM,12/30/2025 07:00 AM,LS,01/08/2026,,Pass,1.25,Routine Surveillance,Jefferson,CharlesTownWWTP-01,Sample,WWTP,01/12/2026 10:40 AM,Lakyn Sanders
O01-0574,G,Composite,,12/29/2025 08:00 AM,12/28/2025 08:00 AM,12/29/2025 08:00 AM,LS,01/08/2026,,Pass,1.32,Routine Surveillance,Taylor,GraftonWWTP-01,Sample,WWTP,01/12/2026 10:41 AM,Lakyn Sanders
F01-1002,G,Composite,,12/22/2025 12:00 AM,12/21/2025 12:00 AM,12/22/2025 12:00 AM,LS,01/08/2026,,Pass,1.4,Routine Surveillance,Lewis,WestonWWTP-01,Sample,WWTP,01/12/2026 10:42 AM,Lakyn Sanders
A01-1519,G,Composite,,03/17/2026 12:00 AM,03/16/2026 12:00 AM,03/17/2026 12:00 AM,LS,03/26/2026,,Pass,10.7,Routine Surveillance,Monongalia,StarCityWWTP-01,Sample,WWTP,03/26/2026 09:35 AM,Lakyn Sanders
A01-1520,G,Composite,,03/18/2026 12:00 AM,03/17/2026 12:00 AM,03/18/2026 12:00 AM,LS,03/26/2026,,Pass,9.9,Routine Surveillance,Monongalia,StarCityWWTP-01,Sample,WWTP,03/26/2026 09:36 AM,Lakyn Sanders
A01-1521,G,Composite,,03/19/2026 12:00 AM,03/18/2026 12:00 AM,03/19/2026 12:00 AM,LS,03/26/2026,,Pass,9.4,Routine Surveillance,Monongalia,StarCityWWTP-01,Sample,WWTP,03/26/2026 09:36 AM,Lakyn Sanders
A01-1522,G,Composite,,03/21/2026 12:00 AM,03/20/2026 12:00 AM,03/21/2026 12:00 AM,LS,03/26/2026,,Pass,8.8,Routine Surveillance,Monongalia,StarCityWWTP-01,Sample,WWTP,03/26/2026 09:37 AM,Lakyn Sanders
A01-1523,G,Composite,,03/22/2026 12:00 AM,03/21/2026 12:00 AM,03/22/2026 12:00 AM,LS,03/26/2026,,Pass,8.9,Routine Surveillance,Monongalia,StarCityWWTP-01,Sample,WWTP,03/26/2026 09:38 AM,Lakyn Sanders
A01-1524,G,Composite,,03/23/2026 12:00 AM,03/22/2026 12:00 AM,03/23/2026 12:00 AM,LS,03/26/2026,,Pass,14.7,Routine Surveillance,Monongalia,StarCityWWTP-01,Sample,WWTP,03/26/2026 09:39 AM,Lakyn Sanders
A01-1525,G,Composite,,03/24/2026 12:00 AM,03/23/2026 12:00 AM,03/24/2026 12:00 AM,LS,03/26/2026,,Pass,11.4,Routine Surveillance,Monongalia,StarCityWWTP-01,Sample,WWTP,03/26/2026 09:39 AM,Lakyn Sanders
C01-1264,G,Composite,,03/17/2026 08:00 AM,03/16/2026 08:00 AM,03/17/2026 08:00 AM,LS,03/26/2026,,Pass,19.8,Routine Surveillance,Ohio,WheelingWWTP-01,Sample,WWTP,03/26/2026 09:45 AM,Lakyn Sanders
C01-1265,G,Composite,,03/18/2026 08:00 AM,03/17/2026 08:00 AM,03/18/2026 08:00 AM,LS,03/26/2026,,Pass,12.1,Routine Surveillance,Ohio,WheelingWWTP-01,Sample,WWTP,03/26/2026 09:46 AM,Lakyn Sanders
C01-1266,G,Composite,,03/19/2026 08:00 AM,03/18/2026 08:00 AM,03/19/2026 08:00 AM,LS,03/26/2026,,Pass,12.2,Routine Surveillance,Ohio,WheelingWWTP-01,Sample,WWTP,03/26/2026 09:46 AM,Lakyn Sanders
C01-1267,G,Composite,,03/20/2026 08:00 AM,03/19/2026 08:00 AM,03/20/2026 08:00 AM,LS,03/26/2026,,Pass,10.7,Routine Surveillance,Ohio,WheelingWWTP-01,Sample,WWTP,03/26/2026 09:47 AM,Lakyn Sanders
C01-1268,G,Composite,,03/23/2026 08:00 AM,03/22/2026 08:00 AM,03/23/2026 08:00 AM,LS,03/26/2026,,Pass,10.2,Routine Surveillance,Ohio,WheelingWWTP-01,Sample,WWTP,03/26/2026 09:48 AM,Lakyn Sanders
G01-1005,G,Composite,,03/23/2026 08:00 AM,03/22/2026 08:00 AM,03/23/2026 08:00 AM,LS,03/26/2026,,Pass,1.0037,Routine Surveillance,Mineral,KeyserWWTP-01,Sample,WWTP,03/26/2026 09:50 AM,Lakyn Sanders
H01-1024,G,Composite,,03/23/2026 08:00 AM,03/22/2026 08:00 AM,03/23/2026 08:00 AM,LS,03/26/2026,,Pass,2.5,Routine Surveillance,Marshall,MoundsvilleWWTP-01,Sample,WWTP,03/26/2026 09:51 AM,Lakyn Sanders
U01-0170,G,Composite,,03/23/2026 09:30 AM,03/22/2026 09:30 AM,03/23/2026 09:30 AM,LS,03/26/2026,,Pass,0.735,Routine Surveillance,Fayette,WhiteOakWWTP-01,Sample,WWTP,03/26/2026 09:52 AM,Lakyn Sanders
W01-1005,G,Composite,,03/23/2026 11:00 AM,03/22/2026 11:00 AM,03/23/2026 11:00 AM,LS,03/26/2026,,Pass,0.86,Routine Surveillance,Nicholas,SummersvilleWWTP-01,Sample,WWTP,03/26/2026 09:53 AM,Lakyn Sanders
F01-1008,G,Composite,,03/23/2026 12:00 AM,03/22/2026 12:00 AM,03/23/2026 12:00 AM,LS,03/26/2026,,Pass,1.5,Routine Surveillance,Lewis,WestonWWTP-01,Sample,WWTP,03/26/2026 09:54 AM,Lakyn Sanders
D01-1016,G,Composite,,03/24/2026 07:00 AM,03/23/2026 07:00 AM,03/24/2026 07:00 AM,LS,03/26/2026,,Pass,1.33,Routine Surveillance,Jefferson,CharlesTownWWTP-01,Sample,WWTP,03/26/2026 09:55 AM,Lakyn Sanders
K01-0478,G,Composite,,03/24/2026 06:30 AM,03/23/2026 06:30 AM,03/24/2026 06:30 AM,LS,03/26/2026,,Pass,8.383,Routine Surveillance,Wood,ParkersburgWWTP-01,Sample,WWTP,03/26/2026 09:56 AM,Lakyn Sanders
P01-1012,G,Composite,,03/23/2026 07:00 AM,03/22/2026 07:00 AM,03/23/2026 07:00 AM,LS,03/26/2026,,Pass,0.324,Routine Surveillance,Pleasants,StMarysWWTP-01,Sample,WWTP,03/26/2026 09:58 AM,Lakyn Sanders
O01-1005,G,Composite,,03/23/2026 08:00 AM,03/22/2026 08:00 AM,03/23/2026 08:00 AM,LS,03/26/2026,,Pass,1.57,Routine Surveillance,Taylor,GraftonWWTP-01,Sample,WWTP,03/26/2026 09:59 AM,Lakyn Sanders
N03-1001,G,Composite,,03/23/2026 07:00 AM,03/22/2026 07:00 AM,03/23/2026 07:00 AM,LS,03/26/2026,,Pass,0.970080,Routine Surveillance,Harrison,SalemWWTP-01,Sample,WWTP,03/26/2026 10:02 AM,Lakyn Sanders
L01-1010,G,Composite,,03/23/2026 08:00 AM,03/22/2026 08:00 AM,03/23/2026 08:00 AM,LS,03/26/2026,,Pass,.300,Routine Surveillance,Doddridge,WestUnionWWTP-01,Sample,WWTP,03/26/2026 10:04 AM,Lakyn Sanders
M04-1002,G,Composite,,03/23/2026 08:30 AM,03/22/2026 08:30 AM,03/23/2026 08:30 AM,LS,03/26/2026,,Pass,0.075,Routine Surveillance,Marion,FarmingtonWWTP-01,Sample,WWTP,03/26/2026 10:05 AM,Lakyn Sanders
N02-1003,G,Composite,,03/23/2026 07:00 AM,03/22/2026 07:00 AM,03/23/2026 07:00 AM,LS,03/26/2026,,Pass,8.13,Routine Surveillance,Harrison,ClarksburgWWTP-01,Sample,WWTP,03/26/2026 10:06 AM,Lakyn Sanders
M04-1003,G,Composite,,03/23/2026 08:00 AM,03/22/2026 08:00 AM,03/23/2026 08:00 AM,LS,03/26/2026,,Pass,0.206,Routine Surveillance,Marion,FarmingtonWWTP-01,Sample,WWTP,03/26/2026 10:07 AM,Lakyn Sanders
J01-1017,G,Composite,,03/16/2026 07:30 AM,03/15/2026 07:30 AM,03/16/2026 07:30 AM,LS,03/26/2026,,Pass,0.192,Routine Surveillance,Preston,AlpineLakeWWTP-01,Sample,WWTP,03/26/2026 10:09 AM,Lakyn Sanders
Q01-1017,G,Composite,,03/16/2026 08:00 AM,03/11/2026 08:00 AM,03/16/2026 08:00 AM,LS,03/26/2026,,Pass,0.417,Routine Surveillance,Boone,MadisonWWTP-01,Sample,WWTP,03/26/2026 10:10 AM,Lakyn Sanders
R02-1018,G,Composite,,03/23/2026 08:00 AM,03/22/2026 08:00 AM,03/23/2026 08:00 AM,LS,03/26/2026,,Pass,8.10,Routine Surveillance,Randolph,ElkinsWWTP-01,Sample,WWTP,03/26/2026 10:12 AM,Lakyn Sanders
A01-1526,G,Composite,,03/25/2026 12:00 AM,03/24/2026 12:00 AM,03/25/2026 12:00 AM,LS,04/02/2026,,Pass,10.5,Routine Surveillance,Monongalia,StarCityWWTP-01,Sample,WWTP,04/02/2026 10:30 AM,Lakyn Sanders
A01-1527,G,Composite,,03/26/2026 12:00 AM,03/25/2026 12:00 AM,03/26/2026 12:00 AM,LS,04/02/2026,,Pass,10.2,Routine Surveillance,Monongalia,StarCityWWTP-01,Sample,WWTP,04/02/2026 10:30 AM,Lakyn Sanders
A01-1528,G,Composite,,03/28/2026 12:00 AM,03/27/2026 12:00 AM,03/28/2026 12:00 AM,LS,04/02/2026,,Pass,14.7,Routine Surveillance,Monongalia,StarCityWWTP-01,Sample,WWTP,04/02/2026 10:31 AM,Lakyn Sanders
A01-1529,G,Composite,,03/29/2026 12:00 AM,03/28/2026 12:00 AM,03/29/2026 12:00 AM,LS,04/02/2026,,Pass,11.9,Routine Surveillance,Monongalia,StarCityWWTP-01,Sample,WWTP,04/02/2026 10:32 AM,Lakyn Sanders
A01-1530,G,Composite,,03/30/2026 12:00 AM,03/29/2026 12:00 AM,03/30/2026 12:00 AM,LS,04/02/2026,,Pass,11.7,Routine Surveillance,Monongalia,StarCityWWTP-01,Sample,WWTP,04/02/2026 10:32 AM,Lakyn Sanders
A01-1531,G,Composite,,03/31/2026 12:00 AM,03/30/2026 12:00 AM,03/31/2026 12:00 AM,LS,04/02/2026,,Pass,10.9,Routine Surveillance,Monongalia,StarCityWWTP-01,Sample,WWTP,04/02/2026 10:33 AM,Lakyn Sanders
C01-1269,G,Composite,,03/24/2026 08:00 AM,03/23/2026 08:00 AM,03/24/2026 08:00 AM,LS,04/02/2026,,Pass,18.1,Routine Surveillance,Ohio,WheelingWWTP-01,Sample,WWTP,04/02/2026 10:36 AM,Lakyn Sanders
C01-1270,G,Composite,,03/25/2026 08:00 AM,03/24/2026 08:00 AM,03/25/2026 08:00 AM,LS,04/02/2026,,Pass,12.0,Routine Surveillance,Ohio,WheelingWWTP-01,Sample,WWTP,04/02/2026 10:37 AM,Lakyn Sanders
C01-1271,G,Composite,,03/26/2026 08:00 AM,03/25/2026 08:00 AM,03/26/2026 08:00 AM,LS,04/02/2026,,Pass,10.9,Routine Surveillance,Ohio,WheelingWWTP-01,Sample,WWTP,04/02/2026 10:38 AM,Lakyn Sanders
C01-1272,G,Composite,,03/27/2026 08:00 AM,03/26/2026 08:00 AM,03/27/2026 08:00 AM,LS,04/02/2026,,Pass,17.3,Routine Surveillance,Ohio,WheelingWWTP-01,Sample,WWTP,04/02/2026 10:39 AM,Lakyn Sanders
C01-1273,G,Composite,,03/30/2026 08:00 AM,03/29/2026 08:00 AM,03/30/2026 08:00 AM,LS,04/02/2026,,Pass,15.5,Routine Surveillance,Ohio,WheelingWWTP-01,Sample,WWTP,04/02/2026 10:40 AM,Lakyn Sanders
F01-1009,G,Composite,,03/30/2026 12:00 AM,03/29/2026 12:00 AM,03/30/2026 12:00 AM,LS,04/02/2026,,Pass,1.6,Routine Surveillance,Lewis,WestonWWTP-01,Sample,WWTP,04/02/2026 10:41 AM,Lakyn Sanders
K01-0482,G,Composite,,03/31/2026 06:30 AM,03/30/2026 06:30 AM,03/31/2026 06:30 AM,LS,04/02/2026,,Pass,5.444,Routine Surveillance,Wood,ParkersburgWWTP-01,Sample,WWTP,04/02/2026 10:42 AM,Lakyn Sanders
Q01-1018,G,Composite,,03/23/2026 08:00 AM,03/18/2026 08:00 AM,03/23/2026 08:00 AM,LS,04/02/2026,,Pass,0.445,Routine Surveillance,Boone,MadisonWWTP-01,Sample,WWTP,04/02/2026 10:43 AM,Lakyn Sanders
T01-0301,G,Composite,,03/23/2026 01:00 PM,03/22/2026 01:00 PM,03/23/2026 01:00 PM,LS,04/02/2026,,Pass,0.34,Routine Surveillance,Mason,PointPleasantWWTP-01,Sample,WWTP,04/02/2026 10:44 AM,Lakyn Sanders
T01-0302,G,Composite,,03/30/2026 10:00 AM,03/29/2026 10:00 AM,03/30/2026 10:00 AM,LS,04/02/2026,,Pass,0.65,Routine Surveillance,Mason,PointPleasantWWTP-01,Sample,WWTP,04/02/2026 10:45 AM,Lakyn Sanders
W01-1006,G,Composite,,03/30/2026 11:00 AM,03/29/2026 11:00 AM,03/30/2026 11:00 AM,LS,04/02/2026,,Pass,0.63,Routine Surveillance,Nicholas,SummersvilleWWTP-01,Sample,WWTP,04/02/2026 10:46 AM,Lakyn Sanders
W02-1000,G,Composite,,03/30/2026 08:00 AM,03/29/2026 08:00 AM,03/30/2026 08:00 AM,LS,04/02/2026,,Pass,0.190,Routine Surveillance,Nicholas,CraigsvilleWWTP-01,Sample,WWTP,04/02/2026 10:48 AM,Lakyn Sanders
L01-1011,G,Composite,,03/30/2026 07:00 AM,03/29/2026 07:00 AM,03/30/2026 07:00 AM,LS,04/02/2026,,Pass,0.312,Routine Surveillance,Doddridge,WestUnionWWTP-01,Sample,WWTP,04/02/2026 10:50 AM,Lakyn Sanders
H01-1025,G,Composite,,03/30/2026 08:00 AM,03/29/2026 08:00 AM,03/30/2026 08:00 AM,LS,04/02/2026,,Pass,3.0,Routine Surveillance,Marshall,MoundsvilleWWTP-01,Sample,WWTP,04/02/2026 10:51 AM,Lakyn Sanders
U01-0169,G,Composite,,03/30/2026 09:00 AM,03/29/2026 09:00 AM,03/30/2026 09:00 AM,LS,04/02/2026,,Pass,0.45,Routine Surveillance,Fayette,WhiteOakWWTP-01,Sample,WWTP,04/02/2026 10:52 AM,Lakyn Sanders
G01-1006,G,Composite,,03/30/2026 08:20 AM,03/29/2026 08:00 AM,03/30/2026 08:20 AM,LS,04/02/2026,,Pass,1.097,Routine Surveillance,Mineral,KeyserWWTP-01,Sample,WWTP,04/02/2026 10:54 AM,Lakyn Sanders
Q01-1019,G,Composite,,03/30/2026 08:00 AM,03/25/2026 08:00 AM,03/30/2026 08:00 AM,LS,04/02/2026,,Pass,0.308,Routine Surveillance,Boone,MadisonWWTP-01,Sample,WWTP,04/02/2026 10:55 AM,Lakyn Sanders
J01-1018,G,Composite,,03/30/2026 07:30 AM,03/29/2026 07:30 AM,03/30/2026 07:30 AM,LS,04/02/2026,,Pass,0.178,Routine Surveillance,Preston,AlpineLakeWWTP-01,Sample,WWTP,04/02/2026 10:56 AM,Lakyn Sanders
R02-1019,G,Composite,,03/30/2026 08:00 AM,03/29/2026 08:00 AM,03/30/2026 08:00 AM,LS,04/02/2026,,Pass,2.21,Routine Surveillance,Randolph,ElkinsWWTP-01,Sample,WWTP,04/02/2026 10:58 AM,Lakyn Sanders
N03-1002,G,Composite,,03/30/2026 07:00 AM,03/29/2026 07:00 AM,03/30/2026 07:00 AM,LS,04/02/2026,,Pass,0.567360,Routine Surveillance,Harrison,SalemWWTP-01,Sample,WWTP,04/02/2026 11:01 AM,Lakyn Sanders
N02-1004,G,Composite,,03/30/2026 07:00 AM,03/29/2026 07:00 AM,03/30/2026 07:00 AM,LS,04/02/2026,,Pass,11.86,Routine Surveillance,Harrison,ClarksburgWWTP-01,Sample,WWTP,04/02/2026 11:02 AM,Lakyn Sanders
O01-1006,G,Composite,,03/30/2026 08:00 AM,03/29/2026 08:00 AM,03/30/2026 08:00 AM,LS,04/02/2026,,Pass,1.75,Routine Surveillance,Taylor,GraftonWWTP-01,Sample,WWTP,04/02/2026 11:03 AM,Lakyn Sanders
M04-1004,G,Composite,,03/30/2026 08:30 AM,03/29/2026 08:30 AM,03/30/2026 08:30 AM,LS,04/02/2026,,Pass,0.099,Routine Surveillance,Marion,FarmingtonWWTP-01,Sample,WWTP,04/02/2026 11:04 AM,Lakyn Sanders
A04-0589,G,Composite,,03/24/2026 12:00 AM,03/23/2026 12:00 AM,03/24/2026 12:00 AM,LS,04/02/2026,,Pass,1.047,Routine Surveillance,Monongalia,CheatLakeWWTP-01,Sample,WWTP,04/02/2026 11:05 AM,Lakyn Sanders
A04-0588,G,Composite,,03/30/2026 12:00 AM,03/29/2026 12:00 AM,03/30/2026 12:00 AM,LS,04/02/2026,,Pass,0.811,Routine Surveillance,Monongalia,CheatLakeWWTP-01,Sample,WWTP,04/02/2026 11:06 AM,Lakyn Sanders
M03-1013,G,Composite,,03/30/2026 09:00 AM,03/29/2026 09:00 AM,03/30/2026 09:00 AM,LS,04/02/2026,,Pass,0.350,Routine Surveillance,Marion,ManningtonWWTP-01,Sample,WWTP,04/02/2026 11:07 AM,Lakyn Sanders
P01-1013,G,Composite,,03/30/2026 07:00 AM,03/29/2026 07:00 AM,03/30/2026 07:00 AM,LS,04/02/2026,,Pass,0.207,Routine Surveillance,Pleasants,StMarysWWTP-01,Sample,WWTP,04/02/2026 11:08 AM,Lakyn Sanders
J01-1019,G,Composite,,03/23/2026 07:00 AM,03/22/2026 07:00 AM,03/23/2026 07:00 AM,LS,04/02/2026,,Pass,0.130,Routine Surveillance,Preston,AlpineLakeWWTP-01,Sample,WWTP,04/02/2026 11:09 AM,Lakyn Sanders
A01-1532,G,Composite,,04/01/2026 12:00 AM,03/31/2026 12:00 AM,04/01/2026 12:00 AM,LS,04/09/2026,,Pass,15.3,Routine Surveillance,Monongalia,StarCityWWTP-01,Sample,WWTP,04/09/2026 07:05 AM,Lakyn Sanders
A01-1533,G,Composite,,04/02/2026 12:00 AM,04/01/2026 12:00 AM,04/02/2026 12:00 AM,LS,04/09/2026,,Pass,17.2,Routine Surveillance,Monongalia,StarCityWWTP-01,Sample,WWTP,04/09/2026 07:06 AM,Lakyn Sanders
A01-1534,G,Composite,,04/04/2026 12:00 AM,04/03/2026 12:00 AM,04/04/2026 12:00 AM,LS,04/09/2026,,Pass,11.9,Routine Surveillance,Monongalia,StarCityWWTP-01,Sample,WWTP,04/09/2026 07:07 AM,Lakyn Sanders
A01-1535,G,Composite,,04/05/2026 12:00 AM,04/04/2026 12:00 AM,04/05/2026 12:00 AM,LS,04/09/2026,,Pass,16.2,Routine Surveillance,Monongalia,StarCityWWTP-01,Sample,WWTP,04/09/2026 07:07 AM,Lakyn Sanders
A01-1536,G,Composite,,04/06/2026 12:00 AM,04/05/2026 12:00 AM,04/06/2026 12:00 AM,LS,04/09/2026,,Pass,14.6,Routine Surveillance,Monongalia,StarCityWWTP-01,Sample,WWTP,04/09/2026 07:08 AM,Lakyn Sanders
A01-1537,G,Composite,,04/07/2026 12:00 AM,04/06/2026 12:00 AM,04/07/2026 12:00 AM,LS,04/09/2026,,Pass,12.6,Routine Surveillance,Monongalia,StarCityWWTP-01,Sample,WWTP,04/09/2026 07:09 AM,Lakyn Sanders
C01-1274,G,Composite,,03/30/2026 07:00 AM,03/29/2026 07:00 AM,03/30/2026 07:00 AM,LS,04/09/2026,,Pass,9.4,Routine Surveillance,Ohio,WheelingWWTP-01,Sample,WWTP,04/09/2026 07:12 AM,Lakyn Sanders
C01-1275,G,Composite,,03/31/2026 07:00 AM,03/30/2026 08:00 AM,03/31/2026 07:00 AM,LS,04/09/2026,,Pass,9.5,Routine Surveillance,Ohio,WheelingWWTP-01,Sample,WWTP,04/09/2026 07:13 AM,Lakyn Sanders
C01-1276,G,Composite,,04/01/2026 07:00 AM,03/31/2026 07:00 AM,04/01/2026 07:00 AM,LS,04/09/2026,,Pass,9.41,Routine Surveillance,Ohio,WheelingWWTP-01,Sample,WWTP,04/09/2026 07:14 AM,Lakyn Sanders
C01-1277,G,Composite,,04/02/2026 07:00 AM,04/01/2026 07:00 AM,04/02/2026 07:00 AM,LS,04/09/2026,,Pass,8.5,Routine Surveillance,Ohio,WheelingWWTP-01,Sample,WWTP,04/09/2026 07:15 AM,Lakyn Sanders
C01-1278,G,Composite,,04/06/2026 07:00 AM,04/05/2026 07:00 AM,04/06/2026 07:00 AM,LS,04/09/2026,,Pass,8.6,Routine Surveillance,Ohio,WheelingWWTP-01,Sample,WWTP,04/09/2026 07:16 AM,Lakyn Sanders
M04-1005,G,Composite,,04/06/2026 09:00 AM,04/05/2026 09:00 AM,04/06/2026 09:00 AM,LS,04/09/2026,,Pass,0.90,Routine Surveillance,Marion,FarmingtonWWTP-01,Sample,WWTP,04/09/2026 07:17 AM,Lakyn Sanders
P01-1014,G,Composite,,04/06/2026 07:00 AM,04/05/2026 07:00 AM,04/06/2026 07:00 AM,LS,04/09/2026,,Pass,0.368,Routine Surveillance,Pleasants,StMarysWWTP-01,Sample,WWTP,04/09/2026 07:22 AM,Lakyn Sanders
L01-1012,G,Composite,,04/06/2026 07:00 AM,04/05/2026 07:00 AM,04/06/2026 07:00 AM,LS,04/09/2026,,Pass,0.386,Routine Surveillance,Doddridge,WestUnionWWTP-01,Sample,WWTP,04/09/2026 07:24 AM,Lakyn Sanders
M03-1014,G,Composite,,04/06/2026 08:00 AM,04/05/2026 08:00 AM,04/06/2026 08:00 AM,LS,04/09/2026,,Pass,0.559,Routine Surveillance,Marion,ManningtonWWTP-01,Sample,WWTP,04/09/2026 07:26 AM,Lakyn Sanders
N02-1005,G,Composite,,04/06/2026 07:00 AM,04/05/2026 07:00 AM,04/06/2026 07:00 AM,LS,04/09/2026,,Pass,11.86,Routine Surveillance,Harrison,ClarksburgWWTP-01,Sample,WWTP,04/09/2026 07:27 AM,Lakyn Sanders
R02-1020,G,Composite,,04/06/2026 08:00 AM,04/05/2026 08:00 AM,04/06/2026 08:00 AM,LS,04/09/2026,,Pass,3.81,Routine Surveillance,Randolph,ElkinsWWTP-01,Sample,WWTP,04/09/2026 07:28 AM,Lakyn Sanders
K01-0486,G,Composite,,04/07/2026 06:23 AM,04/06/2026 06:24 AM,04/07/2026 06:24 AM,LS,04/09/2026,,Pass,6.481,Routine Surveillance,Wood,ParkersburgWWTP-01,Sample,WWTP,04/09/2026 07:30 AM,Lakyn Sanders
U01-0178,G,Composite,,04/07/2026 09:00 AM,04/06/2026 09:00 AM,04/07/2026 09:00 AM,LS,04/09/2026,,Pass,0.918,Routine Surveillance,Fayette,WhiteOakWWTP-01,Sample,WWTP,04/09/2026 07:31 AM,Lakyn Sanders
J01-1020,G,Composite,,,,,LS,04/09/2026,,Fail: Missing Required Data,,Routine Surveillance,Preston,AlpineLakeWWTP-01,Sample,WWTP,04/09/2026 07:32 AM,Lakyn Sanders
W01-1007,G,Composite,,04/06/2026 11:00 AM,04/05/2026 11:00 AM,04/06/2026 11:00 AM,LS,04/09/2026,,Pass,1.3,Routine Surveillance,Nicholas,SummersvilleWWTP-01,Sample,WWTP,04/09/2026 07:33 AM,Lakyn Sanders
G01-1007,G,Composite,,04/06/2026 08:00 AM,04/05/2026 09:00 AM,04/06/2026 08:00 AM,LS,04/09/2026,,Pass,7.1624,Routine Surveillance,Mineral,KeyserWWTP-01,Sample,WWTP,04/09/2026 07:34 AM,Lakyn Sanders
W02-1001,G,Composite,,,,,LS,04/09/2026,,Fail: Missing Required Data,,Routine Surveillance,Nicholas,CraigsvilleWWTP-01,Sample,WWTP,04/09/2026 07:36 AM,Lakyn Sanders
H01-1026,G,Composite,,04/06/2026 08:00 AM,04/05/2026 08:00 AM,04/06/2026 08:00 AM,LS,04/09/2026,,Pass,3.4,Routine Surveillance,Marshall,MoundsvilleWWTP-01,Sample,WWTP,04/09/2026 07:37 AM,Lakyn Sanders
O01-1007,G,Composite,,04/06/2026 08:00 AM,04/05/2026 08:00 AM,04/06/2026 08:00 AM,LS,04/09/2026,,Pass,1.89,Routine Surveillance,Taylor,GraftonWWTP-01,Sample,WWTP,04/09/2026 07:38 AM,Lakyn Sanders
A04-0587,G,Composite,,04/07/2026 12:00 AM,04/06/2026 12:00 AM,04/07/2026 12:00 AM,LS,04/09/2026,,Pass,1.177,Routine Surveillance,Monongalia,CheatLakeWWTP-01,Sample,WWTP,04/09/2026 07:39 AM,Lakyn Sanders
F01-1010,G,Composite,,04/06/2026 12:00 AM,04/05/2026 12:00 AM,04/06/2026 12:00 AM,LS,04/09/2026,,Pass,1.4,Routine Surveillance,Lewis,WestonWWTP-01,Sample,WWTP,04/09/2026 07:40 AM,Lakyn Sanders
A01-1538,G,Composite,,04/08/2026 12:00 AM,04/07/2026 12:00 AM,04/08/2026 12:00 AM,LS,04/16/2026,,Pass,11.4,Routine Surveillance,Monongalia,StarCityWWTP-01,Sample,WWTP,04/16/2026 11:15 AM,Lakyn Sanders
A01-1539,G,Composite,,04/09/2026 12:00 AM,04/08/2026 12:00 AM,04/09/2026 12:00 AM,LS,04/16/2026,,Pass,11.2,Routine Surveillance,Monongalia,StarCityWWTP-01,Sample,WWTP,04/16/2026 11:16 AM,Lakyn Sanders
A01-1540,G,Composite,,04/11/2026 12:00 AM,04/10/2026 12:00 AM,04/11/2026 12:00 AM,LS,04/16/2026,,Pass,10.9,Routine Surveillance,Monongalia,StarCityWWTP-01,Sample,WWTP,04/16/2026 11:17 AM,Lakyn Sanders
A01-1541,G,Composite,,04/12/2026 12:00 AM,04/11/2026 12:00 AM,04/12/2026 12:00 AM,LS,04/16/2026,,Pass,9.8,Routine Surveillance,Monongalia,StarCityWWTP-01,Sample,WWTP,04/16/2026 11:17 AM,Lakyn Sanders
A01-1542,G,Composite,,04/13/2026 12:00 AM,04/12/2026 12:00 AM,04/13/2026 12:00 AM,LS,04/16/2026,,Pass,10.0,Routine Surveillance,Monongalia,StarCityWWTP-01,Sample,WWTP,04/16/2026 11:18 AM,Lakyn Sanders
C01-1210,G,Composite,,04/07/2026 08:00 AM,04/06/2026 08:00 AM,04/07/2026 08:00 AM,LS,04/16/2026,,Pass,13.9,Routine Surveillance,Ohio,WheelingWWTP-01,Sample,WWTP,04/16/2026 11:20 AM,Lakyn Sanders
C01-1211,G,Composite,,04/08/2026 08:00 AM,04/07/2026 08:00 AM,04/08/2026 08:00 AM,LS,04/16/2026,,Pass,15.8,Routine Surveillance,Ohio,WheelingWWTP-01,Sample,WWTP,04/16/2026 11:21 AM,Lakyn Sanders
C01-1212,G,Composite,,04/09/2026 08:00 AM,04/08/2026 08:00 AM,04/09/2026 08:00 AM,LS,04/16/2026,,Pass,13.9,Routine Surveillance,Ohio,WheelingWWTP-01,Sample,WWTP,04/16/2026 11:22 AM,Lakyn Sanders
C01-1213,G,Composite,,04/10/2026 08:00 AM,04/09/2026 08:00 AM,04/10/2026 08:00 AM,LS,04/16/2026,,Pass,14.1,Routine Surveillance,Ohio,WheelingWWTP-01,Sample,WWTP,04/16/2026 11:23 AM,Lakyn Sanders
C01-1214,G,Composite,,04/13/2026 08:00 AM,04/12/2026 08:00 AM,04/13/2026 08:00 AM,LS,04/16/2026,,Pass,11.6,Routine Surveillance,Ohio,WheelingWWTP-01,Sample,WWTP,04/16/2026 11:24 AM,Lakyn Sanders
J01-1021,G,Composite,,04/13/2026 07:30 AM,04/12/2026 07:30 AM,04/13/2026 07:30 AM,LS,04/16/2026,,Pass,0.083,Routine Surveillance,Preston,AlpineLakeWWTP-01,Sample,WWTP,04/16/2026 11:25 AM,Lakyn Sanders
Q01-1020,G,Composite,,04/06/2026 08:00 AM,04/01/2026 08:00 AM,04/06/2026 08:00 AM,LS,04/16/2026,,Pass,0.598,Routine Surveillance,Boone,MadisonWWTP-01,Sample,WWTP,04/16/2026 11:26 AM,Lakyn Sanders
U01-0154,G,Composite,,04/13/2026 08:11 AM,04/12/2026 08:11 AM,04/13/2026 08:11 AM,LS,04/16/2026,,Pass,0.477,Routine Surveillance,Fayette,WhiteOakWWTP-01,Sample,WWTP,04/16/2026 11:27 AM,Lakyn Sanders
N03-1003,G,Composite,,04/13/2026 07:30 AM,04/12/2026 07:30 AM,04/13/2026 07:30 AM,LS,04/16/2026,,Pass,0.25464,Routine Surveillance,Harrison,SalemWWTP-01,Sample,WWTP,04/16/2026 11:29 AM,Lakyn Sanders
W01-1008,G,Composite,,04/13/2026 11:00 AM,04/12/2026 11:00 AM,04/13/2026 11:00 AM,LS,04/16/2026,,Pass,0.47,Routine Surveillance,Nicholas,SummersvilleWWTP-01,Sample,WWTP,04/16/2026 11:31 AM,Lakyn Sanders
R02-1021,G,Composite,,04/13/2026 08:00 AM,04/12/2026 08:00 AM,04/13/2026 08:00 AM,LS,04/16/2026,,Pass,0.3,Routine Surveillance,Randolph,ElkinsWWTP-01,Sample,WWTP,04/16/2026 11:32 AM,Lakyn Sanders
N02-1010,G,Composite,,04/13/2026 07:00 AM,04/12/2026 07:00 AM,04/13/2026 07:00 AM,LS,04/16/2026,,Pass,8.36,Routine Surveillance,Harrison,ClarksburgWWTP-01,Sample,WWTP,04/16/2026 11:33 AM,Lakyn Sanders
L01-1013,G,Composite,,04/13/2026 07:00 AM,04/12/2026 07:00 AM,04/13/2026 07:00 AM,LS,04/16/2026,,Pass,0.219,Routine Surveillance,Doddridge,WestUnionWWTP-01,Sample,WWTP,04/16/2026 11:35 AM,Lakyn Sanders
O01-1008,g,Composite,,04/13/2026 08:00 AM,04/12/2026 08:00 AM,04/13/2026 08:00 AM,LS,04/16/2026,,Pass,0.95,Routine Surveillance,Taylor,GraftonWWTP-01,Sample,WWTP,04/16/2026 11:37 AM,Lakyn Sanders
P01-1015,G,Composite,,04/13/2026 07:00 AM,04/12/2026 07:00 AM,04/13/2026 07:00 AM,LS,04/16/2026,,Pass,0.203,Routine Surveillance,Pleasants,StMarysWWTP-01,Sample,WWTP,04/16/2026 11:38 AM,Lakyn Sanders
M03-1015,G,Composite,,04/13/2026 08:00 AM,04/12/2026 08:00 AM,04/13/2026 08:00 AM,LS,04/16/2026,,Pass,0.183,Routine Surveillance,Marion,ManningtonWWTP-01,Sample,WWTP,04/16/2026 11:39 AM,Lakyn Sanders
M04-1006,G,Composite,,04/13/2026 08:30 AM,04/12/2026 08:30 AM,04/13/2026 08:30 AM,LS,04/16/2026,,Pass,0.91,Routine Surveillance,Marion,FarmingtonWWTP-01,Sample,WWTP,04/16/2026 11:40 AM,Lakyn Sanders
D01-1017,G,Composite,,04/07/2026 07:00 AM,04/06/2026 07:00 AM,04/07/2026 07:00 AM,LS,04/16/2026,,Pass,1.24,Routine Surveillance,Jefferson,CharlesTownWWTP-01,Sample,WWTP,04/16/2026 11:42 AM,Lakyn Sanders
H01-1027,G,Composite,,04/13/2026 08:00 AM,04/12/2026 08:00 AM,04/13/2026 08:00 AM,LS,04/16/2026,,Pass,1.7,Routine Surveillance,Marshall,MoundsvilleWWTP-01,Sample,WWTP,04/16/2026 11:43 AM,Lakyn Sanders
A04-0585,G,Composite,,04/14/2026 12:00 AM,04/13/2026 12:00 AM,04/14/2026 12:00 AM,LS,04/16/2026,,Pass,0.617,Routine Surveillance,Monongalia,CheatLakeWWTP-01,Sample,WWTP,04/16/2026 11:46 AM,Lakyn Sanders
T01-0303,G,Composite,,04/13/2026 12:00 AM,04/12/2026 12:00 AM,04/13/2026 12:00 AM,LS,04/16/2026,,Pass,0.26,Routine Surveillance,Mason,PointPleasantWWTP-01,Sample,WWTP,04/16/2026 11:46 AM,Lakyn Sanders
G01-1008,G,Composite,,04/13/2026 08:00 AM,04/12/2026 08:00 AM,04/13/2026 08:00 AM,LS,04/16/2026,,Pass,0.908,Routine Surveillance,Mineral,KeyserWWTP-01,Sample,WWTP,04/16/2026 11:47 AM,Lakyn Sanders
Q01-1021,G,Composite,,04/13/2026 08:00 AM,04/08/2026 08:00 AM,04/13/2026 08:00 AM,LS,04/16/2026,,Pass,0.302,Routine Surveillance,Boone,MadisonWWTP-01,Sample,WWTP,04/16/2026 11:48 AM,Lakyn Sanders
D01-1018,G,Composite,,04/14/2026 07:00 AM,04/13/2026 07:00 AM,04/14/2026 07:00 AM,LS,04/16/2026,,Pass,1.22,Routine Surveillance,Jefferson,CharlesTownWWTP-01,Sample,WWTP,04/16/2026 11:49 AM,Lakyn Sanders
K01-0463,G,Composite,,04/14/2026 06:21 AM,04/13/2026 06:21 AM,04/14/2026 06:21 AM,LS,04/16/2026,,Pass,4.635,Routine Surveillance,Wood,ParkersburgWWTP-01,Sample,WWTP,04/16/2026 11:50 AM,Lakyn Sanders
F01-1011,G,Composite,,04/13/2026 12:00 AM,04/12/2026 12:00 AM,04/13/2026 12:00 AM,LS,04/16/2026,,Pass,1.3,Routine Surveillance,Lewis,WestonWWTP-01,Sample,WWTP,04/16/2026 11:52 AM,Lakyn Sanders
A01-1543,G,Composite,,04/16/2026 12:00 AM,04/15/2026 12:00 AM,04/16/2026 12:00 AM,LS,04/23/2026,,Pass,10.9,Routine Surveillance,Monongalia,StarCityWWTP-01,Sample,WWTP,04/23/2026 10:05 AM,Lakyn Sanders
A01-1544,G,Composite,,04/18/2026 12:00 AM,04/17/2026 12:00 AM,04/18/2026 12:00 AM,LS,04/23/2026,,Pass,10.5,Routine Surveillance,Monongalia,StarCityWWTP-01,Sample,WWTP,04/23/2026 10:06 AM,Lakyn Sanders
A01-1545,G,Composite,,04/19/2026 12:00 AM,04/18/2026 12:00 AM,04/19/2026 12:00 AM,LS,04/23/2026,,Pass,17.0,Routine Surveillance,Monongalia,StarCityWWTP-01,Sample,WWTP,04/23/2026 10:06 AM,Lakyn Sanders
C01-1231,G,Composite,,04/14/2026 07:00 AM,04/13/2026 07:00 AM,04/14/2026 07:00 AM,LS,04/23/2026,,Pass,11.3,Routine Surveillance,Ohio,WheelingWWTP-01,Sample,WWTP,04/23/2026 10:09 AM,Lakyn Sanders
C01-1232,G,Composite,,04/15/2026 07:00 AM,04/14/2026 07:00 AM,04/15/2026 07:00 AM,LS,04/23/2026,,Pass,13.0,Routine Surveillance,Ohio,WheelingWWTP-01,Sample,WWTP,04/23/2026 10:10 AM,Lakyn Sanders
C01-1233,G,Composite,,04/16/2026 07:00 AM,04/15/2026 07:00 AM,04/16/2026 07:00 AM,LS,04/23/2026,,Pass,9.3,Routine Surveillance,Ohio,WheelingWWTP-01,Sample,WWTP,04/23/2026 10:11 AM,Lakyn Sanders
C01-1234,G,Composite,,04/17/2026 07:00 AM,04/16/2026 07:00 AM,04/17/2026 07:00 AM,LS,04/23/2026,,Pass,9.2,Routine Surveillance,Ohio,WheelingWWTP-01,Sample,WWTP,04/23/2026 10:11 AM,Lakyn Sanders
C01-1235,G,Composite,,04/20/2026 07:00 AM,04/19/2026 07:00 AM,04/20/2026 07:00 AM,LS,04/23/2026,,Pass,9.5,Routine Surveillance,Ohio,WheelingWWTP-01,Sample,WWTP,04/23/2026 10:12 AM,Lakyn Sanders
W01-1009,G,Composite,,04/20/2026 06:00 AM,04/19/2026 06:00 AM,04/20/2026 06:00 AM,LS,04/23/2026,,Pass,0.56,Routine Surveillance,Nicholas,SummersvilleWWTP-01,Sample,WWTP,04/23/2026 10:14 AM,Lakyn Sanders
D01-1019,G,Composite,,04/21/2026 07:00 AM,04/20/2026 07:00 AM,04/21/2026 07:00 AM,LS,04/23/2026,,Pass,1.27,Routine Surveillance,Jefferson,CharlesTownWWTP-01,Sample,WWTP,04/23/2026 10:15 AM,Lakyn Sanders
J01-1022,G,Composite,,04/20/2026 07:30 AM,04/19/2026 07:30 AM,04/20/2026 07:30 AM,LS,04/23/2026,,Pass,0.208,Routine Surveillance,Preston,AlpineLakeWWTP-01,Sample,WWTP,04/23/2026 10:16 AM,Lakyn Sanders
M03-1016,G,Composite,,04/20/2026 08:00 AM,04/19/2026 08:00 AM,04/20/2026 08:00 AM,LS,04/23/2026,,Pass,0.209,Routine Surveillance,Marion,ManningtonWWTP-01,Sample,WWTP,04/23/2026 10:18 AM,Lakyn Sanders
H01-1028,G,Composite,,04/20/2026 08:00 AM,04/19/2026 08:00 AM,04/20/2026 08:00 AM,LS,04/23/2026,,Pass,1.9,Routine Surveillance,Marshall,MoundsvilleWWTP-01,Sample,WWTP,04/23/2026 10:19 AM,Lakyn Sanders
K01-0494,G,Composite,,04/21/2026 06:34 AM,04/20/2026 06:34 AM,04/21/2026 06:34 AM,LS,04/23/2026,,Pass,4.252,Routine Surveillance,Wood,ParkersburgWWTP-01,Sample,WWTP,04/23/2026 10:20 AM,Lakyn Sanders
P01-1016,G,Composite,,04/20/2026 07:00 AM,04/19/2026 07:00 AM,04/20/2026 07:00 AM,LS,04/23/2026,,Pass,0.139,Routine Surveillance,Pleasants,StMarysWWTP-01,Sample,WWTP,04/23/2026 10:21 AM,Lakyn Sanders
M04-1007,G,Composite,,04/20/2026 08:30 AM,04/19/2026 08:30 AM,04/20/2026 08:30 AM,LS,04/23/2026,,Pass,0.83,Routine Surveillance,Marion,FairmontWWTP-01,Sample,WWTP,04/23/2026 10:23 AM,Lakyn Sanders
N03-1004,G,Composite,,04/20/2026 07:30 AM,04/19/2026 07:30 AM,04/20/2026 07:30 AM,LS,04/23/2026,,Pass,0.30059,Routine Surveillance,Harrison,SalemWWTP-01,Sample,WWTP,04/23/2026 10:24 AM,Lakyn Sanders
N02-1006,R,Composite,,04/20/2026 07:00 AM,04/19/2026 07:00 AM,04/20/2026 07:00 AM,LS,04/23/2026,,Pass,9.36,Routine Surveillance,Harrison,ClarksburgWWTP-01,Sample,WWTP,04/23/2026 10:25 AM,Lakyn Sanders
O01-1009,G,Composite,,04/20/2026 08:00 AM,04/19/2026 08:00 AM,04/20/2026 08:00 AM,LS,04/23/2026,,Pass,1.15,Routine Surveillance,Taylor,GraftonWWTP-01,Sample,WWTP,04/23/2026 10:26 AM,Lakyn Sanders
L01-1014,G,Composite,,04/20/2026 08:00 AM,04/19/2026 08:00 AM,04/20/2026 08:00 AM,LS,04/23/2026,,Pass,0.295,Routine Surveillance,Doddridge,WestUnionWWTP-01,Sample,WWTP,04/23/2026 10:28 AM,Lakyn Sanders
U01-0176,G,Composite,,04/20/2026 07:15 AM,04/19/2026 07:15 AM,04/20/2026 07:15 AM,LS,04/23/2026,,Pass,0.374,Routine Surveillance,Fayette,WhiteOakWWTP-01,Sample,WWTP,04/23/2026 10:29 AM,Lakyn Sanders
A04-0586,G,Composite,,04/21/2026 12:00 AM,04/20/2026 12:00 AM,04/21/2026 12:00 AM,LS,04/23/2026,,Pass,0.786,Routine Surveillance,Monongalia,CheatLakeWWTP-01,Sample,WWTP,04/23/2026 10:30 AM,Lakyn Sanders
Q01-1022,G,Composite,,04/20/2026 08:00 AM,04/16/2026 08:00 AM,04/20/2026 08:00 AM,LS,04/23/2026,,Pass,0.290,Routine Surveillance,Boone,MadisonWWTP-01,Sample,WWTP,04/23/2026 10:31 AM,Lakyn Sanders
F01-1012,G,Composite,,04/20/2026 12:00 AM,04/19/2026 12:00 AM,04/20/2026 12:00 AM,LS,04/23/2026,,Pass,1.3,Routine Surveillance,Lewis,WestonWWTP-01,Sample,WWTP,04/23/2026 10:32 AM,Lakyn Sanders
G01-1009,G,Composite,,04/20/2026 08:00 AM,04/19/2026 08:00 AM,04/20/2026 08:00 AM,LS,04/23/2026,,Pass,0.8716,Routine Surveillance,Mineral,KeyserWWTP-01,Sample,WWTP,04/23/2026 10:34 AM,Lakyn Sanders
R02-1022,G,Composite,,04/20/2026 08:00 AM,04/19/2026 08:00 AM,04/20/2026 08:00 AM,LS,04/23/2026,,Pass,2.37,Routine Surveillance,Randolph,ElkinsWWTP-01,Sample,WWTP,04/23/2026 10:35 AM,Lakyn Sanders
A01-1546,G,Composite,,04/20/2026 12:00 AM,04/19/2026 12:00 AM,04/20/2026 12:00 AM,LS,04/30/2026,,Pass,12.6,Routine Surveillance,Monongalia,StarCityWWTP-01,Sample,WWTP,04/30/2026 07:35 AM,Lakyn Sanders
A01-1547,G,Composite,,04/21/2026 12:00 AM,04/20/2026 12:00 AM,04/21/2026 12:00 AM,LS,04/30/2026,,Pass,11.1,Routine Surveillance,Monongalia,StarCityWWTP-01,Sample,WWTP,04/30/2026 07:36 AM,Lakyn Sanders
A01-1548,G,Composite,,04/21/2026 12:00 AM,04/20/2026 12:00 AM,04/21/2026 12:00 AM,LS,04/30/2026,,Pass,10.1,Routine Surveillance,Monongalia,StarCityWWTP-01,Sample,WWTP,04/30/2026 07:37 AM,Lakyn Sanders
A01-1549,G,Composite,,04/23/2026 12:00 AM,04/22/2026 12:00 AM,04/23/2026 12:00 AM,LS,04/30/2026,,Pass,9.8,Routine Surveillance,Monongalia,StarCityWWTP-01,Sample,WWTP,04/30/2026 07:37 AM,Lakyn Sanders
A01-1550,G,Composite,,04/25/2026 12:00 AM,04/24/2026 12:00 AM,04/25/2026 12:00 AM,LS,04/30/2026,,Pass,10.7,Routine Surveillance,Monongalia,StarCityWWTP-01,Sample,WWTP,04/30/2026 07:38 AM,Lakyn Sanders
A01-1551,G,Composite,,04/26/2026 12:00 AM,04/25/2026 12:00 AM,04/26/2026 12:00 AM,LS,04/30/2026,,Pass,9.6,Routine Surveillance,Monongalia,StarCityWWTP-01,Sample,WWTP,04/30/2026 07:39 AM,Lakyn Sanders
A01-1552,G,Composite,,04/27/2026 12:00 AM,04/26/2026 12:00 AM,04/27/2026 12:00 AM,LS,04/30/2026,,Pass,9.7,Routine Surveillance,Monongalia,StarCityWWTP-01,Sample,WWTP,04/30/2026 07:40 AM,Lakyn Sanders
C01-1236,G,Composite,,04/21/2026 08:00 AM,04/20/2026 08:00 AM,04/21/2026 08:00 AM,LS,04/30/2026,,Pass,8.6,Routine Surveillance,Ohio,WheelingWWTP-01,Sample,WWTP,04/30/2026 07:42 AM,Lakyn Sanders
C01-1237,G,Composite,,04/22/2026 08:00 AM,04/21/2026 08:00 AM,04/22/2026 08:00 AM,LS,04/30/2026,,Pass,8.4,Routine Surveillance,Ohio,WheelingWWTP-01,Sample,WWTP,04/30/2026 07:42 AM,Lakyn Sanders
C01-1238,G,Composite,,04/23/2026 08:00 AM,04/22/2026 08:00 AM,04/23/2026 08:00 AM,LS,04/30/2026,,Pass,8.0,Routine Surveillance,Ohio,WheelingWWTP-01,Sample,WWTP,04/30/2026 07:43 AM,Lakyn Sanders
C01-1239,G,Composite,,04/24/2026 08:00 AM,04/23/2026 08:00 AM,04/24/2026 08:00 AM,LS,04/30/2026,,Pass,8.5,Routine Surveillance,Ohio,WheelingWWTP-01,Sample,WWTP,04/30/2026 07:44 AM,Lakyn Sanders
C01-1240,G,Composite,,04/27/2026 08:00 AM,04/26/2026 08:00 AM,04/27/2026 08:00 AM,LS,04/30/2026,,Pass,9.1,Routine Surveillance,Ohio,WheelingWWTP-01,Sample,WWTP,04/30/2026 07:45 AM,Lakyn Sanders
U01-0155,G,Composite,,04/27/2026 09:20 AM,04/26/2026 09:20 AM,04/27/2026 09:20 AM,LS,04/30/2026,,Pass,0.282,Routine Surveillance,Fayette,WhiteOakWWTP-01,Sample,WWTP,04/30/2026 07:46 AM,Lakyn Sanders
T01-0304,G,Composite,,04/20/2026 02:00 PM,04/19/2026 02:00 PM,04/20/2026 02:00 PM,LS,04/30/2026,,Pass,0.30,Routine Surveillance,Mason,PointPleasantWWTP-01,Sample,WWTP,04/30/2026 07:48 AM,Lakyn Sanders
T01-0305,G,Composite,,04/27/2026 07:30 AM,04/26/2026 07:30 AM,04/27/2026 07:30 AM,LS,04/30/2026,,Pass,0.22,Routine Surveillance,Mason,PointPleasantWWTP-01,Sample,WWTP,04/30/2026 07:48 AM,Lakyn Sanders
J01-1023,G,Composite,,04/27/2026 07:30 AM,04/26/2026 07:30 AM,04/27/2026 07:30 AM,LS,04/30/2026,,Pass,0.130,Routine Surveillance,Preston,AlpineLakeWWTP-01,Sample,WWTP,04/30/2026 07:50 AM,Lakyn Sanders
H01-1029,G,Composite,,04/27/2026 08:00 AM,04/26/2026 08:00 AM,04/27/2026 08:00 AM,LS,04/30/2026,,Pass,1.4,Routine Surveillance,Marshall,MoundsvilleWWTP-01,Sample,WWTP,04/30/2026 07:51 AM,Lakyn Sanders
K01-0462,G,Composite,,04/28/2026 07:00 AM,04/27/2026 07:00 AM,04/28/2026 07:00 AM,LS,04/30/2026,,Pass,4.003,Routine Surveillance,Wood,ParkersburgWWTP-01,Sample,WWTP,04/30/2026 07:52 AM,Lakyn Sanders
Q01-1023,G,Composite,,04/27/2026 08:00 AM,04/22/2026 08:00 AM,04/27/2026 08:00 AM,LS,04/30/2026,,Pass,0.235,Routine Surveillance,Boone,MadisonWWTP-01,Sample,WWTP,04/30/2026 07:54 AM,Lakyn Sanders
M03-1017,G,Composite,,04/27/2026 08:00 AM,04/26/2026 08:00 AM,04/27/2026 08:00 AM,,04/30/2026,,Pass,0.156,Routine Surveillance,Marion,ManningtonWWTP-01,Sample,WWTP,04/30/2026 07:55 AM,Lakyn Sanders
N03-1005,G,Composite,,04/27/2026 07:30 AM,04/26/2026 07:30 AM,04/27/2026 07:30 AM,LS,04/30/2026,,Pass,0.1764,Routine Surveillance,Harrison,SalemWWTP-01,Sample,WWTP,04/30/2026 07:56 AM,Lakyn Sanders
A04-0584,G,Composite,,04/28/2026 12:00 AM,04/27/2026 12:00 AM,04/28/2026 12:00 AM,LS,04/30/2026,,Pass,0.66,Routine Surveillance,Monongalia,CheatLakeWWTP-01,Sample,WWTP,04/30/2026 07:57 AM,Lakyn Sanders
L01-1015,G,Composite,,04/27/2026 07:00 AM,04/26/2026 07:00 AM,04/27/2026 07:00 AM,LS,04/30/2026,,Pass,0.175,Routine Surveillance,Doddridge,WestUnionWWTP-01,Sample,WWTP,04/30/2026 07:59 AM,Lakyn Sanders
O01-0221,G,Composite,,04/27/2026 08:00 AM,04/26/2026 08:00 AM,04/27/2026 08:00 AM,LS,04/30/2026,,Pass,1.05,Routine Surveillance,Taylor,GraftonWWTP-01,Sample,WWTP,04/30/2026 08:00 AM,Lakyn Sanders
P01-1017,G,Composite,,04/27/2026 07:00 AM,04/26/2026 07:00 AM,04/27/2026 07:00 AM,LS,04/30/2026,,Pass,0.139,Routine Surveillance,Pleasants,StMarysWWTP-01,Sample,WWTP,04/30/2026 08:01 AM,Lakyn Sanders
N02-1007,G,Composite,,04/27/2026 07:00 AM,04/20/2026 07:00 AM,04/27/2026 07:00 AM,LS,04/30/2026,,Pass,6.08,Routine Surveillance,Harrison,ClarksburgWWTP-01,Sample,WWTP,04/30/2026 08:03 AM,Lakyn Sanders
G01-1010,G,Composite,,04/28/2026 08:00 AM,04/27/2026 08:00 AM,04/28/2026 08:00 AM,LS,04/30/2026,,Pass,0.928,Routine Surveillance,Mineral,KeyserWWTP-01,Sample,WWTP,04/30/2026 08:04 AM,Lakyn Sanders
F01-1013,G,Composite,,04/27/2026 12:00 AM,04/26/2026 12:00 AM,04/27/2026 12:00 AM,LS,04/30/2026,,Pass,2.4,Routine Surveillance,Lewis,WestonWWTP-01,Sample,WWTP,04/30/2026 08:05 AM,Lakyn Sanders
W01-1010,G,Composite,,04/28/2026 11:00 AM,04/26/2026 11:00 AM,04/29/2026 11:00 AM,LS,04/30/2026,,Pass,0.40,Routine Surveillance,Nicholas,SummersvilleWWTP-01,Sample,WWTP,04/30/2026 08:06 AM,Lakyn Sanders
R02-1023,G,Composite,,04/27/2026 08:00 AM,04/26/2026 08:00 AM,04/27/2026 08:00 AM,LS,04/30/2026,,Pass,1.97,Routine Surveillance,Randolph,ElkinsWWTP-01,Sample,WWTP,04/30/2026 08:07 AM,Lakyn Sanders
D01-1020,G,Composite,,04/28/2026 08:00 AM,04/27/2026 08:00 AM,04/28/2026 08:00 AM,LS,04/30/2026,,Pass,1.18,Routine Surveillance,Jefferson,CharlesTownWWTP-01,Sample,WWTP,04/30/2026 08:08 AM,Lakyn Sanders
A01-1558,G,Composite,,05/04/2026 12:00 AM,05/03/2026 12:00 AM,05/04/2026 12:00 AM,LS,05/07/2026,,Pass,8.7,Routine Surveillance,Monongalia,StarCityWWTP-01,Sample,WWTP,05/07/2026 08:53 AM,Lakyn Sanders
A01-1553,G,Composite,,04/29/2026 12:00 AM,04/28/2026 12:00 AM,04/29/2026 12:00 AM,LS,05/07/2026,,Pass,12.8,Routine Surveillance,Monongalia,StarCityWWTP-01,Sample,WWTP,05/07/2026 08:55 AM,Lakyn Sanders
A01-1554,G,Composite,,04/29/2026 12:00 AM,04/27/2026 12:00 AM,04/28/2026 12:00 AM,LS,05/07/2026,,Pass,10.8,Routine Surveillance,Monongalia,StarCityWWTP-01,Sample,WWTP,05/07/2026 08:56 AM,Lakyn Sanders
A01-1555,G,Composite,,04/30/2026 12:00 AM,04/29/2026 12:00 AM,04/30/2026 12:00 AM,LS,05/07/2026,,Pass,12.4,Routine Surveillance,Monongalia,StarCityWWTP-01,Sample,WWTP,05/07/2026 08:57 AM,Lakyn Sanders
A01-1556,G,Composite,,05/02/2026 12:00 AM,05/01/2026 12:00 AM,05/02/2026 12:00 AM,LS,05/07/2026,,Pass,9.3,Routine Surveillance,Monongalia,StarCityWWTP-01,Sample,WWTP,05/07/2026 08:57 AM,Lakyn Sanders
A01-1557,G,Composite,,05/03/2026 12:00 AM,05/02/2026 12:00 AM,05/03/2026 12:00 AM,LS,05/07/2026,,Pass,9.1,Routine Surveillance,Monongalia,StarCityWWTP-01,Sample,WWTP,05/07/2026 08:58 AM,Lakyn Sanders
C01-1241,G,Composite,,04/28/2026 08:00 AM,04/27/2026 08:00 AM,04/28/2026 08:00 AM,LS,05/07/2026,,Pass,9.5,Routine Surveillance,Ohio,WheelingWWTP-01,Sample,WWTP,05/07/2026 09:00 AM,Lakyn Sanders
C01-1242,G,Composite,,04/29/2026 08:00 AM,04/28/2026 08:00 AM,04/29/2026 08:00 AM,LS,05/07/2026,,Pass,9.1,Routine Surveillance,Ohio,WheelingWWTP-01,Sample,WWTP,05/07/2026 09:01 AM,Lakyn Sanders
C01-1243,G,Composite,,04/30/2026 08:00 AM,04/29/2026 08:00 AM,04/30/2026 08:00 AM,LS,05/07/2026,,Pass,12.7,Routine Surveillance,Ohio,WheelingWWTP-01,Sample,WWTP,05/07/2026 09:02 AM,Lakyn Sanders
C01-1244,G,Composite,,05/01/2026 08:00 AM,04/30/2026 08:00 AM,05/01/2026 08:00 AM,LS,05/07/2026,,Pass,10.1,Routine Surveillance,Ohio,WheelingWWTP-01,Sample,WWTP,05/07/2026 09:03 AM,Lakyn Sanders
C01-1245,G,Composite,,05/04/2026 08:00 AM,05/03/2026 08:00 AM,05/04/2026 08:00 AM,LS,05/07/2026,,Pass,9.7,Routine Surveillance,Ohio,WheelingWWTP-01,Sample,WWTP,05/07/2026 09:03 AM,Lakyn Sanders
U01-0104,G,Composite,,05/04/2026 07:15 AM,05/03/2026 07:15 AM,05/04/2026 07:15 AM,LS,05/07/2026,,Pass,0.256,Routine Surveillance,Fayette,WhiteOakWWTP-01,Sample,WWTP,05/07/2026 09:04 AM,Lakyn Sanders
J01-1024,G,Composite,,05/04/2026 07:30 AM,05/03/2026 07:30 AM,05/04/2026 07:30 AM,LS,05/07/2026,,Pass,0.166,Routine Surveillance,Preston,AlpineLakeWWTP-01,Sample,WWTP,05/07/2026 09:05 AM,Lakyn Sanders
W01-1011,G,Composite,,05/04/2026 11:00 AM,05/03/2026 11:00 AM,05/04/2026 11:00 AM,LS,05/07/2026,,Pass,0.51,Routine Surveillance,Nicholas,SummersvilleWWTP-01,Sample,WWTP,05/07/2026 09:07 AM,Lakyn Sanders
O01-0225,G,Composite,,05/04/2026 08:00 AM,05/03/2026 08:00 AM,05/04/2026 08:00 AM,LS,05/07/2026,,Pass,1.58,Routine Surveillance,Taylor,GraftonWWTP-01,Sample,WWTP,05/07/2026 09:08 AM,Lakyn Sanders
N03-1006,G,Composite,,05/04/2026 07:30 AM,05/03/2026 07:30 AM,05/04/2026 07:30 AM,LS,05/07/2026,,Pass,0.26257,Routine Surveillance,Harrison,SalemWWTP-01,Sample,WWTP,05/07/2026 09:10 AM,Lakyn Sanders
M04-1008,G,Composite,,05/04/2026 08:30 AM,05/03/2026 08:30 AM,05/04/2026 08:30 AM,LS,05/07/2026,,Pass,0.76,Routine Surveillance,Marion,FarmingtonWWTP-01,Sample,WWTP,05/07/2026 09:11 AM,Lakyn Sanders
L01-1016,G,Composite,,05/04/2026 07:00 AM,05/03/2026 07:00 AM,05/04/2026 07:00 AM,LS,05/07/2026,,Pass,0.222,Routine Surveillance,Doddridge,WestUnionWWTP-01,Sample,WWTP,05/07/2026 09:13 AM,Lakyn Sanders
M03-1018,G,Composite,,05/04/2026 08:00 AM,05/03/2026 08:00 AM,05/04/2026 08:00 AM,LS,05/07/2026,,Pass,0.161,Routine Surveillance,Marion,ManningtonWWTP-01,Sample,WWTP,05/07/2026 09:14 AM,Lakyn Sanders
N02-0572,G,Composite,,05/04/2026 07:00 AM,05/03/2026 07:00 AM,05/04/2026 07:00 AM,LS,05/07/2026,,Pass,7.4,Routine Surveillance,Harrison,ClarksburgWWTP-01,Sample,WWTP,05/07/2026 09:15 AM,Lakyn Sanders
A04-0582,G,Composite,,05/04/2026 07:00 AM,05/03/2026 07:00 AM,05/04/2026 07:00 AM,LS,05/07/2026,,Pass,0.648,Routine Surveillance,Monongalia,CheatLakeWWTP-01,Sample,WWTP,05/07/2026 09:16 AM,Lakyn Sanders
K01-0479,G,Composite,,05/05/2026 07:00 AM,05/04/2026 07:00 AM,05/05/2026 07:00 AM,LS,05/07/2026,,Pass,3.905,Routine Surveillance,Wood,ParkersburgWWTP-01,Sample,WWTP,05/07/2026 09:17 AM,Lakyn Sanders
F01-1014,G,Composite,,05/04/2026 12:00 AM,05/03/2026 12:00 AM,05/04/2026 12:00 AM,LS,05/07/2026,,Pass,1.5,Routine Surveillance,Lewis,WestonWWTP-01,Sample,WWTP,05/07/2026 09:18 AM,Lakyn Sanders
W02-1002,G,Composite,,05/04/2026 08:00 AM,05/03/2026 08:00 AM,05/04/2026 08:00 AM,LS,05/07/2026,,Pass,0.150,Routine Surveillance,Nicholas,CraigsvilleWWTP-01,Sample,WWTP,05/07/2026 09:19 AM,Lakyn Sanders
H01-1030,G,Composite,,05/04/2026 08:00 AM,05/03/2026 08:00 AM,05/04/2026 08:00 AM,LS,05/07/2026,,Pass,1.5,Routine Surveillance,Marshall,MoundsvilleWWTP-01,Sample,WWTP,05/07/2026 09:20 AM,Lakyn Sanders
T01-1000,G,Composite,,05/04/2026 08:10 AM,05/03/2026 08:10 AM,05/04/2026 08:10 AM,LS,05/07/2026,,Pass,0.13,Routine Surveillance,Mason,PointPleasantWWTP-01,Sample,WWTP,05/07/2026 09:21 AM,Lakyn Sanders
R02-1024,G,Composite,,05/04/2026 08:00 AM,05/03/2026 08:00 AM,05/04/2026 08:00 AM,LS,05/07/2026,,Pass,1.60,Routine Surveillance,Randolph,ElkinsWWTP-01,Sample,WWTP,05/07/2026 09:22 AM,Lakyn Sanders
A01-1559,G,Composite,,05/05/2026 12:00 AM,05/04/2026 12:00 AM,05/05/2026 12:00 AM,LS,05/14/2026,,Pass,8.7,Routine Surveillance,Monongalia,StarCityWWTP-01,Sample,WWTP,05/14/2026 10:07 AM,Lakyn Sanders
A01-1560,G,Composite,,05/06/2026 12:00 AM,05/05/2026 12:00 AM,05/06/2026 12:00 AM,LS,05/14/2026,,Pass,11.7,Routine Surveillance,Monongalia,StarCityWWTP-01,Sample,WWTP,05/14/2026 10:07 AM,Lakyn Sanders
A01-1561,G,Composite,,05/07/2026 12:00 AM,05/06/2026 12:00 AM,05/07/2026 12:00 AM,LS,05/14/2026,,Pass,9.2,Routine Surveillance,Monongalia,StarCityWWTP-01,Sample,WWTP,05/14/2026 10:08 AM,Lakyn Sanders
C01-1246,G,Composite,,05/05/2026 08:00 AM,05/04/2026 08:00 AM,05/05/2026 08:00 AM,LS,05/14/2026,,Pass,9.1,Routine Surveillance,Ohio,WheelingWWTP-01,Sample,WWTP,05/14/2026 10:10 AM,Lakyn Sanders
C01-1247,G,Composite,,05/06/2026 08:00 AM,05/05/2026 08:00 AM,05/06/2026 08:00 AM,LS,05/14/2026,,Pass,9.3,Routine Surveillance,Ohio,WheelingWWTP-01,Sample,WWTP,05/14/2026 10:11 AM,Lakyn Sanders
C01-1248,G,Composite,,05/07/2026 08:00 AM,05/06/2026 08:00 AM,05/07/2026 08:00 AM,LS,05/14/2026,,Pass,12.3,Routine Surveillance,Ohio,WheelingWWTP-01,Sample,WWTP,05/14/2026 10:11 AM,Lakyn Sanders
C01-1249,G,Composite,,05/08/2026 08:00 AM,05/07/2026 08:00 AM,05/08/2026 08:00 AM,LS,05/14/2026,,Pass,8.7,Routine Surveillance,Ohio,WheelingWWTP-01,Sample,WWTP,05/14/2026 10:12 AM,Lakyn Sanders
C01-1250,G,Composite,,05/11/2026 08:00 AM,05/10/2026 08:00 AM,05/11/2026 08:00 AM,LS,05/14/2026,,Pass,7.8,Routine Surveillance,Ohio,WheelingWWTP-01,Sample,WWTP,05/14/2026 10:13 AM,Lakyn Sanders
G01-1011,G,Composite,,05/11/2026 08:00 AM,05/10/2026 09:00 AM,05/11/2026 08:00 AM,LS,05/14/2026,,Pass,0.7677,Routine Surveillance,Mineral,KeyserWWTP-01,Sample,WWTP,05/14/2026 10:15 AM,Lakyn Sanders
U01-0118,G,Composite,,05/12/2026 10:00 AM,05/11/2026 10:00 AM,05/12/2026 10:00 AM,LS,05/14/2026,,Pass,0.420,Routine Surveillance,Fayette,WhiteOakWWTP-01,Sample,WWTP,05/14/2026 10:16 AM,Lakyn Sanders
T01-1001,G,Composite,,05/11/2026 02:45 PM,05/10/2026 02:45 PM,05/11/2026 02:45 PM,LS,05/14/2026,,Pass,0.17,Routine Surveillance,Mason,PointPleasantWWTP-01,Sample,WWTP,05/14/2026 10:18 AM,Lakyn Sanders
P01-1018,G,Composite,,05/11/2026 08:00 AM,05/10/2026 07:00 AM,05/11/2026 07:00 AM,LS,05/14/2026,,Pass,0.19,Routine Surveillance,Pleasants,StMarysWWTP-01,Sample,WWTP,05/14/2026 10:20 AM,Lakyn Sanders
L01-1017,G,Composite,,05/11/2026 07:00 AM,05/10/2026 07:00 AM,05/11/2026 07:00 AM,LS,05/14/2026,,Pass,0.206,Routine Surveillance,Doddridge,WestUnionWWTP-01,Sample,WWTP,05/14/2026 10:21 AM,Lakyn Sanders
N03-1007,G,Composite,,05/11/2026 07:30 AM,05/10/2026 07:30 AM,05/11/2026 07:30 AM,LS,05/14/2026,,Pass,0.270790,Routine Surveillance,Harrison,SalemWWTP-01,Sample,WWTP,05/14/2026 10:23 AM,Lakyn Sanders
M03-1019,G,Composite,,05/11/2026 08:00 AM,05/10/2026 08:00 AM,05/11/2026 08:00 AM,LS,05/14/2026,,Pass,0.157,Routine Surveillance,Marion,ManningtonWWTP-01,Sample,WWTP,05/14/2026 10:24 AM,Lakyn Sanders
N02-1008,G,Composite,,05/11/2026 07:00 AM,05/10/2026 07:00 AM,05/11/2026 07:00 AM,LS,05/14/2026,,Pass,6.23,Routine Surveillance,Harrison,ClarksburgWWTP-01,Sample,WWTP,05/14/2026 10:25 AM,Lakyn Sanders
W01-1012,G,Composite,,05/11/2026 11:00 AM,05/10/2026 11:00 AM,05/11/2026 11:00 AM,LS,05/14/2026,,Pass,0.57,Routine Surveillance,Nicholas,SummersvilleWWTP-01,Sample,WWTP,05/14/2026 10:26 AM,Lakyn Sanders
Q01-1024,G,Composite,,05/11/2026 08:00 AM,05/06/2026 08:00 AM,05/11/2026 08:00 AM,LS,05/14/2026,,Pass,0.291,Routine Surveillance,Boone,MadisonWWTP-01,Sample,WWTP,05/14/2026 10:28 AM,Lakyn Sanders
Q01-1025,G,Composite,,05/04/2026 08:00 AM,04/29/2026 08:00 AM,05/04/2026 08:00 AM,LS,05/14/2026,,Pass,0.231,Routine Surveillance,Boone,MadisonWWTP-01,Sample,WWTP,05/14/2026 10:29 AM,Lakyn Sanders
H01-1031,G,Composite,,05/11/2026 08:00 AM,05/10/2026 08:00 AM,05/11/2026 08:00 AM,LS,05/14/2026,,Pass,1.4,Routine Surveillance,Marshall,MoundsvilleWWTP-01,Sample,WWTP,05/14/2026 10:30 AM,Lakyn Sanders
J01-1025,G,Composite,,05/11/2026 07:30 AM,05/10/2026 07:30 AM,05/11/2026 07:30 AM,LS,05/14/2026,,Pass,0.161,Routine Surveillance,Preston,AlpineLakeWWTP-01,Sample,WWTP,05/14/2026 10:31 AM,Lakyn Sanders
K01-0466,G,Composite,,05/12/2026 07:00 AM,05/11/2026 07:00 AM,05/12/2026 07:00 AM,LS,05/14/2026,,Pass,3.902,Routine Surveillance,Wood,ParkersburgWWTP-01,Sample,WWTP,05/14/2026 10:32 AM,Lakyn Sanders
F01-1015,G,Composite,,05/11/2026 12:00 AM,05/10/2026 12:00 AM,05/11/2026 12:00 AM,LS,05/14/2026,,Pass,1.6,Routine Surveillance,Lewis,WestonWWTP-01,Sample,WWTP,05/14/2026 10:33 AM,Lakyn Sanders
R02-1025,G,Composite,,05/11/2026 08:00 AM,05/10/2026 08:00 AM,05/11/2026 08:00 AM,LS,05/14/2026,,Pass,1.72,Routine Surveillance,Randolph,ElkinsWWTP-01,Sample,WWTP,05/14/2026 10:34 AM,Lakyn Sanders
D01-1021,G,Composite,,05/07/2026 06:45 AM,05/06/2026 06:30 AM,05/07/2026 06:45 AM,LS,05/14/2026,,Pass,1.131,Routine Surveillance,Jefferson,CharlesTownWWTP-01,Sample,WWTP,05/14/2026 10:35 AM,Lakyn Sanders
A01-1562,G,Composite,,05/09/2026 12:00 AM,05/08/2026 12:00 AM,05/09/2026 12:00 AM,LS,05/21/2026,,Pass,9.1,Routine Surveillance,Monongalia,StarCityWWTP-01,Sample,WWTP,05/21/2026 09:47 AM,Lakyn Sanders
A01-1563,G,Composite,,05/10/2026 12:00 AM,05/09/2026 12:00 AM,05/10/2026 12:00 AM,LS,05/21/2026,,Pass,7.9,Routine Surveillance,Monongalia,StarCityWWTP-01,Sample,WWTP,05/21/2026 09:48 AM,Lakyn Sanders
A01-1564,G,Composite,,05/11/2026 12:00 AM,05/10/2026 12:00 AM,05/11/2026 12:00 AM,LS,05/21/2026,,Pass,7.9,Routine Surveillance,Monongalia,StarCityWWTP-01,Sample,WWTP,05/21/2026 09:49 AM,Lakyn Sanders
A01-1565,G,Composite,,05/12/2026 12:00 AM,05/11/2026 12:00 AM,05/12/2026 12:00 AM,LS,05/21/2026,,Pass,7.8,Routine Surveillance,Monongalia,StarCityWWTP-01,Sample,WWTP,05/21/2026 09:49 AM,Lakyn Sanders
A01-1566,G,Composite,,05/13/2026 12:00 AM,05/12/2026 12:00 AM,05/13/2026 12:00 AM,LS,05/21/2026,,Pass,9.3,Routine Surveillance,Monongalia,StarCityWWTP-01,Sample,WWTP,05/21/2026 09:50 AM,Lakyn Sanders
A01-1567,G,Composite,,05/14/2026 12:00 AM,05/13/2026 12:00 AM,05/14/2026 12:00 AM,LS,05/21/2026,,Pass,8.4,Routine Surveillance,Monongalia,StarCityWWTP-01,Sample,WWTP,05/21/2026 09:51 AM,Lakyn Sanders
A01-1568,G,Composite,,05/16/2026 12:00 AM,05/15/2026 12:00 AM,05/16/2026 12:00 AM,LS,05/21/2026,,Pass,8.7,Routine Surveillance,Monongalia,StarCityWWTP-01,Sample,WWTP,05/21/2026 09:51 AM,Lakyn Sanders
A01-1569,G,Composite,,05/17/2026 12:00 AM,05/16/2026 12:00 AM,05/17/2026 12:00 AM,LS,05/21/2026,,Pass,8.3,Routine Surveillance,Monongalia,StarCityWWTP-01,Sample,WWTP,05/21/2026 09:52 AM,Lakyn Sanders
C01-1251,G,Composite,,05/12/2026 08:00 AM,05/11/2026 08:00 AM,05/12/2026 08:00 AM,LS,05/21/2026,,Pass,7.9,Routine Surveillance,Ohio,WheelingWWTP-01,Sample,WWTP,05/21/2026 09:55 AM,Lakyn Sanders
C01-1252,G,Composite,,05/13/2026 08:00 AM,05/12/2026 08:00 AM,05/13/2026 08:00 AM,LS,05/21/2026,,Pass,7.6,Routine Surveillance,Ohio,WheelingWWTP-01,Sample,WWTP,05/21/2026 09:56 AM,Lakyn Sanders
C01-1253,G,Composite,,05/14/2026 08:00 AM,05/13/2026 08:00 AM,05/14/2026 08:00 AM,LS,05/21/2026,,Pass,7.5,Routine Surveillance,Ohio,WheelingWWTP-01,Sample,WWTP,05/21/2026 09:57 AM,Lakyn Sanders
C01-1255,G,Composite,,05/18/2026 08:00 AM,05/17/2026 08:00 AM,05/18/2026 08:00 AM,LS,05/21/2026,,Pass,8.2,Routine Surveillance,Ohio,WheelingWWTP-01,Sample,WWTP,05/21/2026 09:58 AM,Lakyn Sanders
C01-1254,G,Composite,,05/15/2026 08:00 AM,05/14/2026 08:00 AM,05/15/2026 08:00 AM,LS,05/21/2026,,Pass,8.3,Routine Surveillance,Ohio,WheelingWWTP-01,Sample,WWTP,05/21/2026 09:59 AM,Lakyn Sanders
G01-1012,G,Composite,,05/18/2026 08:00 AM,05/17/2026 09:00 AM,05/18/2026 08:00 AM,LS,05/21/2026,,Pass,0.206,Routine Surveillance,Mineral,KeyserWWTP-01,Sample,WWTP,05/21/2026 10:01 AM,Lakyn Sanders
Q01-1026,G,Composite,,05/18/2026 08:00 AM,05/13/2026 08:00 AM,05/18/2026 08:00 AM,LS,05/21/2026,,Pass,0.214,Routine Surveillance,Boone,MadisonWWTP-01,Sample,WWTP,05/21/2026 10:02 AM,Lakyn Sanders
K01-0480,G,Composite,,05/19/2026 07:00 AM,05/18/2026 07:00 AM,05/19/2026 07:00 AM,LS,05/21/2026,,Pass,3.817,Routine Surveillance,Wood,ParkersburgWWTP-01,Sample,WWTP,05/21/2026 10:03 AM,Lakyn Sanders
O01-0224,G,Composite,,05/11/2026 08:00 AM,05/10/2026 08:00 AM,05/11/2026 08:00 AM,LS,05/21/2026,,Pass,0.83,Routine Surveillance,Taylor,GraftonWWTP-01,Sample,WWTP,05/21/2026 10:04 AM,Lakyn Sanders
L01-1018,G,Composite,,05/18/2026 07:00 AM,05/17/2026 07:00 AM,05/18/2026 07:00 AM,LS,05/21/2026,,Pass,0.145,Routine Surveillance,Doddridge,WestUnionWWTP-01,Sample,WWTP,05/21/2026 10:06 AM,Lakyn Sanders
A04-0583,G,Composite,,05/12/2026 12:00 AM,05/11/2026 12:00 AM,05/12/2026 12:00 AM,LS,05/21/2026,,Pass,0.567,Routine Surveillance,Monongalia,CheatLakeWWTP-01,Sample,WWTP,05/21/2026 10:06 AM,Lakyn Sanders
M04-1009,G,Composite,,05/18/2026 09:00 AM,05/17/2026 09:00 AM,05/18/2026 09:00 AM,LS,05/21/2026,,Pass,0.075,Routine Surveillance,Marion,FarmingtonWWTP-01,Sample,WWTP,05/21/2026 10:08 AM,Lakyn Sanders
O01-1010,G,Composite,,05/18/2026 08:00 AM,05/17/2026 08:00 AM,05/18/2026 08:00 AM,LS,05/21/2026,,Pass,0.74,Routine Surveillance,Taylor,GraftonWWTP-01,Sample,WWTP,05/21/2026 10:10 AM,Lakyn Sanders
N02-1009,G,Composite,,05/18/2026 07:00 AM,05/17/2026 07:00 AM,05/18/2026 07:00 AM,LS,05/21/2026,,Pass,5.68,Routine Surveillance,Harrison,ClarksburgWWTP-01,Sample,WWTP,05/21/2026 10:11 AM,Lakyn Sanders
M03-1020,G,Composite,,05/18/2026 08:00 AM,05/17/2026 08:00 AM,05/18/2026 08:00 AM,LS,05/21/2026,,Pass,0.177,Routine Surveillance,Marion,ManningtonWWTP-01,Sample,WWTP,05/21/2026 10:12 AM,Lakyn Sanders
F01-1016,G,Composite,,05/18/2026 12:00 AM,05/17/2026 12:00 AM,05/18/2026 12:00 AM,LS,05/21/2026,,Pass,1.5,Routine Surveillance,Lewis,WestonWWTP-01,Sample,WWTP,05/21/2026 10:13 AM,Lakyn Sanders
D01-1022,G,Composite,,05/14/2026 07:20 AM,05/13/2026 06:45 AM,05/14/2026 07:20 AM,LS,05/21/2026,,Pass,1.153,Routine Surveillance,Jefferson,CharlesTownWWTP-01,Sample,WWTP,05/21/2026 10:15 AM,Lakyn Sanders
R02-1026,G,Composite,,05/18/2026 08:00 AM,05/17/2026 08:00 AM,05/18/2026 08:00 AM,LS,05/21/2026,,Pass,1.37,Routine Surveillance,Randolph,ElkinsWWTP-01,Sample,WWTP,05/21/2026 10:16 AM,Lakyn Sanders
H01-1032,G,Composite,,05/18/2026 08:00 AM,05/17/2026 08:00 AM,05/18/2026 08:00 AM,LS,05/21/2026,,Pass,1.2,Routine Surveillance,Marshall,MoundsvilleWWTP-01,Sample,WWTP,05/21/2026 10:17 AM,Lakyn Sanders
U01-0171,G,Composite,,05/17/2026 09:00 AM,05/16/2026 09:00 AM,05/17/2026 09:00 AM,LS,05/21/2026,,Pass,0.223,Routine Surveillance,Fayette,WhiteOakWWTP-01,Sample,WWTP,05/21/2026 10:18 AM,Lakyn Sanders
T01-1002,G,Composite,,05/18/2026 10:45 AM,05/17/2026 10:45 AM,05/18/2026 10:45 AM,LS,05/21/2026,,Pass,0.14,Routine Surveillance,Mason,PointPleasantWWTP-01,Sample,WWTP,05/21/2026 10:19 AM,Lakyn Sanders
J01-1026,G,Composite,,05/18/2026 09:20 AM,05/17/2026 09:20 AM,05/18/2026 09:20 AM,LS,05/21/2026,,Pass,0.101,Routine Surveillance,Preston,AlpineLakeWWTP-01,Sample,WWTP,05/21/2026 10:22 AM,Lakyn Sanders
W01-1013,G,Composite,,05/18/2026 12:00 AM,05/17/2026 12:00 AM,05/18/2026 12:00 AM,LS,05/21/2026,,Pass,1.26,Routine Surveillance,Nicholas,SummersvilleWWTP-01,Sample,WWTP,05/21/2026 10:23 AM,Lakyn Sanders
A01-1451,G,Composite,,01/06/2026 12:00 AM,01/05/2026 12:00 AM,01/06/2026 12:00 AM,LS,01/15/2026,,Pass,9.3,Routine Surveillance,Monongalia,StarCityWWTP-01,Sample,WWTP,01/15/2026 10:59 AM,Lakyn Sanders
A01-1452,G,Composite,,01/08/2026 12:00 AM,01/07/2026 12:00 AM,01/08/2026 12:00 AM,LS,01/15/2026,,Pass,9.1,Routine Surveillance,Monongalia,StarCityWWTP-01,Sample,WWTP,01/15/2026 11:00 AM,Lakyn Sanders
A01-1453,G,Composite,,01/09/2026 12:00 AM,01/08/2026 12:00 AM,01/09/2026 12:00 AM,LS,01/15/2026,,Pass,8.6,Routine Surveillance,Monongalia,StarCityWWTP-01,Sample,WWTP,01/15/2026 11:01 AM,Lakyn Sanders
A01-1454,G,Composite,,01/11/2026 12:00 AM,01/10/2026 12:00 AM,01/11/2026 12:00 AM,LS,01/15/2026,,Pass,10.2,Routine Surveillance,Monongalia,StarCityWWTP-01,Sample,WWTP,01/15/2026 11:03 AM,Lakyn Sanders
A01-1455,G,Composite,,01/12/2026 12:00 AM,01/11/2026 12:00 AM,01/12/2026 12:00 AM,LS,01/15/2026,,Pass,10.7,Routine Surveillance,Monongalia,StarCityWWTP-01,Sample,WWTP,01/15/2026 11:03 AM,Lakyn Sanders
A01-1456,G,Composite,,01/13/2026 12:00 AM,01/12/2026 12:00 AM,01/13/2026 12:00 AM,LS,01/15/2026,,Pass,9.7,Routine Surveillance,Monongalia,StarCityWWTP-01,Sample,WWTP,01/15/2026 11:04 AM,Lakyn Sanders
A01-1457,G,Composite,,01/14/2026 12:00 AM,01/13/2026 12:00 AM,01/14/2026 12:00 AM,LS,01/15/2026,,Pass,9.0,Routine Surveillance,Monongalia,StarCityWWTP-01,Sample,WWTP,01/15/2026 11:08 AM,Lakyn Sanders
C01-1158,G,Composite,,01/12/2026 07:00 AM,01/11/2026 07:00 AM,01/12/2026 07:00 AM,LS,01/15/2026,,Pass,7.8,Routine Surveillance,Ohio,WheelingWWTP-01,Sample,WWTP,01/15/2026 11:20 AM,Lakyn Sanders
C01-1159,G,Composite,,01/09/2026 07:00 AM,01/08/2026 07:00 AM,01/09/2026 07:00 AM,LS,01/15/2026,,Pass,7.2,Routine Surveillance,Ohio,WheelingWWTP-01,Sample,WWTP,01/15/2026 11:22 AM,Lakyn Sanders
C01-1160,G,Composite,,01/08/2026 07:00 AM,01/07/2026 07:00 AM,01/08/2026 07:00 AM,LS,01/15/2026,,Pass,7.0,Routine Surveillance,Ohio,WheelingWWTP-01,Sample,WWTP,01/15/2026 11:31 AM,Lakyn Sanders
C01-1161,G,Composite,,01/07/2026 07:00 AM,01/06/2026 07:00 AM,01/07/2026 07:00 AM,LS,01/15/2026,,Pass,7.9,Routine Surveillance,Ohio,WheelingWWTP-01,Sample,WWTP,01/15/2026 11:33 AM,Lakyn Sanders
C01-1162,G,Composite,,01/06/2026 07:00 AM,01/05/2026 07:00 AM,01/06/2026 07:00 AM,LS,01/15/2026,,Pass,6.6,Routine Surveillance,Ohio,WheelingWWTP-01,Sample,WWTP,01/15/2026 11:34 AM,Lakyn Sanders
T01-0422,G,Composite,,01/12/2026 12:15 PM,01/11/2026 12:00 PM,01/12/2026 12:00 PM,LS,01/15/2026,,Pass,0.2,Routine Surveillance,Mason,PointPleasantWWTP-01,Sample,WWTP,01/15/2026 11:35 AM,Lakyn Sanders
K01-0453,G,Composite,,01/13/2026 06:20 AM,01/12/2026 06:20 AM,01/13/2026 06:20 AM,LS,01/15/2026,,Pass,4.632,Routine Surveillance,Wood,ParkersburgWWTP-01,Sample,WWTP,01/15/2026 11:36 AM,Lakyn Sanders
Q01-1008,G,Composite,,01/12/2026 08:00 AM,01/06/2026 08:00 AM,01/12/2026 08:00 AM,LS,01/15/2026,,Pass,0.354,Routine Surveillance,Boone,MadisonWWTP-01,Sample,WWTP,01/15/2026 11:38 AM,Lakyn Sanders
D01-1006,G,Composite,,01/13/2026 07:00 AM,01/12/2026 07:00 AM,01/13/2026 07:00 AM,LS,01/15/2026,,Pass,1.21,Routine Surveillance,Jefferson,CharlesTownWWTP-01,Sample,WWTP,01/15/2026 11:40 AM,Lakyn Sanders
J01-1008,G,Composite,,01/12/2026 07:30 AM,01/11/2026 07:30 AM,01/12/2026 07:30 AM,LS,01/15/2026,,Pass,0.149,Routine Surveillance,Preston,AlpineLakeWWTP-01,Sample,WWTP,01/15/2026 11:42 AM,Lakyn Sanders
U01-0172,G,Composite,,01/12/2026 10:00 AM,01/11/2026 10:00 AM,01/12/2026 10:00 AM,LS,01/15/2026,,Pass,0.734,Routine Surveillance,Fayette,WhiteOakWWTP-01,Sample,WWTP,01/15/2026 11:43 AM,Lakyn Sanders
H01-1015,G,Composite,,01/12/2026 08:00 AM,01/11/2026 08:00 AM,01/12/2026 08:00 AM,LS,01/15/2026,,Pass,1.3,Routine Surveillance,Marshall,MoundsvilleWWTP-01,Sample,WWTP,01/15/2026 11:44 AM,Lakyn Sanders
R02-1005,G,Composite,,12/29/2025 08:00 AM,12/28/2025 08:00 AM,12/29/2025 08:00 AM,LS,01/15/2026,,Pass,3.12,Routine Surveillance,Randolph,ElkinsWWTP-01,Sample,WWTP,01/15/2026 11:46 AM,Lakyn Sanders
R02-1006,G,Composite,,12/22/2025 08:00 AM,12/21/2025 08:00 AM,12/22/2025 08:00 AM,LS,01/15/2026,,Pass,2.78,Routine Surveillance,Randolph,ElkinsWWTP-01,Sample,WWTP,01/15/2026 11:48 AM,Lakyn Sanders
R02-1007,G,Composite,,01/05/2026 08:00 AM,01/04/2026 08:00 AM,01/05/2026 08:00 AM,LS,01/15/2026,,Pass,2.75,Routine Surveillance,Randolph,ElkinsWWTP-01,Sample,WWTP,01/15/2026 11:49 AM,Lakyn Sanders
N02-0581,G,Composite,,01/12/2026 07:00 AM,01/11/2026 07:00 AM,01/12/2026 07:00 AM,LS,01/15/2026,,Pass,8.36,Routine Surveillance,Harrison,ClarksburgWWTP-01,Sample,WWTP,01/15/2026 11:50 AM,Lakyn Sanders
L01-1003,G,Composite,,01/12/2026 07:00 AM,01/11/2026 07:00 AM,01/12/2026 07:00 AM,LS,01/15/2026,,Pass,0.254,Routine Surveillance,Doddridge,WestUnionWWTP-01,Sample,WWTP,01/15/2026 11:51 AM,Lakyn Sanders
O01-0579,G,Composite,,01/12/2026 08:00 AM,01/11/2026 08:00 AM,01/12/2026 08:00 AM,LS,01/15/2026,,Pass,1.64,Routine Surveillance,Taylor,GraftonWWTP-01,Sample,WWTP,01/15/2026 11:52 AM,Lakyn Sanders
P01-1006,G,Composite,,01/12/2026 07:00 AM,01/11/2026 07:00 AM,01/12/2026 07:00 AM,LS,01/15/2026,,Pass,0.205,Routine Surveillance,Pleasants,StMarysWWTP-01,Sample,WWTP,01/15/2026 11:54 AM,Lakyn Sanders
M04-0429,G,Composite,,01/12/2026 08:00 AM,01/11/2026 08:00 AM,01/12/2026 08:00 AM,LS,01/15/2026,,Pass,0.078,Routine Surveillance,Marion,FarmingtonWWTP-01,Sample,WWTP,01/15/2026 11:55 AM,Lakyn Sanders
A04-0599,G,Composite,,01/06/2026 12:00 AM,01/05/2026 12:00 AM,01/06/2026 12:00 AM,LS,01/15/2026,,Pass,0.666,Routine Surveillance,Monongalia,CheatLakeWWTP-01,Sample,WWTP,01/15/2026 11:56 AM,Lakyn Sanders
R02-1008,G,Composite,,01/12/2026 08:00 AM,01/11/2026 08:00 AM,01/12/2026 08:00 AM,LS,01/15/2026,,Pass,4.45,Routine Surveillance,Randolph,ElkinsWWTP-01,Sample,WWTP,01/15/2026 11:58 AM,Lakyn Sanders
F01-1003,G,Composite,,01/07/2026 12:00 AM,01/06/2026 12:00 AM,01/07/2026 12:00 AM,LS,01/15/2026,,Pass,1.4,Routine Surveillance,Lewis,WestonWWTP-01,Sample,WWTP,01/15/2026 12:02 PM,Lakyn Sanders
F01-1004,G,Composite,,01/12/2026 12:00 AM,01/11/2026 12:00 AM,01/12/2026 12:00 AM,LS,01/15/2026,,Pass,1.5,Routine Surveillance,Lewis,WestonWWTP-01,Sample,WWTP,01/15/2026 12:03 PM,Lakyn Sanders
A01-1460,G,Composite,,01/17/2026 12:00 AM,01/16/2026 12:00 AM,01/17/2026 12:00 AM,LS,01/29/2026,,Pass,10.1,Routine Surveillance,Monongalia,StarCityWWTP-01,Sample,WWTP,01/29/2026 10:41 AM,Lakyn Sanders
A01-1461,G,Composite,,01/18/2026 12:00 AM,01/17/2026 12:00 AM,01/18/2026 12:00 AM,LS,01/29/2026,,Pass,9.6,Routine Surveillance,Monongalia,StarCityWWTP-01,Sample,WWTP,01/29/2026 10:42 AM,Lakyn Sanders
A01-1462,G,Composite,,01/19/2026 12:00 AM,01/18/2026 12:00 AM,01/19/2026 12:00 AM,LS,01/29/2026,,Pass,9.1,Routine Surveillance,Monongalia,StarCityWWTP-01,Sample,WWTP,01/29/2026 10:43 AM,Lakyn Sanders
A01-1463,G,Composite,,01/20/2026 12:00 AM,01/19/2026 12:00 AM,01/20/2026 12:00 AM,LS,01/29/2026,,Pass,8.5,Routine Surveillance,Monongalia,StarCityWWTP-01,Sample,WWTP,01/29/2026 10:44 AM,Lakyn Sanders
A01-1464,G,Composite,,01/21/2026 12:00 AM,01/20/2026 12:00 AM,01/21/2026 12:00 AM,LS,01/29/2026,,Pass,10.4,Routine Surveillance,Monongalia,StarCityWWTP-01,Sample,WWTP,01/29/2026 10:45 AM,Lakyn Sanders
A01-1465,G,Composite,,01/22/2026 12:00 AM,01/21/2026 12:00 AM,01/22/2026 12:00 AM,LS,01/29/2026,,Pass,11.4,Routine Surveillance,Monongalia,StarCityWWTP-01,Sample,WWTP,01/29/2026 10:46 AM,Lakyn Sanders
H01-1016,G,Composite,,01/26/2026 08:00 AM,01/25/2026 08:00 AM,01/26/2026 08:00 AM,LS,01/29/2026,,Pass,1.3,Routine Surveillance,Marshall,MoundsvilleWWTP-01,Sample,WWTP,01/29/2026 10:47 AM,Lakyn Sanders
R02-1009,G,Composite,,01/20/2026 08:00 AM,01/19/2026 08:00 AM,01/20/2026 08:00 AM,LS,01/29/2026,,Pass,2.48,Routine Surveillance,Randolph,ElkinsWWTP-01,Sample,WWTP,01/29/2026 10:50 AM,Lakyn Sanders
A04-0597,G,Composite,,01/20/2026 12:00 AM,01/19/2026 12:00 AM,01/20/2026 12:00 AM,LS,01/29/2026,,Pass,0.623,Routine Surveillance,Monongalia,CheatLakeWWTP-01,Sample,WWTP,01/29/2026 10:51 AM,Lakyn Sanders
C01-1200,G,Composite,,01/13/2026 08:00 AM,01/12/2026 08:00 AM,01/13/2026 08:00 AM,LS,01/29/2026,,Pass,7.8,Routine Surveillance,Ohio,WheelingWWTP-01,Sample,WWTP,01/29/2026 11:15 AM,Lakyn Sanders
C01-1201,G,Composite,,01/14/2026 08:00 AM,01/13/2026 08:00 AM,01/14/2026 08:00 AM,LS,01/29/2026,,Pass,7.2,Routine Surveillance,Ohio,WheelingWWTP-01,Sample,WWTP,01/29/2026 11:16 AM,Lakyn Sanders
C01-1202,G,Composite,,01/15/2026 08:00 AM,01/14/2026 08:00 AM,01/15/2026 08:00 AM,LS,01/29/2026,,Pass,11.3,Routine Surveillance,Ohio,WheelingWWTP-01,Sample,WWTP,01/29/2026 11:17 AM,Lakyn Sanders
C01-1203,G,Composite,,01/16/2026 08:00 AM,01/15/2026 08:00 AM,01/16/2026 08:00 AM,LS,01/29/2026,,Pass,10.2,Routine Surveillance,Ohio,WheelingWWTP-01,Sample,WWTP,01/29/2026 11:17 AM,Lakyn Sanders
C01-1204,G,Composite,,01/19/2026 08:00 AM,01/18/2026 08:00 AM,01/19/2026 08:00 AM,LS,01/29/2026,,Pass,7.1,Routine Surveillance,Ohio,WheelingWWTP-01,Sample,WWTP,01/29/2026 11:19 AM,Lakyn Sanders
R02-1010,G,Composite,,01/27/2026 08:00 AM,01/26/2026 08:00 AM,01/27/2026 08:00 AM,LS,01/29/2026,,Pass,2.55,Routine Surveillance,Randolph,ElkinsWWTP-01,Sample,WWTP,01/29/2026 11:20 AM,Lakyn Sanders
C01-1205,G,Composite,,01/20/2026 08:00 AM,01/19/2026 08:00 AM,01/20/2026 08:00 AM,LS,01/29/2026,,Pass,6.8,Routine Surveillance,Ohio,WheelingWWTP-01,Sample,WWTP,01/29/2026 11:23 AM,Lakyn Sanders
C01-1206,G,Composite,,01/21/2026 08:00 AM,01/20/2026 08:00 AM,01/21/2026 08:00 AM,LS,01/29/2026,,Pass,2.0,Routine Surveillance,Ohio,WheelingWWTP-01,Sample,WWTP,01/29/2026 11:24 AM,Lakyn Sanders
C01-1207,G,Composite,,01/22/2026 08:00 AM,01/21/2026 08:00 AM,01/22/2026 08:00 AM,LS,01/29/2026,,Pass,11.0,Routine Surveillance,Ohio,WheelingWWTP-01,Sample,WWTP,01/29/2026 11:25 AM,Lakyn Sanders
C01-1208,G,Composite,,01/23/2026 08:00 AM,01/22/2026 08:00 AM,01/23/2026 08:00 AM,LS,01/29/2026,,Pass,7.5,Routine Surveillance,Ohio,WheelingWWTP-01,Sample,WWTP,01/29/2026 11:26 AM,Lakyn Sanders
C01-1209,G,Composite,,01/26/2026 08:00 AM,01/25/2026 08:00 AM,01/26/2026 08:00 AM,LS,01/29/2026,,Pass,7.4,Routine Surveillance,Ohio,WheelingWWTP-01,Sample,WWTP,01/29/2026 11:27 AM,Lakyn Sanders
G01-0650,G,Composite,,01/27/2026 08:00 AM,01/26/2026 08:00 AM,01/27/2026 08:00 AM,LS,01/29/2026,,Pass,0.7313,Routine Surveillance,Mineral,KeyserWWTP-01,Sample,WWTP,01/29/2026 11:29 AM,Lakyn Sanders
K01-0468,G,Composite,,01/27/2026 06:30 AM,01/26/2026 06:30 AM,01/27/2026 06:30 AM,LS,01/29/2026,,Pass,5.769,Routine Surveillance,Wood,ParkersburgWWTP-01,Sample,WWTP,01/29/2026 11:30 AM,Lakyn Sanders
T01-0415,G,Composite,,01/19/2026 07:30 AM,01/18/2026 07:30 AM,01/19/2026 07:30 AM,LS,01/29/2026,,Pass,0.11,Routine Surveillance,Mason,PointPleasantWWTP-01,Sample,WWTP,01/29/2026 11:32 AM,Lakyn Sanders
T01-0421,G,Composite,,01/26/2026 09:30 AM,01/25/2026 09:30 AM,01/26/2026 09:30 AM,LS,01/29/2026,,Pass,0.56,Routine Surveillance,Mason,PointPleasantWWTP-01,Sample,WWTP,01/29/2026 11:33 AM,Lakyn Sanders
Q01-1010,G,Composite,,01/27/2026 12:00 AM,01/20/2026 12:00 AM,01/26/2026 12:00 AM,LS,01/29/2026,Frozen,Fail: Arrived Frozen,0.7887,Routine Surveillance,Boone,MadisonWWTP-01,Sample,WWTP,01/29/2026 11:37 AM,Lakyn Sanders
U01-1005,G,Composite,,01/22/2026 08:40 AM,01/21/2026 08:40 AM,01/22/2026 08:40 AM,LS,01/29/2026,,Pass,0.302,Routine Surveillance,Fayette,WhiteOakWWTP-01,Sample,WWTP,01/29/2026 11:39 AM,Lakyn Sanders
A01-1472,G,Composite,,01/31/2026 12:00 AM,01/30/2026 12:00 AM,01/31/2026 12:00 AM,LS,02/05/2026,,Pass,8.6,Routine Surveillance,Monongalia,StarCityWWTP-01,Sample,WWTP,02/05/2026 11:33 AM,Lakyn Sanders
A01-1473,G,Composite,,02/01/2026 12:00 AM,01/31/2026 12:00 AM,02/01/2026 12:00 AM,LS,02/05/2026,,Pass,8.9,Routine Surveillance,Monongalia,StarCityWWTP-01,Sample,WWTP,02/05/2026 11:34 AM,Lakyn Sanders
A01-1474,G,Composite,,02/02/2026 12:00 AM,02/01/2026 12:00 AM,02/02/2026 12:00 AM,LS,02/05/2026,,Pass,8.7,Routine Surveillance,Monongalia,StarCityWWTP-01,Sample,WWTP,02/05/2026 11:35 AM,Lakyn Sanders
A01-1475,G,Composite,,02/03/2026 12:00 AM,02/02/2026 12:00 AM,02/03/2026 12:00 AM,LS,02/05/2026,,Pass,9.1,Routine Surveillance,Monongalia,StarCityWWTP-01,Sample,WWTP,02/05/2026 11:36 AM,Lakyn Sanders
C01-1163,G,Composite,,01/27/2026 08:00 AM,01/26/2026 08:00 AM,01/27/2026 08:00 AM,LS,02/05/2026,,Pass,7.5,Routine Surveillance,Ohio,WheelingWWTP-01,Sample,WWTP,02/05/2026 11:38 AM,Lakyn Sanders
C01-1164,G,Composite,,01/28/2026 08:00 AM,01/27/2026 08:00 AM,01/28/2026 08:00 AM,LS,02/05/2026,,Pass,8.0,Routine Surveillance,Ohio,WheelingWWTP-01,Sample,WWTP,02/05/2026 11:38 AM,Lakyn Sanders
C01-1165,G,Composite,,01/29/2026 08:00 AM,01/28/2026 08:00 AM,01/29/2026 08:00 AM,LS,02/05/2026,,Pass,7.7,Routine Surveillance,Ohio,WheelingWWTP-01,Sample,WWTP,02/05/2026 11:39 AM,Lakyn Sanders
C01-1166,G,Composite,,01/30/2026 08:00 AM,01/29/2026 08:00 AM,01/30/2026 08:00 AM,LS,02/05/2026,,Pass,8.0,Routine Surveillance,Ohio,WheelingWWTP-01,Sample,WWTP,02/05/2026 11:40 AM,Lakyn Sanders
C01-1167,G,Composite,,02/02/2026 08:00 AM,02/01/2026 08:00 AM,02/02/2026 08:00 AM,LS,02/05/2026,,Pass,7.6,Routine Surveillance,Ohio,WheelingWWTP-01,Sample,WWTP,02/05/2026 11:41 AM,Lakyn Sanders
O01-0570,G,Composite,,01/26/2026 08:00 AM,01/25/2026 08:00 AM,01/26/2026 08:00 AM,LS,02/05/2026,,Pass,1.36,Routine Surveillance,Taylor,GraftonWWTP-01,Sample,WWTP,02/05/2026 11:42 AM,Lakyn Sanders
R02-1011,G,Composite,,02/02/2026 08:00 AM,02/01/2026 08:00 AM,02/02/2026 08:00 AM,LS,02/05/2026,,Pass,2.57,Routine Surveillance,Randolph,ElkinsWWTP-01,Sample,WWTP,02/05/2026 11:44 AM,Lakyn Sanders
J01-1010,G,Composite,,02/02/2026 07:30 AM,02/01/2026 07:30 AM,02/02/2026 07:30 AM,LS,02/05/2026,,Pass,0.059,Routine Surveillance,Preston,AlpineLakeWWTP-01,Sample,WWTP,02/05/2026 11:46 AM,Lakyn Sanders
H01-1017,G,Composite,,02/02/2026 08:00 AM,02/01/2026 08:00 AM,02/02/2026 08:00 AM,LS,02/05/2026,,Pass,1.3,Routine Surveillance,Marshall,MoundsvilleWWTP-01,Sample,WWTP,02/05/2026 11:47 AM,Lakyn Sanders
K01-0460,G,Composite,,02/03/2026 06:20 AM,02/02/2026 06:30 AM,02/03/2026 06:30 AM,LS,02/05/2026,,Pass,4.758,Routine Surveillance,Wood,ParkersburgWWTP-01,Sample,WWTP,02/05/2026 11:48 AM,Lakyn Sanders
N02-1001,G,Composite,,01/28/2026 07:00 AM,01/27/2026 07:00 AM,01/28/2026 07:00 AM,LS,02/05/2026,,Pass,8.628,Routine Surveillance,Harrison,ClarksburgWWTP-01,Sample,WWTP,02/05/2026 11:50 AM,Lakyn Sanders
D01-1008,G,Composite,,02/03/2026 08:00 AM,02/02/2026 08:00 AM,02/03/2026 08:00 AM,LS,02/05/2026,,Pass,1.69,Routine Surveillance,Jefferson,CharlesTownWWTP-01,Sample,WWTP,02/05/2026 11:54 AM,Lakyn Sanders
O01-0578,G,Composite,,01/19/2026 08:00 AM,01/18/2026 08:00 AM,01/19/2026 08:00 AM,LS,02/05/2026,,Pass,1.98,Routine Surveillance,Taylor,GraftonWWTP-01,Sample,WWTP,02/05/2026 11:55 AM,Lakyn Sanders
O01-0571,G,Composite,,02/02/2026 08:00 AM,02/01/2026 08:00 AM,02/02/2026 08:00 AM,LS,02/05/2026,,Pass,1.12,Routine Surveillance,Taylor,GraftonWWTP-01,Sample,WWTP,02/05/2026 11:56 AM,Lakyn Sanders
N02-0585,G,Composite,,02/02/2026 08:30 AM,02/01/2026 07:00 AM,02/02/2026 07:00 AM,LS,02/05/2026,,Pass,1.6,Routine Surveillance,Harrison,ClarksburgWWTP-01,Sample,WWTP,02/05/2026 11:57 AM,Lakyn Sanders
M03-1006,G,Composite,,01/27/2026 08:00 AM,01/25/2026 08:00 AM,01/26/2026 08:00 AM,LS,02/05/2026,,Pass,0.348,Routine Surveillance,Marion,ManningtonWWTP-01,Sample,WWTP,02/05/2026 11:59 AM,Lakyn Sanders
M04-0427,G,Composite,,02/02/2026 08:00 AM,02/01/2026 08:00 AM,02/02/2026 08:00 AM,LS,02/05/2026,,Pass,0.068,Routine Surveillance,Marion,FarmingtonWWTP-01,Sample,WWTP,02/05/2026 12:00 PM,Lakyn Sanders
U01-0161,G,Composite,,02/02/2026 10:40 PM,02/01/2026 10:40 PM,02/02/2026 10:40 PM,LS,02/05/2026,,Pass,0.244,Routine Surveillance,Fayette,WhiteOakWWTP-01,Sample,WWTP,02/05/2026 12:01 PM,Lakyn Sanders
J01-1011,G,Composite,,01/28/2026 07:30 AM,01/27/2026 07:30 AM,01/28/2026 07:30 AM,LS,02/05/2026,,Pass,0.075,Routine Surveillance,Preston,AlpineLakeWWTP-01,Sample,WWTP,02/05/2026 12:03 PM,Lakyn Sanders
D01-1009,G,Composite,,01/29/2026 07:00 AM,01/28/2026 07:00 AM,01/29/2026 07:00 AM,LS,02/05/2026,,Pass,1.53,Routine Surveillance,Jefferson,CharlesTownWWTP-01,Sample,WWTP,02/05/2026 12:04 PM,Lakyn Sanders
A04-0596,G,Composite,,02/03/2026 12:00 AM,02/02/2026 12:00 AM,02/03/2026 12:00 AM,LS,02/05/2026,,Pass,0.580,Routine Surveillance,Monongalia,CheatLakeWWTP-01,Sample,WWTP,02/05/2026 12:05 PM,Lakyn Sanders
A01-1476,G,Composite,,02/04/2026 12:00 AM,02/03/2026 12:00 AM,02/04/2026 12:00 AM,LS,02/12/2026,,Pass,9.1,Routine Surveillance,Monongalia,StarCityWWTP-01,Sample,WWTP,02/12/2026 11:14 AM,Lakyn Sanders
A01-1477,G,Composite,,02/05/2026 12:00 AM,02/04/2026 12:00 AM,02/05/2026 12:00 AM,LS,02/12/2026,,Pass,9.0,Routine Surveillance,Monongalia,StarCityWWTP-01,Sample,WWTP,02/12/2026 11:15 AM,Lakyn Sanders
A01-1478,G,Composite,,02/07/2026 12:00 AM,02/06/2026 12:00 AM,02/07/2026 12:00 AM,LS,02/12/2026,,Pass,8.3,Routine Surveillance,Monongalia,StarCityWWTP-01,Sample,WWTP,02/12/2026 11:15 AM,Lakyn Sanders
A01-1479,G,Composite,,02/08/2026 12:00 AM,02/07/2026 12:00 AM,02/08/2026 12:00 AM,LS,02/12/2026,,Pass,8.3,Routine Surveillance,Monongalia,StarCityWWTP-01,Sample,WWTP,02/12/2026 11:16 AM,Lakyn Sanders
A01-1480,G,Composite,,02/09/2026 12:00 AM,02/08/2026 12:00 AM,02/09/2026 12:00 AM,LS,02/12/2026,,Pass,8.7,Routine Surveillance,Monongalia,StarCityWWTP-01,Sample,WWTP,02/12/2026 11:17 AM,Lakyn Sanders
A01-1481,G,Composite,,02/10/2026 12:00 AM,02/09/2026 12:00 AM,02/10/2026 12:00 AM,LS,02/12/2026,,Pass,12.0,Routine Surveillance,Monongalia,StarCityWWTP-01,Sample,WWTP,02/12/2026 11:17 AM,Lakyn Sanders
C01-1168,G,Composite,,02/03/2026 08:00 AM,02/02/2026 08:00 AM,02/03/2026 08:00 AM,LS,02/12/2026,,Pass,7.2,Routine Surveillance,Ohio,WheelingWWTP-01,Sample,WWTP,02/12/2026 11:19 AM,Lakyn Sanders
C01-1169,G,Composite,,02/04/2026 08:00 AM,02/03/2026 08:00 AM,02/04/2026 08:00 AM,LS,02/12/2026,,Pass,7.7,Routine Surveillance,Ohio,WheelingWWTP-01,Sample,WWTP,02/12/2026 11:20 AM,Lakyn Sanders
C01-1170,G,Composite,,02/05/2026 08:00 AM,02/04/2026 08:00 AM,02/05/2026 08:00 AM,LS,02/12/2026,,Pass,7.6,Routine Surveillance,Ohio,WheelingWWTP-01,Sample,WWTP,02/12/2026 11:20 AM,Lakyn Sanders
C01-1171,G,Composite,,02/06/2026 08:00 AM,02/05/2026 08:00 AM,02/06/2026 08:00 AM,LS,02/12/2026,,Pass,7.1,Routine Surveillance,Ohio,WheelingWWTP-01,Sample,WWTP,02/12/2026 11:21 AM,Lakyn Sanders
C01-1172,G,Composite,,02/09/2026 08:00 AM,02/08/2026 08:00 AM,02/09/2026 08:00 AM,LS,02/12/2026,,Pass,7.0,Routine Surveillance,Ohio,WheelingWWTP-01,Sample,WWTP,02/12/2026 11:22 AM,Lakyn Sanders
R02-1012,G,Composite,,02/09/2026 08:00 AM,02/08/2026 08:00 AM,02/09/2026 08:00 AM,LS,02/12/2026,,Pass,2.1,Routine Surveillance,Randolph,ElkinsWWTP-01,Sample,WWTP,02/12/2026 11:23 AM,Lakyn Sanders
D01-1010,G,Composite,,02/10/2026 07:00 AM,02/09/2026 07:00 AM,02/10/2026 07:00 AM,LS,02/12/2026,,Pass,1.59,Routine Surveillance,Jefferson,CharlesTownWWTP-01,Sample,WWTP,02/12/2026 11:25 AM,Lakyn Sanders
K01-0464,G,Composite,,02/10/2026 06:30 AM,02/09/2026 06:30 AM,02/10/2026 06:30 AM,LS,02/12/2026,,Pass,4.753,Routine Surveillance,Wood,ParkersburgWWTP-01,Sample,WWTP,02/12/2026 11:26 AM,Lakyn Sanders
A04-0595,G,Composite,,02/10/2026 12:00 AM,02/09/2026 12:00 AM,02/10/2026 12:00 AM,LS,02/12/2026,,Pass,0.558,Routine Surveillance,Monongalia,CheatLakeWWTP-01,Sample,WWTP,02/12/2026 11:28 AM,Lakyn Sanders
Q01-1011,G,Composite,,02/09/2026 08:00 AM,02/04/2026 08:00 AM,02/09/2026 08:00 AM,LS,02/12/2026,,Pass,0.30,Routine Surveillance,Boone,MadisonWWTP-01,Sample,WWTP,02/12/2026 11:29 AM,Lakyn Sanders
U01-0109,G,Composite,,02/09/2026 10:30 PM,02/08/2026 10:30 PM,02/09/2026 10:30 PM,LS,02/12/2026,,Pass,0.370,Routine Surveillance,Fayette,WhiteOakWWTP-01,Sample,WWTP,02/12/2026 11:30 AM,Lakyn Sanders
Q01-1012,G,Composite,,02/02/2026 08:00 AM,01/28/2026 08:00 AM,02/02/2026 08:00 AM,LS,02/12/2026,,Pass,0.355,Routine Surveillance,Boone,MadisonWWTP-01,Sample,WWTP,02/12/2026 11:32 AM,Lakyn Sanders
O01-0577,G,Composite,,02/09/2026 08:00 AM,02/08/2026 08:00 AM,02/09/2026 08:00 AM,LS,02/12/2026,,Pass,0.89,Routine Surveillance,Taylor,GraftonWWTP-01,Sample,WWTP,02/12/2026 11:32 AM,Lakyn Sanders
M04-0433,G,Composite,,02/09/2026 09:15 AM,02/08/2026 09:00 AM,02/09/2026 08:00 AM,LS,02/12/2026,,Pass,0.063,Routine Surveillance,Marion,FarmingtonWWTP-01,Sample,WWTP,02/12/2026 11:33 AM,Lakyn Sanders
M03-1007,G,Composite,,02/09/2026 08:00 AM,02/08/2026 08:00 AM,02/09/2026 08:00 AM,LS,02/12/2026,,Pass,0.159,Routine Surveillance,Marion,ManningtonWWTP-01,Sample,WWTP,02/12/2026 11:35 AM,Lakyn Sanders
M03-1008,G,Composite,,01/26/2026 08:00 AM,01/25/2026 08:00 AM,01/26/2026 08:00 AM,LS,02/12/2026,,Pass,0.294,Routine Surveillance,Marion,ManningtonWWTP-01,Sample,WWTP,02/12/2026 11:37 AM,Lakyn Sanders
P01-1008,G,Composite,,02/09/2026 08:00 AM,02/08/2026 08:00 AM,02/09/2026 08:00 AM,LS,02/12/2026,,Fail: Missing Required Data,,Routine Surveillance,Pleasants,StMarysWWTP-01,Sample,WWTP,02/12/2026 11:40 AM,Lakyn Sanders
N02-0583,G,Composite,,02/09/2026 07:00 AM,02/08/2026 07:00 AM,02/09/2026 07:00 AM,LS,02/12/2026,,Pass,7.36,Routine Surveillance,Harrison,ClarksburgWWTP-01,Sample,WWTP,02/12/2026 11:42 AM,Lakyn Sanders
J01-1012,G,Composite,,02/09/2026 07:30 AM,02/08/2026 07:30 AM,02/09/2026 07:30 AM,LS,02/12/2026,,Pass,0.049,Routine Surveillance,Preston,AlpineLakeWWTP-01,Sample,WWTP,02/12/2026 11:43 AM,Lakyn Sanders
H01-1018,G,Composite,,02/09/2026 08:00 AM,02/08/2026 08:00 AM,02/09/2026 08:00 AM,LS,02/12/2026,,Pass,1.4,Routine Surveillance,Marshall,MoundsvilleWWTP-01,Sample,WWTP,02/12/2026 11:44 AM,Lakyn Sanders
A01-1482,G,Composite,,02/11/2026 12:00 AM,02/10/2026 12:00 AM,02/11/2026 12:00 AM,LS,02/19/2026,,Pass,14.6,Routine Surveillance,Monongalia,StarCityWWTP-01,Sample,WWTP,02/19/2026 11:05 AM,Lakyn Sanders
A01-1483,G,Composite,,02/12/2026 12:00 AM,02/11/2026 12:00 AM,02/12/2026 12:00 AM,LS,02/19/2026,,Pass,11.6,Routine Surveillance,Monongalia,StarCityWWTP-01,Sample,WWTP,02/19/2026 11:06 AM,Lakyn Sanders
A01-1484,G,Composite,,02/14/2026 12:00 AM,02/13/2026 12:00 AM,02/14/2026 12:00 AM,LS,02/19/2026,,Pass,10.2,Routine Surveillance,Monongalia,StarCityWWTP-01,Sample,WWTP,02/19/2026 11:06 AM,Lakyn Sanders
A01-1485,G,Composite,,02/15/2026 12:00 AM,02/14/2026 12:00 AM,02/15/2026 12:00 AM,LS,02/19/2026,,Pass,12.0,Routine Surveillance,Monongalia,StarCityWWTP-01,Sample,WWTP,02/19/2026 11:07 AM,Lakyn Sanders
A01-1486,G,Composite,,02/16/2026 12:00 AM,02/15/2026 12:00 AM,02/16/2026 12:00 AM,LS,02/19/2026,,Pass,11.7,Routine Surveillance,Monongalia,StarCityWWTP-01,Sample,WWTP,02/19/2026 11:08 AM,Lakyn Sanders
A01-1487,G,Composite,,02/17/2026 12:00 AM,02/16/2026 12:00 AM,02/17/2026 12:00 AM,LS,02/19/2026,,Pass,11.3,Routine Surveillance,Monongalia,StarCityWWTP-01,Sample,WWTP,02/19/2026 11:09 AM,Lakyn Sanders
H01-1019,G,Composite,,02/17/2026 08:00 AM,02/16/2026 08:00 AM,02/17/2026 08:00 AM,LS,02/19/2026,,Pass,2.2,Routine Surveillance,Marshall,MoundsvilleWWTP-01,Sample,WWTP,02/19/2026 11:10 AM,Lakyn Sanders
K01-0475,G,Composite,,02/17/2026 06:30 AM,02/16/2026 06:30 AM,02/17/2026 06:30 AM,LS,02/19/2026,,Pass,9.200,Routine Surveillance,Wood,ParkersburgWWTP-01,Sample,WWTP,02/19/2026 11:11 AM,Lakyn Sanders
R02-1013,G,Composite,,02/16/2026 08:00 AM,02/15/2026 08:00 AM,02/16/2026 08:00 AM,LS,02/19/2026,,Pass,2.5,Routine Surveillance,Randolph,ElkinsWWTP-01,Sample,WWTP,02/19/2026 11:13 AM,Lakyn Sanders
N02-0575,G,Composite,,02/16/2026 07:00 AM,02/15/2026 07:00 AM,02/16/2026 07:00 AM,LS,02/19/2026,,Pass,12.0,Routine Surveillance,Harrison,ClarksburgWWTP-01,Sample,WWTP,02/19/2026 11:14 AM,Lakyn Sanders
L01-1005,G,Composite,,02/16/2026 07:00 AM,02/15/2026 07:00 AM,02/16/2026 07:00 AM,LS,02/19/2026,,Pass,0.251,Routine Surveillance,Doddridge,WestUnionWWTP-01,Sample,WWTP,02/19/2026 11:16 AM,Lakyn Sanders
M03-1009,G,Composite,,02/16/2026 08:00 AM,02/15/2026 08:00 AM,02/16/2026 08:00 AM,LS,02/19/2026,,Pass,0.406,Routine Surveillance,Marion,ManningtonWWTP-01,Sample,WWTP,02/19/2026 11:17 AM,Lakyn Sanders
M04-0428,G,Composite,,02/16/2026 09:00 AM,02/15/2026 09:00 AM,02/16/2026 09:00 AM,LS,02/19/2026,,Pass,0.123,Routine Surveillance,Marion,FarmingtonWWTP-01,Sample,WWTP,02/19/2026 11:18 AM,Lakyn Sanders
D01-1011,G,Composite,,02/17/2026 07:10 AM,02/16/2026 07:10 AM,02/17/2026 07:10 AM,LS,02/19/2026,,Pass,1.91,Routine Surveillance,Jefferson,CharlesTownWWTP-01,Sample,WWTP,02/19/2026 11:20 AM,Lakyn Sanders
W01-1000,G,Composite,,02/16/2026 07:00 AM,02/15/2026 07:00 AM,02/16/2026 07:00 AM,LS,02/19/2026,,Pass,1.91,Routine Surveillance,Nicholas,SummersvilleWWTP-01,Sample,WWTP,02/19/2026 11:21 AM,Lakyn Sanders
G01-0658,G,Composite,,02/16/2026 08:00 AM,02/15/2026 08:00 AM,02/16/2026 08:00 AM,LS,02/19/2026,,Pass,2.0,Routine Surveillance,Mineral,KeyserWWTP-01,Sample,WWTP,02/19/2026 11:22 AM,Lakyn Sanders
A01-1570,G,Composite,,05/18/2026 12:00 AM,05/17/2026 12:00 AM,05/18/2026 12:00 AM,LS,05/28/2026,,Pass,7.9,Routine Surveillance,Monongalia,StarCityWWTP-01,Sample,WWTP,05/28/2026 10:06 AM,Lakyn Sanders
A01-1571,G,Composite,,05/19/2026 12:00 AM,05/18/2026 12:00 AM,05/19/2026 12:00 AM,LS,05/28/2026,,Pass,8.7,Routine Surveillance,Monongalia,StarCityWWTP-01,Sample,WWTP,05/28/2026 10:07 AM,Lakyn Sanders
A01-1572,G,Composite,,05/20/2026 12:00 AM,05/19/2026 12:00 AM,05/20/2026 12:00 AM,LS,05/28/2026,,Pass,8.7,Routine Surveillance,Monongalia,StarCityWWTP-01,Sample,WWTP,05/28/2026 10:08 AM,Lakyn Sanders
A01-1573,G,Composite,,05/21/2026 12:00 AM,05/20/2026 12:00 AM,05/21/2026 12:00 AM,LS,05/28/2026,,Pass,12.7,Routine Surveillance,Monongalia,StarCityWWTP-01,Sample,WWTP,05/28/2026 10:08 AM,Lakyn Sanders
A01-1574,G,Composite,,05/23/2026 12:00 AM,05/22/2026 12:00 AM,05/23/2026 12:00 AM,LS,05/28/2026,,Pass,17.5,Routine Surveillance,Monongalia,StarCityWWTP-01,Sample,WWTP,05/28/2026 10:09 AM,Lakyn Sanders
A01-1575,G,Composite,,05/24/2026 12:00 AM,05/23/2026 12:00 AM,05/24/2026 12:00 AM,LS,05/28/2026,,Pass,13.1,Routine Surveillance,Monongalia,StarCityWWTP-01,Sample,WWTP,05/28/2026 10:10 AM,Lakyn Sanders
A01-1576,G,Composite,,05/25/2026 12:00 AM,05/24/2026 12:00 AM,05/25/2026 12:00 AM,LS,05/28/2026,,Pass,16.0,Routine Surveillance,Monongalia,StarCityWWTP-01,Sample,WWTP,05/28/2026 10:10 AM,Lakyn Sanders
C01-1280,G,Composite,,05/20/2026 08:00 AM,05/19/2026 08:00 AM,05/20/2026 08:00 AM,LS,05/28/2026,,Pass,9.0,Routine Surveillance,Ohio,WheelingWWTP-01,Sample,WWTP,05/28/2026 10:12 AM,Lakyn Sanders
C01-1279,G,Composite,,05/19/2026 08:00 AM,05/18/2026 08:00 AM,05/19/2026 08:00 AM,LS,05/28/2026,,Pass,8.6,Routine Surveillance,Ohio,WheelingWWTP-01,Sample,WWTP,05/28/2026 10:14 AM,Lakyn Sanders
C01-1281,G,Composite,,05/21/2026 08:00 AM,05/20/2026 08:00 AM,05/21/2026 08:00 AM,LS,05/28/2026,,Pass,9.0,Routine Surveillance,Ohio,WheelingWWTP-01,Sample,WWTP,05/28/2026 10:15 AM,Lakyn Sanders
C01-1282,G,Composite,,05/22/2026 08:00 AM,05/21/2026 08:00 AM,05/22/2026 08:00 AM,LS,05/28/2026,,Pass,8.1,Routine Surveillance,Ohio,WheelingWWTP-01,Sample,WWTP,05/28/2026 10:16 AM,Lakyn Sanders
C01-1283,G,Composite,,05/25/2026 08:00 AM,05/24/2026 08:00 AM,05/25/2026 08:00 AM,LS,05/28/2026,,Pass,12.9,Routine Surveillance,Ohio,WheelingWWTP-01,Sample,WWTP,05/28/2026 10:16 AM,Lakyn Sanders
M04-1010,G,Composite,,05/25/2026 08:00 AM,05/24/2026 08:00 AM,05/25/2026 08:00 AM,LS,05/28/2026,,Pass,0.009,Routine Surveillance,Marion,FarmingtonWWTP-01,Sample,WWTP,05/28/2026 10:19 AM,Lakyn Sanders
M03-1021,G,Composite,,05/25/2026 10:00 AM,05/24/2026 09:00 AM,05/25/2026 09:00 AM,LS,05/28/2026,,Pass,0.756,Routine Surveillance,Marion,ManningtonWWTP-01,Sample,WWTP,05/28/2026 10:20 AM,Lakyn Sanders
L01-1019,G,Composite,,05/25/2026 07:00 AM,05/24/2026 07:00 AM,05/25/2026 07:00 AM,LS,05/28/2026,,Pass,0.247,Routine Surveillance,Doddridge,WestUnionWWTP-01,Sample,WWTP,05/28/2026 10:22 AM,Lakyn Sanders
P01-1019,G,Composite,,05/25/2026 07:00 AM,05/24/2026 07:00 AM,05/25/2026 07:00 AM,LS,05/28/2026,,Pass,0.397,Routine Surveillance,Pleasants,StMarysWWTP-01,Sample,WWTP,05/28/2026 10:23 AM,Lakyn Sanders
R02-1027,G,Composite,,05/25/2026 08:00 AM,05/24/2026 08:00 AM,05/25/2026 08:00 AM,LS,05/28/2026,,Pass,5.25,Routine Surveillance,Randolph,ElkinsWWTP-01,Sample,WWTP,05/28/2026 10:24 AM,Lakyn Sanders
H01-1033,G,Composite,,05/26/2026 08:00 AM,05/25/2026 08:00 AM,05/26/2026 08:00 AM,LS,05/28/2026,,Pass,2.7,Routine Surveillance,Marshall,MoundsvilleWWTP-01,Sample,WWTP,05/28/2026 10:25 AM,Lakyn Sanders
J01-1027,G,Composite,,05/26/2026 07:30 AM,05/25/2026 07:30 AM,05/26/2026 07:30 AM,LS,05/28/2026,,Pass,0.407,Routine Surveillance,Preston,AlpineLakeWWTP-01,Sample,WWTP,05/28/2026 10:26 AM,Lakyn Sanders
W01-1014,G,Composite,,05/25/2026 10:00 AM,05/24/2026 10:00 AM,05/25/2026 12:40 PM,LS,05/28/2026,,Pass,1.59,Routine Surveillance,Nicholas,SummersvilleWWTP-01,Sample,WWTP,05/28/2026 10:28 AM,Lakyn Sanders
U01-1007,G,Composite,,05/26/2026 10:20 AM,05/25/2026 10:20 AM,05/26/2026 10:20 AM,LS,05/28/2026,,Pass,0.792,Routine Surveillance,Fayette,WhiteOakWWTP-01,Sample,WWTP,05/28/2026 10:30 AM,Lakyn Sanders
D01-1023,G,Composite,,05/21/2026 07:28 AM,05/20/2026 06:45 AM,05/21/2026 07:28 AM,LS,05/28/2026,,Pass,1.272,Routine Surveillance,Jefferson,CharlesTownWWTP-01,Sample,WWTP,05/28/2026 10:32 AM,Lakyn Sanders
G01-1013,G,Composite,,05/25/2026 08:00 AM,05/24/2026 09:00 AM,05/25/2026 08:00 AM,LS,05/28/2026,,Pass,2.6109,Routine Surveillance,Mineral,KeyserWWTP-01,Sample,WWTP,05/28/2026 10:33 AM,Lakyn Sanders
Q01-1027,G,Composite,,05/25/2026 08:00 AM,05/20/2026 08:00 AM,05/25/2026 08:00 AM,LS,05/28/2026,,Pass,0.323,Routine Surveillance,Boone,MadisonWWTP-01,Sample,WWTP,05/28/2026 11:27 AM,Lakyn Sanders
F01-1017,G,Composite,,05/26/2026 12:00 AM,05/25/2026 12:00 AM,05/26/2026 12:00 AM,LS,05/28/2026,,Pass,3.9,Routine Surveillance,Lewis,WestonWWTP-01,Sample,WWTP,05/28/2026 11:29 AM,Lakyn Sanders
K01-0483,G,Composite,,05/26/2026 06:50 AM,05/25/2026 06:50 AM,05/26/2026 06:50 AM,LS,05/28/2026,,Pass,10.742,Routine Surveillance,Wood,ParkersburgWWTP-01,Sample,WWTP,05/28/2026 11:30 AM,Lakyn Sanders
A01-1577,G,Composite,,05/28/2026 12:00 AM,05/27/2026 12:00 AM,05/28/2026 12:00 AM,LS,06/04/2026,,Pass,16.5,Routine Surveillance,Monongalia,StarCityWWTP-01,Sample,WWTP,06/04/2026 09:26 AM,Lakyn Sanders
A01-1578,G,Composite,,05/30/2026 12:00 AM,05/29/2026 12:00 AM,05/30/2026 12:00 AM,LS,06/04/2026,,Pass,10.8,Routine Surveillance,Monongalia,StarCityWWTP-01,Sample,WWTP,06/04/2026 09:26 AM,Lakyn Sanders
A01-1579,G,Composite,,05/31/2026 12:00 AM,05/30/2026 12:00 AM,05/31/2026 12:00 AM,LS,06/04/2026,,Pass,10.0,Routine Surveillance,Monongalia,StarCityWWTP-01,Sample,WWTP,06/04/2026 09:27 AM,Lakyn Sanders
A01-1580,G,Composite,,06/01/2026 12:00 AM,05/31/2026 12:00 AM,06/01/2026 12:00 AM,LS,06/04/2026,,,9.6,Routine Surveillance,Monongalia,StarCityWWTP-01,Sample,WWTP,06/04/2026 09:28 AM,Lakyn Sanders
A01-1581,G,Composite,,06/02/2026 12:00 AM,06/01/2026 12:00 AM,06/02/2026 12:00 AM,LS,06/04/2026,,Pass,9.0,Routine Surveillance,Monongalia,StarCityWWTP-01,Sample,WWTP,06/04/2026 09:29 AM,Lakyn Sanders
C01-1284,G,Composite,,05/26/2026 08:00 AM,05/25/2026 08:00 AM,05/26/2026 08:00 AM,LS,06/04/2026,,Pass,12.6,Routine Surveillance,Ohio,WheelingWWTP-01,Sample,WWTP,06/04/2026 09:31 AM,Lakyn Sanders
C01-1285,G,Composite,,05/27/2026 08:00 AM,05/26/2026 08:00 AM,05/27/2026 08:00 AM,LS,06/04/2026,,Pass,13.4,Routine Surveillance,Ohio,WheelingWWTP-01,Sample,WWTP,06/04/2026 09:32 AM,Lakyn Sanders
C01-1286,G,Composite,,05/28/2026 08:00 AM,05/27/2026 08:00 AM,05/28/2026 08:00 AM,LS,06/04/2026,,Pass,14.5,Routine Surveillance,Ohio,WheelingWWTP-01,Sample,WWTP,06/04/2026 09:33 AM,Lakyn Sanders
C01-1287,G,Composite,,05/29/2026 08:00 AM,05/28/2026 08:00 AM,05/29/2026 08:00 AM,LS,06/04/2026,,Pass,15.6,Routine Surveillance,Ohio,WheelingWWTP-01,Sample,WWTP,06/04/2026 09:34 AM,Lakyn Sanders
C01-1288,G,Composite,,06/01/2026 08:00 AM,05/31/2026 08:00 AM,06/01/2026 08:00 AM,LS,06/04/2026,,Pass,13.4,Routine Surveillance,Ohio,WheelingWWTP-01,Sample,WWTP,06/04/2026 09:35 AM,Lakyn Sanders
W02-1003,G,Composite,,06/01/2026 08:00 AM,05/31/2026 08:00 AM,06/01/2026 08:00 AM,LS,06/04/2026,,Pass,0.090,Routine Surveillance,Nicholas,CraigsvilleWWTP-01,Sample,WWTP,06/04/2026 09:36 AM,Lakyn Sanders
K01-0484,G,Composite,,06/02/2026 06:50 AM,06/01/2026 06:50 AM,06/02/2026 06:50 AM,LS,06/04/2026,,Pass,4.970,Routine Surveillance,Wood,ParkersburgWWTP-01,Sample,WWTP,06/04/2026 09:37 AM,Lakyn Sanders
J01-1028,G,Composite,,06/01/2026 07:30 AM,05/31/2026 07:30 AM,06/01/2026 07:30 AM,LS,06/04/2026,,Pass,0.212,Routine Surveillance,Preston,AlpineLakeWWTP-01,Sample,WWTP,06/04/2026 09:38 AM,Lakyn Sanders
D01-1024,G,Composite,,05/28/2026 07:22 AM,05/27/2026 07:15 AM,05/28/2026 07:22 AM,LS,06/04/2026,,Pass,1.481,Routine Surveillance,Jefferson,CharlesTownWWTP-01,Sample,WWTP,06/04/2026 09:40 AM,Lakyn Sanders
A04-0579,G,Composite,,05/26/2026 12:00 AM,05/25/2026 12:00 AM,05/26/2026 12:00 AM,LS,06/04/2026,,Pass,1.023,Routine Surveillance,Monongalia,CheatLakeWWTP-01,Sample,WWTP,06/04/2026 09:41 AM,Lakyn Sanders
A04-0577,G,Composite,,06/02/2026 12:00 AM,06/01/2026 12:00 AM,06/02/2026 12:00 AM,LS,06/04/2026,,Pass,0.594,Routine Surveillance,Monongalia,CheatLakeWWTP-01,Sample,WWTP,06/04/2026 09:42 AM,Lakyn Sanders
R02-1028,G,Composite,,06/01/2026 08:00 AM,05/31/2026 08:00 AM,06/01/2026 08:00 AM,LS,06/04/2026,,Pass,1.91,Routine Surveillance,Randolph,ElkinsWWTP-01,Sample,WWTP,06/04/2026 09:43 AM,Lakyn Sanders
Q01-1028,G,Composite,,06/01/2026 12:00 AM,05/27/2026 08:00 AM,05/27/2026 08:00 AM,LS,06/04/2026,,Pass,0.247,Routine Surveillance,Boone,MadisonWWTP-01,Sample,WWTP,06/04/2026 09:45 AM,Lakyn Sanders
G01-1014,G,Composite,,06/01/2026 08:00 AM,05/31/2026 09:00 AM,06/01/2026 08:00 AM,LS,06/04/2026,,Pass,1.1822,Routine Surveillance,Mineral,KeyserWWTP-01,Sample,WWTP,06/04/2026 09:46 AM,Lakyn Sanders
F01-1018,G,Composite,,06/01/2026 12:00 AM,05/31/2026 12:00 AM,06/01/2026 12:00 AM,LS,06/04/2026,,Pass,1.9,Routine Surveillance,Lewis,WestonWWTP-01,Sample,WWTP,06/04/2026 09:47 AM,Lakyn Sanders
N02-1011,G,Composite,,06/01/2026 07:00 AM,05/31/2026 07:00 AM,06/01/2026 07:00 AM,LS,06/04/2026,,Pass,9.8,Routine Surveillance,Harrison,ClarksburgWWTP-01,Sample,WWTP,06/04/2026 09:48 AM,Lakyn Sanders
N03-1008,G,Composite,,06/01/2026 07:00 AM,05/31/2026 07:00 AM,06/01/2026 07:00 AM,LS,06/04/2026,,Pass,0.26738,Routine Surveillance,Harrison,SalemWWTP-01,Sample,WWTP,06/04/2026 09:49 AM,Lakyn Sanders
L01-1020,G,Composite,,06/01/2026 07:00 AM,05/31/2026 07:00 AM,06/01/2026 07:00 AM,LS,06/04/2026,,Pass,0.186,Routine Surveillance,Doddridge,WestUnionWWTP-01,Sample,WWTP,06/04/2026 09:54 AM,Lakyn Sanders
O01-1011,G,Composite,,06/01/2026 08:00 AM,05/31/2026 08:00 AM,06/01/2026 08:00 AM,LS,06/04/2026,,Pass,2.32,Routine Surveillance,Taylor,GraftonWWTP-01,Sample,WWTP,06/04/2026 09:56 AM,Lakyn Sanders
U01-1008,G,Composite,,06/01/2026 09:50 AM,05/31/2026 09:50 AM,06/01/2026 09:50 AM,LS,06/04/2026,,Pass,0.252,Routine Surveillance,Fayette,WhiteOakWWTP-01,Sample,WWTP,06/04/2026 09:57 AM,Lakyn Sanders
H01-1034,G,Composite,,06/01/2026 08:00 AM,05/31/2026 08:00 AM,06/01/2026 08:00 AM,LS,06/04/2026,,Pass,1.6,Routine Surveillance,Marshall,MoundsvilleWWTP-01,Sample,WWTP,06/04/2026 09:58 AM,Lakyn Sanders
T01-1003,G,Composite,,06/01/2026 10:50 AM,05/31/2026 10:50 AM,06/01/2026 10:50 AM,LS,06/04/2026,,Pass,0.18,Routine Surveillance,Mason,PointPleasantWWTP-01,Sample,WWTP,06/04/2026 10:00 AM,Lakyn Sanders
O01-1012,G,Composite,,05/25/2026 08:00 AM,05/24/2026 08:00 AM,05/25/2026 08:00 AM,LS,06/04/2026,,Pass,2.89,Routine Surveillance,Taylor,GraftonWWTP-01,Sample,WWTP,06/04/2026 10:01 AM,Lakyn Sanders
W01-1015,G,Composite,,06/01/2026 10:00 AM,05/31/2026 10:00 AM,06/01/2026 10:00 AM,LS,06/04/2026,,Pass,0.4,Routine Surveillance,Nicholas,SummersvilleWWTP-01,Sample,WWTP,06/04/2026 10:02 AM,Lakyn Sanders
N02-0587,G,Composite,,05/26/2026 07:00 AM,05/25/2026 07:00 AM,05/26/2026 07:00 AM,LS,06/04/2026,,Pass,11.568,Routine Surveillance,Harrison,ClarksburgWWTP-01,Sample,WWTP,06/04/2026 10:03 AM,Lakyn Sanders
M03-1022,G,Composite,,06/01/2026 08:00 AM,05/31/2026 08:00 AM,06/01/2026 08:00 AM,LS,06/04/2026,,Pass,0.195,Routine Surveillance,Marion,ManningtonWWTP-01,Sample,WWTP,06/04/2026 10:05 AM,Lakyn Sanders
A02-2011,G,Composite,,06/09/2026 07:40 AM,06/06/2026 07:00 AM,06/08/2026 07:00 AM,LS,06/09/2026,,Pass,,Upstream Collection,Monongalia,OaklandWVU-01,Sample,WWTP,06/09/2026 09:40 AM,Lakyn Sanders
A02-3011,G,Composite,,06/09/2026 07:40 AM,06/06/2026 07:00 AM,06/08/2026 07:00 AM,LS,06/09/2026,,Pass,,Upstream Collection,Monongalia,OaklandWVU-01,Sample,WWTP,06/09/2026 09:42 AM,Lakyn Sanders
A02-4011,G,Composite,,06/06/2026 07:40 AM,06/06/2026 07:00 AM,06/08/2026 07:00 AM,LS,06/09/2026,,Pass,,Upstream Collection,Monongalia,OaklandWVU-01,Sample,WWTP,06/09/2026 09:42 AM,Lakyn Sanders
A02-2012,G,Composite,,06/09/2026 07:53 AM,06/06/2026 07:00 AM,06/08/2026 07:00 AM,LS,06/09/2026,,Pass,,Upstream Collection,Monongalia,EvansdaleWVU-01,Sample,WWTP,06/09/2026 09:43 AM,Lakyn Sanders
A02-3012,G,Composite,,06/09/2026 07:53 AM,06/06/2026 07:00 AM,06/08/2026 07:00 AM,LS,06/09/2026,,Pass,,Upstream Collection,Monongalia,EvansdaleWVU-01,Sample,WWTP,06/09/2026 09:44 AM,Lakyn Sanders
A02-4012,G,Composite,,06/09/2026 07:53 AM,06/06/2026 07:00 AM,06/08/2026 07:00 AM,LS,06/09/2026,,Pass,,Upstream Collection,Monongalia,EvansdaleWVU-01,Sample,WWTP,06/09/2026 09:45 AM,Lakyn Sanders
A02-2013,G,Composite,,06/09/2026 08:25 AM,06/06/2026 07:00 AM,06/08/2026 07:00 AM,LS,06/09/2026,,Pass,,Upstream Collection,Monongalia,ReynoldsWVU-01,Sample,WWTP,06/09/2026 09:46 AM,Lakyn Sanders
A02-3013,G,Composite,,06/09/2026 08:25 AM,06/06/2026 07:00 AM,06/08/2026 07:00 AM,LS,06/09/2026,,Pass,,Upstream Collection,Monongalia,ReynoldsWVU-01,Sample,WWTP,06/09/2026 09:47 AM,Lakyn Sanders
A02-4013,G,Composite,,06/09/2026 08:25 AM,06/06/2026 07:00 AM,06/08/2026 07:00 AM,LS,06/09/2026,,Pass,,Upstream Collection,Monongalia,ReynoldsWVU-01,Sample,WWTP,06/09/2026 09:48 AM,Lakyn Sanders
A01-1397,G,Composite,,11/03/2025 12:00 AM,11/02/2025 12:00 AM,11/03/2025 12:00 AM,LS,11/13/2025,,Pass,7.4,Routine Surveillance,Monongalia,StarCityWWTP-01,Sample,WWTP,11/13/2025 10:12 AM,Lakyn Sanders
A01-1398,G,Composite,,11/04/2025 12:00 AM,11/03/2025 12:00 AM,11/04/2025 12:00 AM,LS,11/13/2025,,Pass,7.3,Routine Surveillance,Monongalia,StarCityWWTP-01,Sample,WWTP,11/13/2025 10:13 AM,Lakyn Sanders
A01-1399,G,Composite,,11/05/2025 12:00 AM,11/04/2025 12:00 AM,11/05/2025 12:00 AM,LS,11/13/2025,,Pass,7.1,Routine Surveillance,Monongalia,StarCityWWTP-01,Sample,WWTP,11/13/2025 10:13 AM,Lakyn Sanders
A01-1400,G,Composite,,11/06/2025 12:00 AM,11/05/2025 12:00 AM,11/06/2025 12:00 AM,LS,11/13/2025,,Pass,7.2,Routine Surveillance,Monongalia,StarCityWWTP-01,Sample,WWTP,11/13/2025 10:14 AM,Lakyn Sanders
A01-1401,G,Composite,,11/08/2025 12:00 AM,11/07/2025 12:00 AM,11/08/2025 12:00 AM,LS,11/13/2025,,Pass,8.4,Routine Surveillance,Monongalia,StarCityWWTP-01,Sample,WWTP,11/13/2025 10:15 AM,Lakyn Sanders
A01-1402,G,Composite,,11/09/2025 12:00 AM,11/08/2025 12:00 AM,11/09/2025 12:00 AM,LS,11/13/2025,,Pass,7.5,Routine Surveillance,Monongalia,StarCityWWTP-01,Sample,WWTP,11/13/2025 10:16 AM,Lakyn Sanders
A01-1403,G,Composite,,11/10/2025 12:00 AM,11/09/2025 12:00 AM,11/10/2025 12:00 AM,LS,11/13/2025,,Pass,7.7,Routine Surveillance,Monongalia,StarCityWWTP-01,Sample,WWTP,11/13/2025 10:16 AM,Lakyn Sanders
A01-1404,G,Composite,,11/11/2025 12:00 AM,11/10/2025 12:00 AM,11/11/2025 12:00 AM,LS,11/13/2025,,Pass,7.6,Routine Surveillance,Monongalia,StarCityWWTP-01,Sample,WWTP,11/13/2025 10:17 AM,Lakyn Sanders
C01-1111,G,Composite,,11/04/2025 08:00 AM,11/03/2025 08:00 AM,11/04/2025 08:00 AM,LS,11/13/2025,,Pass,5.2,Routine Surveillance,Ohio,WheelingWWTP-01,Sample,WWTP,11/13/2025 10:19 AM,Lakyn Sanders
C01-1112,G,Composite,,11/05/2025 08:00 AM,11/04/2025 08:00 AM,11/05/2025 08:00 AM,LS,11/13/2025,,Pass,5.9,Routine Surveillance,Ohio,WheelingWWTP-01,Sample,WWTP,11/13/2025 10:20 AM,Lakyn Sanders
C01-1113,G,Composite,,11/06/2025 08:00 AM,11/05/2025 08:00 AM,11/06/2025 08:00 AM,LS,11/13/2025,,Pass,6.3,Routine Surveillance,Ohio,WheelingWWTP-01,Sample,WWTP,11/13/2025 10:21 AM,Lakyn Sanders
C01-1114,G,Composite,,11/07/2025 08:00 AM,11/06/2025 08:00 AM,11/07/2025 08:00 AM,LS,11/13/2025,,Pass,6.4,Routine Surveillance,Ohio,WheelingWWTP-01,Sample,WWTP,11/13/2025 10:22 AM,Lakyn Sanders
C01-1115,G,Composite,,11/10/2025 08:00 AM,11/09/2025 08:00 AM,11/10/2025 08:00 AM,LS,11/13/2025,,Pass,6.1,Routine Surveillance,Ohio,WheelingWWTP-01,Sample,WWTP,11/13/2025 10:23 AM,Lakyn Sanders
N02-0576,G,Composite,,11/10/2025 07:00 AM,11/09/2025 07:00 AM,11/10/2025 07:00 AM,LS,11/13/2025,,Pass,5.92,Routine Surveillance,Harrison,ClarksburgWWTP-01,Sample,WWTP,11/13/2025 10:24 AM,Lakyn Sanders
M03-0539,G,Composite,,11/10/2025 08:00 AM,11/09/2025 08:00 AM,11/10/2025 08:00 AM,LS,11/13/2025,,Pass,0.193,Routine Surveillance,Marion,ManningtonWWTP-01,Sample,WWTP,11/13/2025 10:25 AM,Lakyn Sanders
D01-0612,G,Composite,,11/04/2025 07:00 AM,11/03/2025 07:00 AM,11/04/2025 07:00 AM,LS,11/13/2025,,Pass,1.21,Routine Surveillance,Jefferson,CharlesTownWWTP-01,Sample,WWTP,11/13/2025 10:26 AM,Lakyn Sanders
A04-0565,G,Composite,,11/11/2025 12:00 AM,11/10/2025 12:00 AM,11/11/2025 12:00 AM,LS,11/13/2025,,Pass,0.53,Routine Surveillance,Monongalia,CheatLakeWWTP-01,Sample,WWTP,11/13/2025 10:27 AM,Lakyn Sanders
R02-0558,G,Composite,,11/10/2025 08:00 AM,11/09/2025 08:00 AM,11/10/2025 08:00 AM,LS,11/13/2025,,Pass,1.93,Routine Surveillance,Randolph,ElkinsWWTP-01,Sample,WWTP,11/13/2025 10:29 AM,Lakyn Sanders
T01-0398,G,Composite,,11/10/2025 07:00 AM,11/09/2025 07:00 AM,11/10/2025 07:00 AM,LS,11/13/2025,,Pass,0.1,Routine Surveillance,Mason,PointPleasantWWTP-01,Sample,WWTP,11/13/2025 10:30 AM,Lakyn Sanders
Q01-0637,G,Composite,,11/03/2025 08:00 AM,11/02/2025 08:00 AM,11/03/2025 08:00 AM,LS,11/13/2025,,Pass,0.271,Routine Surveillance,Boone,MadisonWWTP-01,Sample,WWTP,11/13/2025 10:31 AM,Lakyn Sanders
U01-0175,G,Composite,,11/03/2025 10:00 AM,11/02/2025 10:00 AM,11/03/2025 10:00 AM,LS,11/13/2025,,Pass,0.22,Routine Surveillance,Fayette,WhiteOakWWTP-01,Sample,WWTP,11/13/2025 10:32 AM,Lakyn Sanders
J01-0559,G,Composite,,11/10/2025 07:30 AM,11/09/2025 07:30 AM,11/10/2025 07:30 AM,LS,11/13/2025,,Pass,0.067,Routine Surveillance,Preston,AlpineLakeWWTP-01,Sample,WWTP,11/13/2025 10:34 AM,Lakyn Sanders
H01-1006,G,Composite,,11/10/2025 08:00 AM,11/09/2025 08:00 AM,11/10/2025 08:00 AM,LS,11/13/2025,,Pass,1.4,Routine Surveillance,Marshall,MoundsvilleWWTP-01,Sample,WWTP,11/13/2025 10:35 AM,Lakyn Sanders
U01-0180,G,Composite,,11/10/2025 10:15 AM,11/09/2025 10:15 AM,11/10/2025 10:15 AM,LS,11/13/2025,,Pass,0.384,Routine Surveillance,Fayette,WhiteOakWWTP-01,Sample,WWTP,11/13/2025 10:36 AM,Lakyn Sanders
Q01-0639,G,Composite,,11/10/2025 08:00 AM,11/09/2025 08:00 AM,11/10/2025 08:00 AM,LS,11/13/2025,,Pass,0.39,Routine Surveillance,Boone,MadisonWWTP-01,Sample,WWTP,11/13/2025 10:37 AM,Lakyn Sanders
L01-0660,G,Composite,,11/10/2025 07:00 AM,11/09/2025 07:00 AM,11/10/2025 07:00 AM,LS,11/13/2025,,Pass,.285,Routine Surveillance,Doddridge,WestUnionWWTP-01,Sample,WWTP,11/13/2025 10:40 AM,Lakyn Sanders
A01-1488,G,Composite,,02/18/2026 12:00 AM,02/17/2026 12:00 AM,02/18/2026 12:00 AM,LS,02/26/2026,,Pass,10.8,Routine Surveillance,Monongalia,StarCityWWTP-01,Sample,WWTP,02/26/2026 11:03 AM,Lakyn Sanders
A01-1489,G,Composite,,02/19/2026 12:00 AM,02/18/2026 12:00 AM,02/19/2026 12:00 AM,LS,02/26/2026,,Pass,10.5,Routine Surveillance,Monongalia,StarCityWWTP-01,Sample,WWTP,02/26/2026 11:04 AM,Lakyn Sanders
C01-1175,G,Composite,,02/10/2026 08:00 AM,02/09/2026 08:00 AM,02/10/2026 08:00 AM,LS,02/26/2026,,Pass,6.8,Routine Surveillance,Ohio,WheelingWWTP-01,Sample,WWTP,02/26/2026 11:07 AM,Lakyn Sanders
C01-1176,G,Composite,,02/11/2026 08:00 AM,02/10/2026 08:00 AM,02/11/2026 08:00 AM,LS,02/26/2026,,Pass,7.2,Routine Surveillance,Ohio,WheelingWWTP-01,Sample,WWTP,02/26/2026 11:08 AM,Lakyn Sanders
C01-1177,G,Composite,,02/12/2026 08:00 AM,02/11/2026 08:00 AM,02/12/2026 08:00 AM,LS,02/26/2026,,Pass,9.2,Routine Surveillance,Ohio,WheelingWWTP-01,Sample,WWTP,02/26/2026 11:09 AM,Lakyn Sanders
C01-1178,G,Composite,,02/13/2026 08:00 AM,02/12/2026 08:00 AM,02/13/2026 08:00 AM,LS,02/26/2026,,Pass,8.5,Routine Surveillance,Ohio,WheelingWWTP-01,Sample,WWTP,02/26/2026 11:09 AM,Lakyn Sanders
C01-1179,G,Composite,,02/16/2026 08:00 AM,02/15/2026 08:00 AM,02/16/2026 08:00 AM,LS,02/26/2026,,Pass,8.3,Routine Surveillance,Ohio,WheelingWWTP-01,Sample,WWTP,02/26/2026 11:11 AM,Lakyn Sanders
C01-1180,G,Composite,,02/17/2026 08:00 AM,02/16/2026 08:00 AM,02/17/2026 08:00 AM,LS,02/26/2026,Tube has collection info from previous sample,Pass,9.0,Routine Surveillance,Ohio,WheelingWWTP-01,Sample,WWTP,02/26/2026 11:14 AM,Lakyn Sanders
C01-1181,G,Composite,,02/18/2026 08:00 AM,02/17/2026 08:00 AM,02/18/2026 08:00 AM,LS,02/26/2026,,Pass,9.3,Routine Surveillance,Ohio,WheelingWWTP-01,Sample,WWTP,02/26/2026 11:15 AM,Lakyn Sanders
C01-1182,G,Composite,,02/19/2026 08:00 AM,02/18/2026 08:00 AM,02/19/2026 08:00 AM,LS,02/26/2026,,Pass,11.7,Routine Surveillance,Ohio,WheelingWWTP-01,Sample,WWTP,02/26/2026 11:16 AM,Lakyn Sanders
C01-1183,G,Composite,,02/20/2026 08:00 AM,02/19/2026 08:00 AM,02/20/2026 08:00 AM,LS,02/26/2026,,Pass,12.9,Routine Surveillance,Ohio,WheelingWWTP-01,Sample,WWTP,02/26/2026 11:17 AM,Lakyn Sanders
C01-1184,G,Composite,,02/23/2026 08:00 AM,02/22/2026 08:00 AM,02/23/2026 08:00 AM,LS,02/26/2026,,Pass,10.0,Routine Surveillance,Ohio,WheelingWWTP-01,Sample,WWTP,02/26/2026 11:17 AM,Lakyn Sanders
G01-0656,G,Composite,,02/23/2026 08:00 AM,02/22/2026 08:00 AM,02/23/2026 08:00 AM,LS,02/26/2026,,Pass,1.70,Routine Surveillance,Mineral,KeyserWWTP-01,Sample,WWTP,02/26/2026 11:19 AM,Lakyn Sanders
D01-1012,G,Composite,,02/24/2026 07:10 AM,02/23/2026 07:10 AM,02/24/2026 07:10 AM,LS,02/26/2026,,Pass,1.63,Routine Surveillance,Jefferson,CharlesTownWWTP-01,Sample,WWTP,02/26/2026 11:20 AM,Lakyn Sanders
K01-0481,G,Composite,,02/24/2026 06:20 AM,02/23/2026 06:20 AM,02/24/2026 06:20 AM,LS,02/26/2026,,Pass,5.453,Routine Surveillance,Wood,ParkersburgWWTP-01,Sample,WWTP,02/26/2026 11:21 AM,Lakyn Sanders
U01-0162,G,Composite,,02/16/2026 10:00 AM,02/15/2026 10:00 AM,02/16/2026 10:00 AM,LS,02/26/2026,,Pass,1.092,Routine Surveillance,Fayette,WhiteOakWWTP-01,Sample,WWTP,02/26/2026 11:22 AM,Lakyn Sanders
J01-1013,G,Composite,,02/17/2026 07:30 AM,02/16/2026 07:30 AM,02/17/2026 07:30 AM,LS,02/26/2026,,Pass,0.224,Routine Surveillance,Preston,AlpineLakeWWTP-01,Sample,WWTP,02/26/2026 11:24 AM,Lakyn Sanders
J01-1014,G,Composite,,02/23/2026 07:30 AM,02/22/2026 07:30 AM,02/23/2026 07:30 AM,LS,02/26/2026,,Pass,0.298,Routine Surveillance,Preston,AlpineLakeWWTP-01,Sample,WWTP,02/26/2026 11:25 AM,Lakyn Sanders
R02-1014,G,Composite,,02/23/2026 08:00 AM,02/22/2026 08:00 AM,02/23/2026 08:00 AM,LS,02/26/2026,,Pass,3.35,Routine Surveillance,Randolph,ElkinsWWTP-01,Sample,WWTP,02/26/2026 11:26 AM,Lakyn Sanders
H01-1020,G,Composite,,02/23/2026 08:00 AM,02/22/2026 08:00 AM,02/23/2026 08:00 AM,LS,02/26/2026,,Pass,2.1,Routine Surveillance,Marshall,MoundsvilleWWTP-01,Sample,WWTP,02/26/2026 11:27 AM,Lakyn Sanders
T01-0323,G,Composite,,02/02/2026 07:30 AM,02/01/2026 07:30 AM,02/02/2026 07:30 AM,LS,02/26/2026,,Pass,0.21,Routine Surveillance,Mason,PointPleasantWWTP-01,Sample,WWTP,02/26/2026 11:29 AM,Lakyn Sanders
T01-0402,G,Composite,,02/09/2026 07:45 AM,02/08/2026 07:45 AM,02/09/2026 07:45 AM,LS,02/26/2026,,Pass,0.46,Routine Surveillance,Mason,PointPleasantWWTP-01,Sample,WWTP,02/26/2026 11:30 AM,Lakyn Sanders
U01-0168,G,Composite,,02/13/2026 10:00 AM,02/12/2026 10:00 AM,02/13/2026 10:00 AM,LS,02/26/2026,,Pass,0.911,Routine Surveillance,Fayette,WhiteOakWWTP-01,Sample,WWTP,02/26/2026 11:31 AM,Lakyn Sanders
Q01-1013,G,Composite,,02/17/2026 08:00 AM,02/11/2026 08:00 AM,02/17/2026 08:00 AM,LS,02/26/2026,,Pass,0.760,Routine Surveillance,Boone,MadisonWWTP-01,Sample,WWTP,02/26/2026 11:33 AM,Lakyn Sanders
W01-1001,G,Composite,,02/23/2026 11:00 AM,02/22/2026 10:00 AM,02/23/2026 10:00 AM,LS,02/26/2026,,Pass,1.02,Routine Surveillance,Nicholas,SummersvilleWWTP-01,Sample,WWTP,02/26/2026 11:33 AM,Lakyn Sanders
N02-1002,G,Composite,,02/23/2026 07:00 AM,02/22/2026 07:00 AM,02/23/2026 07:00 AM,LS,02/26/2026,,Pass,7.36,Routine Surveillance,Harrison,ClarksburgWWTP-01,Sample,WWTP,02/26/2026 11:36 AM,Lakyn Sanders
L01-1006,G,Composite,,02/23/2026 07:00 AM,02/22/2026 07:00 AM,02/23/2026 07:00 AM,LS,02/26/2026,,Pass,0.353,Routine Surveillance,Doddridge,WestUnionWWTP-01,Sample,WWTP,02/26/2026 11:37 AM,Lakyn Sanders
O01-1000,G,Composite,,02/16/2026 08:00 AM,02/15/2026 08:00 AM,02/16/2026 08:00 AM,LS,02/26/2026,,Pass,1.40,Routine Surveillance,Taylor,GraftonWWTP-01,Sample,WWTP,02/26/2026 11:38 AM,Lakyn Sanders
O01-1001,G,Composite,,02/23/2026 08:00 AM,02/22/2026 08:00 AM,02/23/2026 08:00 AM,LS,02/26/2026,,Pass,1.53,Routine Surveillance,Taylor,GraftonWWTP-01,Sample,WWTP,02/26/2026 11:40 AM,Lakyn Sanders
M03-1010,G,Composite,,02/23/2026 08:00 AM,03/22/2026 08:00 AM,02/23/2026 08:00 AM,LS,02/26/2026,,Fail: Missing Required Data,,Routine Surveillance,Marion,ManningtonWWTP-01,Sample,WWTP,03/02/2026 08:38 AM,Lakyn Sanders
A01-1500,G,Composite,,02/23/2026 12:00 AM,02/22/2026 12:00 AM,02/23/2026 12:00 AM,LS,03/05/2026,,Pass,10.9,Routine Surveillance,Monongalia,StarCityWWTP-01,Sample,WWTP,03/05/2026 11:16 AM,Lakyn Sanders
A01-1501,G,Composite,,02/24/2026 12:00 AM,02/23/2026 12:00 AM,02/24/2026 12:00 AM,LS,03/05/2026,,Pass,10.6,Routine Surveillance,Monongalia,StarCityWWTP-01,Sample,WWTP,03/05/2026 11:18 AM,Lakyn Sanders
A01-1502,G,Composite,,02/25/2026 12:00 AM,02/24/2026 12:00 AM,02/25/2026 12:00 AM,LS,03/05/2026,,Pass,11.8,Routine Surveillance,Monongalia,StarCityWWTP-01,Sample,WWTP,03/05/2026 11:19 AM,Lakyn Sanders
A01-1503,G,Composite,,02/26/2026 12:00 AM,02/25/2026 12:00 AM,02/26/2026 12:00 AM,LS,03/05/2026,,Pass,10.8,Routine Surveillance,Monongalia,StarCityWWTP-01,Sample,WWTP,03/05/2026 11:21 AM,Lakyn Sanders
A01-1504,G,Composite,,02/28/2026 12:00 AM,02/27/2026 12:00 AM,02/28/2026 12:00 AM,LS,03/05/2026,,Pass,9.4,Routine Surveillance,Monongalia,StarCityWWTP-01,Sample,WWTP,03/05/2026 11:22 AM,Lakyn Sanders
A01-1505,G,Composite,,03/01/2026 12:00 AM,02/28/2026 12:00 AM,03/01/2026 12:00 AM,LS,03/05/2026,,Pass,9.3,Routine Surveillance,Monongalia,StarCityWWTP-01,Sample,WWTP,03/05/2026 11:23 AM,Lakyn Sanders
A01-1506,G,Composite,,03/02/2026 12:00 AM,03/01/2026 12:00 AM,03/02/2026 12:00 AM,LS,03/05/2026,,Pass,8.9,Routine Surveillance,Monongalia,StarCityWWTP-01,Sample,WWTP,03/05/2026 11:23 AM,Lakyn Sanders
A01-1507,G,Composite,,03/03/2026 12:00 AM,03/02/2026 12:00 AM,03/03/2026 12:00 AM,LS,03/05/2026,,Pass,11.3,Routine Surveillance,Monongalia,StarCityWWTP-01,Sample,WWTP,03/05/2026 11:24 AM,Lakyn Sanders
C01-1185,G,Composite,,02/24/2026 08:00 AM,02/23/2026 08:00 AM,02/24/2026 08:00 AM,LS,03/05/2026,,Pass,10.0,Routine Surveillance,Ohio,WheelingWWTP-01,Sample,WWTP,03/05/2026 11:26 AM,Lakyn Sanders
C01-1186,G,Composite,,02/25/2026 08:00 AM,02/24/2026 08:00 AM,02/25/2026 08:00 AM,LS,03/05/2026,,Pass,11.2,Routine Surveillance,Ohio,WheelingWWTP-01,Sample,WWTP,03/05/2026 11:26 AM,Lakyn Sanders
C01-1187,G,Composite,,02/26/2026 08:00 AM,02/25/2026 08:00 AM,02/26/2026 08:00 AM,LS,03/05/2026,,Pass,9.5,Routine Surveillance,Ohio,WheelingWWTP-01,Sample,WWTP,03/05/2026 11:27 AM,Lakyn Sanders
C01-1188,G,Composite,,02/27/2026 08:00 AM,02/26/2026 08:00 AM,02/27/2026 08:00 AM,LS,03/05/2026,,Pass,8.7,Routine Surveillance,Ohio,WheelingWWTP-01,Sample,WWTP,03/05/2026 11:28 AM,Lakyn Sanders
C01-1189,G,Composite,,03/02/2026 08:00 AM,03/01/2026 08:00 AM,03/02/2026 08:00 AM,LS,03/05/2026,,Pass,8.3,Routine Surveillance,Ohio,WheelingWWTP-01,Sample,WWTP,03/05/2026 11:29 AM,Lakyn Sanders
G01-1002,G,Composite,,03/02/2026 08:00 AM,03/01/2026 08:00 AM,03/02/2026 09:40 AM,LS,03/05/2026,,Pass,0.857,Routine Surveillance,Mineral,KeyserWWTP-01,Sample,WWTP,03/05/2026 11:31 AM,Lakyn Sanders
R02-1015,G,Composite,,03/02/2026 08:00 AM,03/01/2026 08:00 AM,03/02/2026 08:00 AM,LS,03/05/2026,illegible flow,Fail: Missing Required Data,,Routine Surveillance,Randolph,ElkinsWWTP-01,Sample,WWTP,03/05/2026 11:32 AM,Lakyn Sanders
J01-1015,G,Composite,,03/02/2026 07:30 AM,03/01/2026 07:30 AM,03/02/2026 07:30 AM,LS,03/05/2026,,Pass,0.218,Routine Surveillance,Preston,AlpineLakeWWTP-01,Sample,WWTP,03/05/2026 11:34 AM,Lakyn Sanders
D01-1013,G,Composite,,03/03/2026 07:30 AM,03/02/2026 07:30 AM,03/03/2026 07:30 AM,LS,03/05/2026,,Pass,1.68,Routine Surveillance,Jefferson,CharlesTownWWTP-01,Sample,WWTP,03/05/2026 11:35 AM,Lakyn Sanders
K01-0477,G,Composite,,03/03/2026 06:20 AM,03/02/2026 06:30 AM,03/03/2026 06:20 AM,LS,03/05/2026,,Pass,5.305,Routine Surveillance,Wood,ParkersburgWWTP-01,Sample,WWTP,03/05/2026 11:36 AM,Lakyn Sanders
U01-0179,G,Composite,,03/02/2026 10:00 AM,03/01/2026 10:00 AM,03/02/2026 10:00 AM,LS,03/05/2026,,Pass,0.599,Routine Surveillance,Fayette,WhiteOakWWTP-01,Sample,WWTP,03/05/2026 11:37 AM,Lakyn Sanders
W01-1002,G,Composite,,03/02/2026 09:00 AM,03/01/2026 09:00 AM,03/02/2026 09:00 AM,LS,03/05/2026,,Pass,0.76,Routine Surveillance,Nicholas,SummersvilleWWTP-01,Sample,WWTP,03/05/2026 11:39 AM,Lakyn Sanders
T01-0420,G,Composite,,03/02/2026 11:30 AM,03/01/2026 11:30 AM,03/02/2026 11:30 AM,LS,03/05/2026,,Pass,0.48,Routine Surveillance,Mason,PointPleasantWWTP-01,Sample,WWTP,03/05/2026 11:40 AM,Lakyn Sanders
H01-1021,G,Composite,,03/02/2026 08:00 AM,03/01/2026 08:00 AM,03/02/2026 08:00 AM,LS,03/05/2026,,Pass,1.5,Routine Surveillance,Marshall,MoundsvilleWWTP-01,Sample,WWTP,03/05/2026 11:41 AM,Lakyn Sanders
Q01-1014,G,Composite,,02/23/2026 08:00 AM,02/18/2026 08:00 AM,02/23/2026 08:00 AM,LS,03/05/2026,,Pass,0.570,Routine Surveillance,Boone,MadisonWWTP-01,Sample,WWTP,03/05/2026 11:43 AM,Lakyn Sanders
P01-1009,G,Composite,,03/02/2026 07:00 AM,03/01/2026 07:00 AM,03/02/2026 07:00 AM,LS,03/05/2026,,Pass,0.221,Routine Surveillance,Pleasants,StMarysWWTP-01,Sample,WWTP,03/05/2026 11:46 AM,Lakyn Sanders
O01-1002,G,Composite,,03/02/2026 08:00 AM,03/01/2026 08:00 AM,03/02/2026 08:00 AM,LS,03/05/2026,,Pass,1.76,Routine Surveillance,Taylor,GraftonWWTP-01,Sample,WWTP,03/05/2026 11:48 AM,Lakyn Sanders
M04-0435,G,Composite,,03/02/2026 09:00 AM,03/01/2026 09:00 AM,03/02/2026 09:00 AM,LS,03/05/2026,,Pass,0.075,Routine Surveillance,Marion,FarmingtonWWTP-01,Sample,WWTP,03/05/2026 11:49 AM,Lakyn Sanders
N02-0588,G,Composite,,03/02/2026 07:00 AM,03/01/2026 07:00 AM,03/02/2026 07:00 AM,LS,03/05/2026,,Pass,7.86,Routine Surveillance,Harrison,ClarksburgWWTP-01,Sample,WWTP,03/05/2026 11:50 AM,Lakyn Sanders
L01-1007,G,Composite,,03/03/2026 07:00 AM,03/02/2026 07:00 AM,03/03/2026 07:00 AM,LS,03/05/2026,,Pass,0.159,Routine Surveillance,Doddridge,WestUnionWWTP-01,Sample,WWTP,03/05/2026 11:51 AM,Lakyn Sanders
M03-1011,G,Composite,,03/02/2026 08:00 AM,03/01/2026 08:00 AM,03/02/2026 08:00 AM,LS,03/05/2026,,Pass,0.111,Routine Surveillance,Marion,ManningtonWWTP-01,Sample,WWTP,03/05/2026 11:52 AM,Lakyn Sanders
A04-0592,G,Composite,,03/03/2026 12:00 AM,03/02/2026 12:00 AM,03/03/2026 12:00 AM,LS,03/05/2026,,Pass,0.609,Routine Surveillance,Monongalia,CheatLakeWWTP-01,Sample,WWTP,03/05/2026 11:53 AM,Lakyn Sanders
A04-0594,G,Composite,,02/17/2026 12:00 AM,02/16/2026 12:00 AM,02/17/2026 12:00 AM,LS,03/05/2026,,Pass,0.971,Routine Surveillance,Monongalia,CheatLakeWWTP-01,Sample,WWTP,03/05/2026 11:54 AM,Lakyn Sanders
A04-0593,G,Composite,,02/24/2026 12:00 AM,02/23/2026 12:00 AM,02/24/2026 12:00 AM,LS,03/05/2026,,Pass,0.755,Routine Surveillance,Monongalia,CheatLakeWWTP-01,Sample,WWTP,03/05/2026 11:55 AM,Lakyn Sanders
N03-0570,G,Composite,,02/16/2026 07:00 AM,02/15/2026 07:00 AM,02/16/2026 07:00 AM,LS,03/05/2026,,Pass,8.4730,Routine Surveillance,Harrison,SalemWWTP-01,Sample,WWTP,03/05/2026 11:57 AM,Lakyn Sanders
A01-1508,G,Composite,,03/04/2026 12:00 AM,03/03/2026 12:00 AM,03/04/2026 12:00 AM,LS,03/12/2026,,Pass,12.9,Routine Surveillance,Monongalia,StarCityWWTP-01,Sample,WWTP,03/12/2026 10:21 AM,Lakyn Sanders
A01-1509,G,Composite,,03/05/2026 12:00 AM,03/04/2026 12:00 AM,03/05/2026 12:00 AM,LS,03/12/2026,,Pass,17.8,Routine Surveillance,Monongalia,StarCityWWTP-01,Sample,WWTP,03/12/2026 10:21 AM,Lakyn Sanders
A01-1510,G,Composite,,03/07/2026 12:00 AM,03/06/2026 12:00 AM,03/07/2026 12:00 AM,LS,03/12/2026,,Pass,14.1,Routine Surveillance,Monongalia,StarCityWWTP-01,Sample,WWTP,03/12/2026 10:22 AM,Lakyn Sanders
A01-1511,G,Composite,,03/08/2026 12:00 AM,03/07/2026 12:00 AM,03/08/2026 12:00 AM,LS,03/12/2026,,Pass,12.3,Routine Surveillance,Monongalia,StarCityWWTP-01,Sample,WWTP,03/12/2026 10:23 AM,Lakyn Sanders
A01-1512,G,Composite,,03/09/2026 12:00 AM,03/08/2026 12:00 AM,03/09/2026 12:00 AM,LS,03/12/2026,,Pass,11.3,Routine Surveillance,Monongalia,StarCityWWTP-01,Sample,WWTP,03/12/2026 10:23 AM,Lakyn Sanders
A01-1513,G,Composite,,03/10/2026 12:00 AM,03/09/2026 12:00 AM,03/10/2026 12:00 AM,LS,03/12/2026,,Pass,10.7,Routine Surveillance,Monongalia,StarCityWWTP-01,Sample,WWTP,03/12/2026 10:24 AM,Lakyn Sanders
C01-1190,G,Composite,,03/03/2026 08:00 AM,03/02/2026 08:00 AM,03/03/2026 08:00 AM,LS,03/12/2026,,Pass,9.4,Routine Surveillance,Ohio,WheelingWWTP-01,Sample,WWTP,03/12/2026 10:26 AM,Lakyn Sanders
C01-1191,G,Composite,,03/05/2026 08:00 AM,03/04/2026 08:00 AM,03/05/2026 08:00 AM,LS,03/12/2026,,Pass,12.2,Routine Surveillance,Ohio,WheelingWWTP-01,Sample,WWTP,03/12/2026 10:27 AM,Lakyn Sanders
C01-1192,G,Composite,,03/04/2026 08:00 AM,03/03/2026 08:00 AM,03/04/2026 08:00 AM,LS,03/12/2026,,Pass,11.0,Routine Surveillance,Ohio,WheelingWWTP-01,Sample,WWTP,03/12/2026 10:28 AM,Lakyn Sanders
C01-1193,G,Composite,,03/06/2026 08:00 AM,03/05/2026 08:00 AM,03/06/2026 08:00 AM,LS,03/12/2026,,Pass,13.0,Routine Surveillance,Ohio,WheelingWWTP-01,Sample,WWTP,03/12/2026 10:29 AM,Lakyn Sanders
C01-1194,G,Composite,,03/09/2026 08:00 AM,03/08/2026 08:00 AM,03/09/2026 08:00 AM,LS,03/12/2026,,Pass,13.1,Routine Surveillance,Ohio,WheelingWWTP-01,Sample,WWTP,03/12/2026 10:30 AM,Lakyn Sanders
T01-0309,G,Composite,,03/09/2026 12:30 PM,03/08/2026 12:30 PM,03/09/2026 12:30 PM,LS,03/12/2026,,Pass,0.26,Routine Surveillance,Mason,PointPleasantWWTP-01,Sample,WWTP,03/12/2026 10:31 AM,Lakyn Sanders
H01-1022,G,Composite,,03/09/2026 08:00 AM,03/08/2026 08:00 AM,03/09/2026 08:00 AM,LS,03/12/2026,,Pass,2.8,Routine Surveillance,Marshall,MoundsvilleWWTP-01,Sample,WWTP,03/12/2026 10:32 AM,Lakyn Sanders
F01-1005,G,Composite,,,,,LS,03/12/2026,,Fail: Missing Required Data,,Routine Surveillance,Lewis,WestonWWTP-01,Sample,WWTP,03/12/2026 10:34 AM,Lakyn Sanders
P01-1010,G,Composite,,03/09/2026 08:00 AM,03/08/2026 08:00 AM,03/09/2026 08:00 AM,LS,03/12/2026,,Pass,0.180,Routine Surveillance,Pleasants,StMarysWWTP-01,Sample,WWTP,03/12/2026 10:35 AM,Lakyn Sanders
N03-1000,G,Composite,,03/09/2026 07:00 AM,03/08/2026 07:00 AM,03/09/2026 07:00 AM,LS,03/12/2026,,Pass,0.561620,Routine Surveillance,Harrison,SalemWWTP-01,Sample,WWTP,03/12/2026 10:37 AM,Lakyn Sanders
K01-0476,G,Composite,,03/10/2026 06:20 AM,03/09/2026 06:20 AM,03/10/2026 06:20 AM,LS,03/12/2026,,Pass,6.753,Routine Surveillance,Wood,ParkersburgWWTP-01,Sample,WWTP,03/12/2026 10:38 AM,Lakyn Sanders
N02-0593,G,Composite,,03/09/2026 07:00 AM,03/08/2026 07:00 AM,03/09/2026 07:00 AM,LS,03/12/2026,,Pass,12.2,Routine Surveillance,Harrison,ClarksburgWWTP-01,Sample,WWTP,03/12/2026 10:39 AM,Lakyn Sanders
D01-1014,G,Composite,,03/10/2026 07:00 AM,03/09/2026 07:00 AM,03/10/2026 07:00 AM,LS,03/12/2026,,Pass,1.32,Routine Surveillance,Jefferson,CharlesTownWWTP-01,Sample,WWTP,03/12/2026 10:40 AM,Lakyn Sanders
Q01-1015,G,Composite,,03/02/2026 08:00 AM,02/25/2026 08:00 AM,03/02/2026 08:00 AM,LS,03/12/2026,,Pass,0.351,Routine Surveillance,Boone,MadisonWWTP-01,Sample,WWTP,03/12/2026 10:42 AM,Lakyn Sanders
L01-1008,G,Composite,,03/09/2026 08:00 AM,03/08/2026 08:00 AM,03/09/2026 08:00 AM,LS,03/12/2026,,Pass,0.189,Routine Surveillance,Doddridge,WestUnionWWTP-01,Sample,WWTP,03/12/2026 10:43 AM,Lakyn Sanders
J01-1016,G,Composite,,03/09/2026 07:30 AM,03/08/2026 07:30 AM,03/09/2026 07:30 AM,LS,03/12/2026,,Pass,0.248,Routine Surveillance,Preston,AlpineLakeWWTP-01,Sample,WWTP,03/12/2026 10:45 AM,Lakyn Sanders
M03-1012,G,Composite,,03/09/2026 08:00 AM,03/08/2026 08:00 AM,03/09/2026 08:00 AM,LS,03/12/2026,,Pass,0.403,Routine Surveillance,Marion,ManningtonWWTP-01,Sample,WWTP,03/12/2026 10:47 AM,Lakyn Sanders
W01-1003,G,Composite,,03/09/2026 09:00 AM,03/08/2026 09:00 AM,03/09/2026 09:00 AM,LS,03/12/2026,,Pass,1.24,Routine Surveillance,Nicholas,SummersvilleWWTP-01,Sample,WWTP,03/12/2026 10:48 AM,Lakyn Sanders
U01-0153,G,Composite,,03/09/2026 10:00 AM,03/08/2026 10:00 AM,03/09/2026 10:00 AM,LS,03/12/2026,,Pass,0.592,Routine Surveillance,Fayette,WhiteOakWWTP-01,Sample,WWTP,03/12/2026 10:49 AM,Lakyn Sanders
O01-1003,G,Composite,,03/09/2026 08:00 AM,03/08/2026 08:00 AM,03/09/2026 08:00 AM,LS,03/12/2026,,Pass,2.24,Routine Surveillance,Taylor,GraftonWWTP-01,Sample,WWTP,03/12/2026 10:50 AM,Lakyn Sanders
R02-1016,G,Composite,,03/09/2026 08:00 AM,03/08/2026 08:00 AM,03/09/2026 08:00 AM,LS,03/12/2026,,Pass,4.007,Routine Surveillance,Randolph,ElkinsWWTP-01,Sample,WWTP,03/12/2026 10:52 AM,Lakyn Sanders
G01-1003,G,Composite,,03/09/2026 09:00 AM,03/08/2026 08:00 AM,03/09/2026 08:00 AM,LS,03/12/2026,,Pass,1.296,Routine Surveillance,Mineral,KeyserWWTP-01,Sample,WWTP,03/12/2026 10:53 AM,Lakyn Sanders
F01-1006,G,Composite,,03/10/2026 12:00 AM,03/09/2026 12:00 AM,03/10/2026 12:00 AM,LS,03/12/2026,,Pass,1.6,Routine Surveillance,Lewis,WestonWWTP-01,Sample,WWTP,03/12/2026 10:54 AM,Lakyn Sanders
Q01-1016,G,Composite,,03/09/2026 08:00 AM,03/04/2026 08:00 AM,03/09/2026 08:00 AM,LS,03/12/2026,,Pass,0.400,Routine Surveillance,Boone,MadisonWWTP-01,Sample,WWTP,03/12/2026 10:56 AM,Lakyn Sanders
A01-1514,G,Composite,,03/11/2026 12:00 AM,03/10/2026 12:00 AM,03/11/2026 12:00 AM,LS,03/19/2026,,Pass,12.4,Routine Surveillance,Monongalia,StarCityWWTP-01,Sample,WWTP,03/19/2026 09:49 AM,Lakyn Sanders
A01-1515,G,Composite,,03/12/2026 12:00 AM,03/11/2026 12:00 AM,03/12/2026 12:00 AM,LS,03/19/2026,,Pass,16.7,Routine Surveillance,Monongalia,StarCityWWTP-01,Sample,WWTP,03/19/2026 09:50 AM,Lakyn Sanders
A01-1516,G,Composite,,03/14/2026 12:00 AM,03/13/2026 12:00 AM,03/14/2026 12:00 AM,LS,03/19/2026,,Pass,10.3,Routine Surveillance,Monongalia,StarCityWWTP-01,Sample,WWTP,03/19/2026 09:51 AM,Lakyn Sanders
A01-1517,G,Composite,,03/15/2026 12:00 AM,03/14/2026 12:00 AM,03/15/2026 12:00 AM,LS,03/19/2026,,Pass,9.9,Routine Surveillance,Monongalia,StarCityWWTP-01,Sample,WWTP,03/19/2026 09:51 AM,Lakyn Sanders
A01-1518,G,Composite,,03/16/2026 12:00 AM,03/15/2026 12:00 AM,03/16/2026 12:00 AM,LS,03/19/2026,,Pass,10.8,Routine Surveillance,Monongalia,StarCityWWTP-01,Sample,WWTP,03/19/2026 09:52 AM,Lakyn Sanders
C01-1195,G,Composite,,03/10/2026 08:00 AM,03/09/2026 08:00 AM,03/10/2026 08:00 AM,LS,03/19/2026,,Pass,13.1,Routine Surveillance,Ohio,WheelingWWTP-01,Sample,WWTP,03/19/2026 09:54 AM,Lakyn Sanders
C01-1196,G,Composite,,03/11/2026 08:00 AM,03/10/2026 08:00 AM,03/11/2026 08:00 AM,LS,03/19/2026,,Pass,13.4,Routine Surveillance,Ohio,WheelingWWTP-01,Sample,WWTP,03/19/2026 09:54 AM,Lakyn Sanders
C01-1197,G,Composite,,03/12/2026 08:00 AM,03/11/2026 08:00 AM,03/12/2026 08:00 AM,LS,03/19/2026,,Pass,12.1,Routine Surveillance,Ohio,WheelingWWTP-01,Sample,WWTP,03/19/2026 09:55 AM,Lakyn Sanders
C01-1198,G,Composite,,03/13/2026 08:00 AM,03/12/2026 08:00 AM,03/13/2026 08:00 AM,LS,03/19/2026,,Pass,12.0,Routine Surveillance,Ohio,WheelingWWTP-01,Sample,WWTP,03/19/2026 09:56 AM,Lakyn Sanders
C01-1199,G,Composite,,03/16/2026 08:00 AM,03/15/2026 08:00 AM,03/16/2026 08:00 AM,LS,03/19/2026,,Pass,12.6,Routine Surveillance,Ohio,WheelingWWTP-01,Sample,WWTP,03/19/2026 09:57 AM,Lakyn Sanders
T01-0322,G,Composite,,03/16/2026 01:30 PM,03/15/2026 01:30 PM,03/16/2026 01:30 PM,LS,03/19/2026,,Pass,0.26,Routine Surveillance,Mason,PointPleasantWWTP-01,Sample,WWTP,03/19/2026 09:58 AM,Lakyn Sanders
R02-1017,G,Composite,,03/16/2026 08:00 AM,03/15/2026 08:00 AM,03/16/2026 08:00 AM,LS,03/19/2026,,Pass,2.595,Routine Surveillance,Randolph,ElkinsWWTP-01,Sample,WWTP,03/19/2026 09:59 AM,Lakyn Sanders
G01-1004,G,Composite,,03/16/2026 08:10 AM,03/15/2026 08:00 AM,03/16/2026 08:00 AM,LS,03/19/2026,,Pass,0.952,Routine Surveillance,Mineral,KeyserWWTP-01,Sample,WWTP,03/19/2026 10:01 AM,Lakyn Sanders
H01-1023,G,Composite,,03/16/2026 08:00 AM,03/15/2026 08:00 AM,03/16/2026 08:00 AM,LS,03/19/2026,,Pass,2.3,Routine Surveillance,Marshall,MoundsvilleWWTP-01,Sample,WWTP,03/19/2026 10:02 AM,Lakyn Sanders
O01-1004,G,Composite,,03/16/2026 08:00 AM,03/15/2026 08:00 AM,03/16/2026 08:00 AM,LS,03/19/2026,,Pass,1.71,Routine Surveillance,Taylor,GraftonWWTP-01,Sample,WWTP,03/19/2026 10:03 AM,Lakyn Sanders
M04-1001,G,Composite,,03/16/2026 08:00 AM,03/15/2026 08:00 AM,03/16/2026 08:00 AM,LS,03/19/2026,,Fail: Missing Required Data,,Routine Surveillance,Marion,FarmingtonWWTP-01,Sample,WWTP,03/19/2026 10:07 AM,Lakyn Sanders
P01-1011,G,Composite,,03/16/2026 07:00 AM,03/15/2026 07:00 AM,03/16/2026 07:00 AM,LS,03/19/2026,,Pass,0.257,Routine Surveillance,Pleasants,StMarysWWTP-01,Sample,WWTP,03/19/2026 10:09 AM,Lakyn Sanders
A01-1361,G,Composite,,09/24/2025 12:00 AM,09/23/2025 12:00 AM,09/24/2025 12:00 AM,LS,10/02/2025,,Pass,9.6,Mass-Gathering Event,Monongalia,StarCityWWTP-01,Sample,WWTP,10/02/2025 09:25 AM,Lakyn Sanders
A01-1362,G,Composite,,09/25/2025 12:00 AM,09/24/2025 12:00 AM,09/25/2025 12:00 AM,LS,10/02/2025,,Pass,17.1,Routine Surveillance,Monongalia,StarCityWWTP-01,Sample,WWTP,10/02/2025 09:27 AM,Lakyn Sanders
A01-1363,G,Composite,,09/27/2025 12:00 AM,09/26/2025 12:00 AM,09/27/2025 12:00 AM,LS,10/02/2025,,Pass,9.7,Routine Surveillance,Monongalia,StarCityWWTP-01,Sample,WWTP,10/02/2025 09:29 AM,Lakyn Sanders
A01-1364,G,Composite,,09/28/2025 12:00 AM,09/27/2025 12:00 AM,09/28/2025 12:00 AM,LS,10/02/2025,,Pass,8.6,Routine Surveillance,Monongalia,StarCityWWTP-01,Sample,WWTP,10/02/2025 09:30 AM,Lakyn Sanders
A01-1365,G,Composite,,09/29/2025 12:00 AM,09/28/2025 12:00 AM,09/29/2025 12:00 AM,LS,10/02/2025,,Pass,8.7,Routine Surveillance,Monongalia,StarCityWWTP-01,Sample,WWTP,10/02/2025 09:31 AM,Lakyn Sanders
A01-1366,G,Composite,,09/30/2025 12:00 AM,09/29/2025 12:00 AM,09/30/2025 12:00 AM,LS,10/02/2025,,Pass,8.6,Routine Surveillance,Monongalia,StarCityWWTP-01,Sample,WWTP,10/02/2025 09:31 AM,Lakyn Sanders
C01-0996,G,Composite,,09/23/2025 08:00 AM,09/22/2025 08:00 AM,09/23/2025 08:00 AM,LS,10/02/2025,,Pass,5.05,Routine Surveillance,Ohio,WheelingWWTP-01,Sample,WWTP,10/02/2025 09:33 AM,Lakyn Sanders
C01-0997,G,Composite,,09/24/2025 08:00 AM,09/23/2025 08:00 AM,09/24/2025 08:00 AM,LS,10/02/2025,,Pass,6.58,Routine Surveillance,Ohio,WheelingWWTP-01,Sample,WWTP,10/02/2025 09:35 AM,Lakyn Sanders
C01-0998,G,Composite,,09/25/2025 08:00 AM,09/24/2025 08:00 AM,09/25/2025 08:00 AM,LS,10/02/2025,,Pass,5.7,Routine Surveillance,Ohio,WheelingWWTP-01,Sample,WWTP,10/02/2025 09:36 AM,Lakyn Sanders
C01-0999,G,Composite,,09/26/2025 08:00 AM,09/25/2025 08:00 AM,09/26/2025 08:00 AM,LS,10/02/2025,,Pass,7.39,Routine Surveillance,Ohio,WheelingWWTP-01,Sample,WWTP,10/02/2025 09:37 AM,Lakyn Sanders
C01-1000,G,Composite,,09/29/2025 08:00 AM,09/28/2025 08:00 AM,09/29/2025 08:00 AM,LS,10/02/2025,,Pass,4.73,Routine Surveillance,Ohio,WheelingWWTP-01,Sample,WWTP,10/02/2025 09:39 AM,Lakyn Sanders
N02-0601,G,Composite,,09/29/2025 07:00 AM,09/28/2025 07:00 AM,09/29/2025 07:00 AM,LS,10/02/2025,,Pass,6.73,Routine Surveillance,Harrison,ClarksburgWWTP-01,Sample,WWTP,10/02/2025 09:44 AM,Lakyn Sanders
M03-0531,G,Composite,,09/28/2025 08:00 AM,09/27/2025 08:00 AM,09/28/2025 08:00 AM,LS,10/02/2025,,Pass,0.138,Routine Surveillance,Marion,ManningtonWWTP-01,Sample,WWTP,10/02/2025 09:45 AM,Lakyn Sanders
U01-0149,G,Composite,,09/29/2025 09:30 AM,09/28/2025 09:30 AM,09/29/2025 09:30 AM,LS,10/02/2025,,Pass,0.115,Routine Surveillance,Fayette,WhiteOakWWTP-01,Sample,WWTP,10/02/2025 09:47 AM,Lakyn Sanders
Q01-0633,G,Composite,,09/29/2025 08:00 AM,09/28/2025 08:00 AM,09/29/2025 08:00 AM,LS,10/02/2025,,Pass,0.265,Routine Surveillance,Boone,MadisonWWTP-01,Sample,WWTP,10/02/2025 09:50 AM,Lakyn Sanders
A04-0673,G,Composite,,09/30/2025 08:00 AM,09/29/2025 08:00 AM,09/30/2025 08:00 AM,LS,10/02/2025,,Pass,0.535,Routine Surveillance,Monongalia,CheatLakeWWTP-01,Sample,WWTP,10/02/2025 09:52 AM,Lakyn Sanders
R02-0553,G,Composite,,09/29/2025 08:00 AM,09/28/2025 08:00 AM,09/29/2025 08:00 AM,LS,10/02/2025,,Pass,0.1,Routine Surveillance,Randolph,ElkinsWWTP-01,Sample,WWTP,10/02/2025 09:55 AM,Lakyn Sanders
G01-0649,G,Composite,,09/29/2025 08:00 AM,09/28/2025 09:00 AM,09/29/2025 09:00 AM,LS,10/02/2025,,Pass,0.654,Routine Surveillance,Mineral,KeyserWWTP-01,Sample,WWTP,10/02/2025 09:56 AM,Lakyn Sanders
F01-0153,G,Composite,,09/23/2025 07:00 AM,09/22/2025 07:00 AM,09/23/2025 07:00 AM,LS,10/02/2025,,Pass,1.5,Routine Surveillance,Lewis,WestonWWTP-01,Sample,WWTP,10/02/2025 09:58 AM,Lakyn Sanders
J01-0553,G,Composite,,09/29/2025 07:30 AM,09/28/2025 07:30 AM,09/29/2025 07:30 AM,LS,10/02/2025,,Pass,0.063,Routine Surveillance,Preston,AlpineLakeWWTP-01,Sample,WWTP,10/02/2025 10:00 AM,Lakyn Sanders
H01-1001,G,Composite,,09/29/2025 08:00 AM,09/28/2025 08:00 AM,09/29/2025 08:00 AM,LS,10/02/2025,,Pass,1,Routine Surveillance,Marshall,MoundsvilleWWTP-01,Sample,WWTP,10/02/2025 10:01 AM,Lakyn Sanders
L01-0659,G,Composite,,09/29/2025 07:00 AM,09/28/2025 07:00 AM,09/29/2025 07:00 AM,LS,10/02/2025,,Fail: Missing Required Data,,Routine Surveillance,Doddridge,WestUnionWWTP-01,Sample,WWTP,10/02/2025 10:02 AM,Lakyn Sanders
A01-1367,G,Composite,,10/02/2025 12:00 AM,10/01/2025 12:00 AM,10/02/2025 12:00 AM,LS,10/09/2025,,Pass,8.1,Routine Surveillance,Monongalia,StarCityWWTP-01,Sample,WWTP,10/09/2025 08:22 AM,Lakyn Sanders
A01-1368,G,Composite,,10/03/2025 12:00 AM,10/02/2025 12:00 AM,10/03/2025 12:00 AM,LS,10/09/2025,,Pass,8.1,Routine Surveillance,Monongalia,StarCityWWTP-01,Sample,WWTP,10/09/2025 08:24 AM,Lakyn Sanders
A01-1369,G,Composite,,10/04/2025 12:00 AM,10/03/2025 12:00 AM,10/04/2025 12:00 AM,LS,10/09/2025,,Pass,7.4,Routine Surveillance,Monongalia,StarCityWWTP-01,Sample,WWTP,10/09/2025 08:25 AM,Lakyn Sanders
A01-1370,G,Composite,,10/05/2025 12:00 AM,10/04/2025 12:00 AM,10/05/2025 12:00 AM,LS,10/09/2025,,Pass,7.2,Routine Surveillance,Monongalia,StarCityWWTP-01,Sample,WWTP,10/09/2025 08:26 AM,Lakyn Sanders
A01-1371,G,Composite,,10/06/2025 12:00 AM,10/05/2025 12:00 AM,10/06/2025 12:00 AM,LS,10/09/2025,,Pass,8.1,Routine Surveillance,Monongalia,StarCityWWTP-01,Sample,WWTP,10/09/2025 08:26 AM,Lakyn Sanders
A01-1372,G,Composite,,10/07/2025 12:00 AM,10/06/2025 12:00 AM,10/07/2025 12:00 AM,LS,10/09/2025,,Pass,11.5,Routine Surveillance,Monongalia,StarCityWWTP-01,Sample,WWTP,10/09/2025 08:27 AM,Lakyn Sanders
C01-1001,G,Composite,,09/30/2025 08:00 AM,09/29/2025 08:00 AM,09/30/2025 08:00 AM,LS,10/09/2025,,Pass,6.9,Routine Surveillance,Ohio,WheelingWWTP-01,Sample,WWTP,10/09/2025 08:29 AM,Lakyn Sanders
C01-1002,G,Composite,,10/01/2025 08:00 AM,09/30/2025 08:00 AM,10/01/2025 08:00 AM,LS,10/09/2025,,Pass,6.7,Routine Surveillance,Ohio,WheelingWWTP-01,Sample,WWTP,10/09/2025 08:30 AM,Lakyn Sanders
C01-1003,G,Composite,,10/02/2025 08:00 AM,10/01/2025 08:00 AM,10/02/2025 08:00 AM,LS,10/09/2025,,Pass,6.6,Routine Surveillance,Ohio,WheelingWWTP-01,Sample,WWTP,10/09/2025 08:31 AM,Lakyn Sanders
C01-1004,G,Composite,,10/03/2025 08:00 AM,10/02/2025 08:00 AM,10/03/2025 08:00 AM,LS,10/09/2025,,Pass,6.5,Routine Surveillance,Ohio,WheelingWWTP-01,Sample,WWTP,10/09/2025 08:32 AM,Lakyn Sanders
C01-1005,G,Composite,,10/06/2025 08:00 AM,10/05/2025 08:00 AM,10/06/2025 08:00 AM,LS,10/09/2025,,Pass,7.4,Routine Surveillance,Ohio,WheelingWWTP-01,Sample,WWTP,10/09/2025 08:33 AM,Lakyn Sanders
K01-0551,G,Composite,,09/30/2025 06:30 AM,09/29/2025 06:30 AM,09/30/2025 06:30 AM,LS,10/09/2025,,Pass,4.003,Routine Surveillance,Wood,ParkersburgWWTP-01,Sample,WWTP,10/09/2025 08:35 AM,Lakyn Sanders
R02-0551,G,Composite,,10/06/2025 08:00 AM,10/05/2025 08:00 AM,10/06/2025 08:00 AM,LS,10/09/2025,,Pass,0.08,Routine Surveillance,Randolph,ElkinsWWTP-01,Sample,WWTP,10/09/2025 08:36 AM,Lakyn Sanders
D01-0611,G,Composite,,10/02/2025 07:15 AM,10/01/2025 07:00 AM,10/02/2025 07:14 AM,LS,10/09/2025,,Pass,1.190,Routine Surveillance,Jefferson,CharlesTownWWTP-01,Sample,WWTP,10/09/2025 08:37 AM,Lakyn Sanders
J01-0554,G,Composite,,10/06/2025 07:30 AM,10/05/2025 07:30 AM,10/06/2025 07:30 AM,LS,10/09/2025,,Pass,0.038,Routine Surveillance,Preston,AlpineLakeWWTP-01,Sample,WWTP,10/09/2025 08:39 AM,Lakyn Sanders
U01-0181,G,Composite,,10/06/2025 09:00 AM,10/05/2025 09:00 AM,10/06/2025 09:00 AM,LS,10/09/2025,,Pass,0.095,Routine Surveillance,Fayette,WhiteOakWWTP-01,Sample,WWTP,10/09/2025 08:40 AM,Lakyn Sanders
H01-1002,G,Composite,,10/06/2025 08:00 AM,10/05/2025 08:00 AM,10/06/2025 08:00 AM,LS,10/09/2025,,Pass,1,Routine Surveillance,Marshall,MoundsvilleWWTP-01,Sample,WWTP,10/09/2025 08:42 AM,Lakyn Sanders
K01-0557,G,Composite,,10/07/2025 06:30 AM,10/06/2025 06:30 AM,10/07/2025 06:30 AM,LS,10/09/2025,,Pass,3.751,Routine Surveillance,Wood,ParkersburgWWTP-01,Sample,WWTP,10/09/2025 08:44 AM,Lakyn Sanders
D01-0600,G,Composite,,10/07/2025 06:45 AM,10/06/2025 06:45 AM,10/07/2025 06:45 AM,LS,10/09/2025,,Pass,1.2,Routine Surveillance,Jefferson,CharlesTownWWTP-01,Sample,WWTP,10/09/2025 08:45 AM,Lakyn Sanders
Q01-0634,G,Composite,,10/06/2025 08:00 AM,10/05/2025 08:00 AM,10/06/2025 08:00 AM,LS,10/09/2025,,Pass,0.271,Routine Surveillance,Boone,MadisonWWTP-01,Sample,WWTP,10/09/2025 08:46 AM,Lakyn Sanders
P01-0207,G,Composite,,10/07/2025 08:00 AM,10/05/2025 08:00 AM,10/06/2025 08:00 AM,LS,10/09/2025,,Pass,0.176,Routine Surveillance,Pleasants,StMarysWWTP-01,Sample,WWTP,10/09/2025 08:48 AM,Lakyn Sanders
O01-0588,G,Composite,,10/06/2025 08:00 AM,10/05/2025 08:00 AM,10/06/2025 08:00 AM,LS,10/09/2025,,Pass,0.5,Routine Surveillance,Taylor,GraftonWWTP-01,Sample,WWTP,10/09/2025 08:49 AM,Lakyn Sanders
L01-0651,G,Composite,,10/07/2025 09:00 AM,10/05/2025 08:00 AM,10/06/2025 08:00 AM,LS,10/09/2025,,Pass,0.168,Routine Surveillance,Doddridge,WestUnionWWTP-01,Sample,WWTP,10/09/2025 08:50 AM,Lakyn Sanders
M03-0535,G,Composite,,10/07/2025 08:00 AM,10/05/2025 08:00 AM,10/06/2025 08:00 AM,LS,10/09/2025,,Pass,0.122,Routine Surveillance,Marion,ManningtonWWTP-01,Sample,WWTP,10/09/2025 08:52 AM,Lakyn Sanders
O01-0586,G,Composite,,09/29/2025 08:00 AM,09/28/2025 08:00 AM,09/29/2025 08:00 AM,LS,10/09/2025,,Pass,0.74,Routine Surveillance,Taylor,GraftonWWTP-01,Sample,WWTP,10/09/2025 08:54 AM,Lakyn Sanders
F01-0152,G,Composite,,10/07/2025 07:00 AM,10/06/2025 07:00 AM,10/07/2025 07:00 AM,LS,10/09/2025,,Pass,1.5,Routine Surveillance,Lewis,WestonWWTP-01,Sample,WWTP,10/09/2025 08:55 AM,Lakyn Sanders
M04-0405,G,Composite,,10/06/2025 08:00 AM,10/05/2025 08:30 AM,10/06/2025 08:30 AM,LS,10/09/2025,,Pass,0.068,Routine Surveillance,Marion,FarmingtonWWTP-01,Sample,WWTP,10/09/2025 08:56 AM,Lakyn Sanders
N02-0609,G,Composite,,10/06/2025 07:00 AM,10/05/2025 07:00 AM,10/06/2025 07:00 AM,LS,10/09/2025,,Pass,5.19,Routine Surveillance,Harrison,ClarksburgWWTP-01,Sample,WWTP,10/09/2025 08:58 AM,Lakyn Sanders
G01-0643,G,Composite,,10/06/2025 08:00 AM,10/05/2025 09:00 AM,10/06/2025 08:00 AM,LS,10/09/2025,,Fail: Missing Required Data,,Routine Surveillance,Mineral,KeyserWWTP-01,Sample,WWTP,10/09/2025 08:59 AM,Lakyn Sanders
A01-1373,G,Composite,,10/08/2025 12:00 AM,10/07/2025 12:00 AM,10/08/2025 12:00 AM,LS,10/16/2025,,Pass,11.7,Routine Surveillance,Monongalia,StarCityWWTP-01,Sample,WWTP,10/16/2025 08:39 AM,Lakyn Sanders
A01-1374,G,Composite,,10/09/2025 12:00 AM,10/08/2025 12:00 AM,10/09/2025 12:00 AM,LS,10/16/2025,,Pass,9.1,Routine Surveillance,Monongalia,StarCityWWTP-01,Sample,WWTP,10/16/2025 08:40 AM,Lakyn Sanders
A01-1375,G,Composite,,10/11/2025 12:00 AM,10/10/2025 12:00 AM,10/11/2025 12:00 AM,LS,10/16/2025,,Pass,7.8,Routine Surveillance,Monongalia,StarCityWWTP-01,Sample,WWTP,10/16/2025 08:42 AM,Lakyn Sanders
A01-1376,G,Composite,,10/12/2025 12:00 AM,10/11/2025 12:00 AM,10/12/2025 12:00 AM,LS,10/16/2025,,Pass,8,Routine Surveillance,Monongalia,StarCityWWTP-01,Sample,WWTP,10/16/2025 08:42 AM,Lakyn Sanders
A01-1377,G,Composite,,10/13/2025 12:00 AM,10/12/2025 12:00 AM,10/13/2025 12:00 AM,LS,10/16/2025,,Pass,8,Routine Surveillance,Monongalia,StarCityWWTP-01,Sample,WWTP,10/16/2025 08:43 AM,Lakyn Sanders
A01-1378,G,Composite,,10/14/2025 12:00 AM,10/13/2025 12:00 AM,10/14/2025 12:00 AM,LS,10/16/2025,,Pass,8,Routine Surveillance,Monongalia,StarCityWWTP-01,Sample,WWTP,10/16/2025 08:44 AM,Lakyn Sanders
J01-0555,G,Composite,,10/13/2025 07:30 AM,10/12/2025 07:30 AM,10/13/2025 07:30 AM,LS,10/16/2025,,Pass,0.048,Routine Surveillance,Preston,AlpineLakeWWTP-01,Sample,WWTP,10/16/2025 08:46 AM,Lakyn Sanders
A04-0692,G,Composite,,10/13/2025 12:00 AM,10/12/2025 12:00 AM,10/13/2025 12:00 AM,LS,10/16/2025,,Pass,0.54,Routine Surveillance,Monongalia,CheatLakeWWTP-01,Sample,WWTP,10/16/2025 08:47 AM,Lakyn Sanders
L01-0657,G,Composite,,10/13/2025 09:00 AM,10/12/2025 08:00 AM,10/13/2025 08:00 AM,LS,10/16/2025,,Pass,0.175,Routine Surveillance,Doddridge,WestUnionWWTP-01,Sample,WWTP,10/16/2025 08:48 AM,Lakyn Sanders
M03-0537,G,Composite,,10/13/2025 09:00 AM,10/12/2025 08:00 AM,10/13/2025 08:00 AM,LS,10/16/2025,,Pass,0.131,Routine Surveillance,Marion,ManningtonWWTP-01,Sample,WWTP,10/16/2025 08:50 AM,Lakyn Sanders
G01-0640,G,Composite,,10/13/2025 08:00 AM,10/12/2025 09:00 AM,10/13/2025 08:00 AM,LS,10/16/2025,,Fail: Missing Required Data,,Routine Surveillance,Mineral,KeyserWWTP-01,Sample,WWTP,10/16/2025 08:51 AM,Lakyn Sanders
P01-0206,G,Composite,,10/13/2025 07:30 AM,10/12/2025 07:00 AM,10/13/2025 07:00 AM,LS,10/16/2025,,Pass,0.185,Routine Surveillance,Pleasants,StMarysWWTP-01,Sample,WWTP,10/16/2025 08:53 AM,Lakyn Sanders
A04-0672,G,Composite,,10/06/2025 12:00 AM,10/05/2025 12:00 AM,10/06/2025 12:00 AM,LS,10/16/2025,,Pass,0.573,Routine Surveillance,Monongalia,CheatLakeWWTP-01,Sample,WWTP,10/16/2025 08:54 AM,Lakyn Sanders
M04-0408,G,Composite,,10/13/2025 08:15 AM,10/12/2025 08:00 AM,10/13/2025 08:00 AM,LS,10/16/2025,,Pass,0.068,Routine Surveillance,Marion,FarmingtonWWTP-01,Sample,WWTP,10/16/2025 08:55 AM,Lakyn Sanders
U01-0183,G,Composite,,10/14/2025 10:00 AM,10/13/2025 10:00 AM,10/14/2025 10:00 AM,LS,10/16/2025,,Pass,0.17,Routine Surveillance,Fayette,WhiteOakWWTP-01,Sample,WWTP,10/16/2025 08:56 AM,Lakyn Sanders
T01-0403,G,Composite,,10/13/2025 12:00 AM,10/12/2025 12:00 AM,10/13/2025 12:00 AM,LS,10/16/2025,,Pass,0.31,Routine Surveillance,Mason,PointPleasantWWTP-01,Sample,WWTP,10/16/2025 08:58 AM,Lakyn Sanders
K01-0556,G,Composite,,10/14/2025 06:30 AM,10/13/2025 06:40 AM,10/14/2025 06:30 AM,LS,10/16/2025,,Pass,3.875,Routine Surveillance,Wood,ParkersburgWWTP-01,Sample,WWTP,10/16/2025 08:59 AM,Lakyn Sanders
D01-0615,G,Composite,,10/14/2025 07:00 AM,10/13/2025 07:00 AM,10/14/2025 07:00 AM,LS,10/16/2025,,Pass,1.18,Routine Surveillance,Jefferson,CharlesTownWWTP-01,Sample,WWTP,10/16/2025 09:00 AM,Lakyn Sanders
R02-0560,G,Composite,,10/13/2025 08:00 AM,10/12/2025 08:00 AM,10/13/2025 08:00 AM,LS,10/16/2025,,Pass,0.15,Routine Surveillance,Randolph,ElkinsWWTP-01,Sample,WWTP,10/16/2025 09:02 AM,Lakyn Sanders
C01-1006,G,Composite,,10/07/2025 08:00 AM,10/06/2025 08:00 AM,10/07/2025 08:00 AM,LS,10/16/2025,,Pass,6.0,Routine Surveillance,Ohio,WheelingWWTP-01,Sample,WWTP,10/16/2025 11:33 AM,Lakyn Sanders
C01-1007,G,Composite,,10/08/2025 08:00 AM,10/07/2025 08:00 AM,10/08/2025 08:00 AM,LS,10/16/2025,,Pass,12.1,Routine Surveillance,Ohio,WheelingWWTP-01,Sample,WWTP,10/16/2025 11:34 AM,Lakyn Sanders
C01-1008,G,Composite,,10/09/2025 08:00 AM,10/08/2025 08:00 AM,10/09/2025 08:00 AM,LS,10/16/2025,,Pass,6.6,Routine Surveillance,Ohio,WheelingWWTP-01,Sample,WWTP,10/16/2025 11:35 AM,Lakyn Sanders
C01-1009,G,Composite,,10/10/2025 08:00 AM,10/09/2025 08:00 AM,10/10/2025 08:00 AM,LS,10/16/2025,,Pass,6.4,Routine Surveillance,Ohio,WheelingWWTP-01,Sample,WWTP,10/16/2025 11:36 AM,Lakyn Sanders
C01-1010,G,Composite,,10/14/2025 08:00 AM,10/13/2025 08:00 AM,10/14/2025 08:00 AM,LS,10/16/2025,,Pass,6.1,Routine Surveillance,Ohio,WheelingWWTP-01,Sample,WWTP,10/16/2025 11:37 AM,Lakyn Sanders
H01-1003,G,Composite,,10/14/2025 08:00 AM,10/13/2025 08:00 AM,10/14/2025 08:00 AM,LS,10/16/2025,,Pass,1,Routine Surveillance,Marshall,MoundsvilleWWTP-01,Sample,WWTP,10/16/2025 11:38 AM,Lakyn Sanders
Q01-0635,G,Composite,,10/13/2025 08:00 AM,10/08/2025 08:00 AM,10/13/2025 08:00 AM,LS,10/16/2025,,Pass,0.269,Routine Surveillance,Boone,MadisonWWTP-01,Sample,WWTP,10/16/2025 11:40 AM,Lakyn Sanders
F01-0147,G,Composite,,10/14/2025 12:00 AM,10/13/2025 12:00 AM,10/14/2025 12:00 AM,LS,10/16/2025,,Pass,1.5,Routine Surveillance,Lewis,WestonWWTP-01,Sample,WWTP,10/16/2025 11:41 AM,Lakyn Sanders
A01-1379,G,Composite,,10/15/2025 12:00 AM,10/14/2025 12:00 AM,10/15/2025 12:00 AM,LS,10/23/2025,,Pass,8,Routine Surveillance,Monongalia,StarCityWWTP-01,Sample,WWTP,10/23/2025 10:11 AM,Lakyn Sanders
A01-1380,G,Composite,,10/16/2025 12:00 AM,10/15/2025 12:00 AM,10/16/2025 12:00 AM,LS,10/23/2025,,Pass,7.4,Routine Surveillance,Monongalia,StarCityWWTP-01,Sample,WWTP,10/23/2025 10:12 AM,Lakyn Sanders
A01-1381,G,Composite,,10/18/2025 12:00 AM,10/17/2025 12:00 AM,10/18/2025 12:00 AM,LS,10/23/2025,,Pass,6.8,Routine Surveillance,Monongalia,StarCityWWTP-01,Sample,WWTP,10/23/2025 10:13 AM,Lakyn Sanders
A01-1382,G,Composite,,10/19/2025 12:00 AM,10/18/2025 12:00 AM,10/19/2025 12:00 AM,LS,10/23/2025,,Pass,10.2,Routine Surveillance,Monongalia,StarCityWWTP-01,Sample,WWTP,10/23/2025 10:14 AM,Lakyn Sanders
A01-1383,G,Composite,,10/20/2025 12:00 AM,10/19/2025 12:00 AM,10/20/2025 12:00 AM,LS,10/23/2025,,Pass,11.2,Routine Surveillance,Monongalia,StarCityWWTP-01,Sample,WWTP,10/23/2025 10:15 AM,Lakyn Sanders
A01-1384,G,Composite,,10/21/2025 12:00 AM,10/20/2025 12:00 AM,10/21/2025 12:00 AM,LS,10/23/2025,,Pass,9.4,Routine Surveillance,Monongalia,StarCityWWTP-01,Sample,WWTP,10/23/2025 10:15 AM,Lakyn Sanders
C01-1011,G,Composite,,10/14/2025 08:00 AM,10/13/2025 08:00 AM,10/14/2025 08:00 AM,LS,10/23/2025,,Pass,6.1,Routine Surveillance,Ohio,WheelingWWTP-01,Sample,WWTP,10/23/2025 10:18 AM,Lakyn Sanders
C01-1012,G,Composite,,10/15/2025 08:00 AM,10/14/2025 08:00 AM,10/15/2025 08:00 AM,LS,10/23/2025,,Pass,6,Routine Surveillance,Ohio,WheelingWWTP-01,Sample,WWTP,10/23/2025 10:19 AM,Lakyn Sanders
C01-1013,G,Composite,,10/16/2025 08:00 AM,10/15/2025 08:00 AM,10/16/2025 08:00 AM,LS,10/23/2025,,Pass,6.1,Routine Surveillance,Ohio,WheelingWWTP-01,Sample,WWTP,10/23/2025 10:20 AM,Lakyn Sanders
C01-1014,G,Composite,,10/17/2025 08:00 AM,10/16/2025 08:00 AM,10/17/2025 08:00 AM,LS,10/23/2025,,Pass,5.1,Routine Surveillance,Ohio,WheelingWWTP-01,Sample,WWTP,10/23/2025 10:21 AM,Lakyn Sanders
C01-1015,G,Composite,,10/20/2025 08:00 AM,10/19/2025 08:00 AM,10/20/2025 08:00 AM,LS,10/23/2025,,Pass,11.7,Routine Surveillance,Ohio,WheelingWWTP-01,Sample,WWTP,10/23/2025 10:22 AM,Lakyn Sanders
N02-0592,G,Composite,,10/14/2025 07:00 AM,10/13/2025 07:00 AM,10/14/2025 07:00 AM,LS,10/23/2025,,Pass,5,Routine Surveillance,Harrison,ClarksburgWWTP-01,Sample,WWTP,10/23/2025 10:24 AM,Lakyn Sanders
O01-0583,G,Composite,,10/13/2025 08:00 AM,10/12/2025 08:00 AM,10/13/2025 08:00 AM,LS,10/23/2025,,Pass,0.89,Routine Surveillance,Taylor,GraftonWWTP-01,Sample,WWTP,10/23/2025 10:25 AM,Lakyn Sanders
O01-0581,G,Composite,,10/20/2025 08:00 AM,10/19/2025 08:00 AM,10/20/2025 08:00 AM,LS,10/23/2025,,Pass,1.86,Routine Surveillance,Taylor,GraftonWWTP-01,Sample,WWTP,10/23/2025 10:27 AM,Lakyn Sanders
M03-0538,G,Composite,,10/20/2025 08:00 AM,10/19/2025 08:00 AM,10/20/2025 08:00 AM,LS,10/23/2025,,Pass,0.272,Routine Surveillance,Marion,ManningtonWWTP-01,Sample,WWTP,10/23/2025 10:28 AM,Lakyn Sanders
U01-0177,G,Composite,,10/20/2025 09:45 AM,10/19/2025 09:45 AM,10/20/2025 09:45 AM,LS,10/23/2025,,Pass,0.195,Routine Surveillance,Fayette,WhiteOakWWTP-01,Sample,WWTP,10/23/2025 10:29 AM,Lakyn Sanders
J01-0556,G,Composite,,10/20/2025 07:30 AM,10/19/2025 07:30 AM,10/20/2025 07:30 AM,LS,10/23/2025,,Pass,0.093,Routine Surveillance,Preston,AlpineLakeWWTP-01,Sample,WWTP,10/23/2025 10:30 AM,Lakyn Sanders
F01-0155,G,Composite,,10/20/2025 12:00 AM,10/19/2025 12:00 AM,10/20/2025 12:00 AM,LS,10/23/2025,,Pass,1.7,Routine Surveillance,Lewis,WestonWWTP-01,Sample,WWTP,10/23/2025 10:32 AM,Lakyn Sanders
D01-0593,G,Composite,,10/21/2025 07:00 AM,10/20/2025 07:00 AM,10/21/2025 07:00 AM,LS,10/23/2025,,Pass,1.32,Routine Surveillance,Jefferson,CharlesTownWWTP-01,Sample,WWTP,10/23/2025 10:33 AM,Lakyn Sanders
K01-0550,G,Composite,,10/21/2025 06:30 AM,10/20/2025 06:30 AM,10/21/2025 06:30 AM,LS,10/23/2025,,Pass,5.921,Routine Surveillance,Wood,ParkersburgWWTP-01,Sample,WWTP,10/23/2025 10:35 AM,Lakyn Sanders
N02-0582,G,Composite,,10/20/2025 07:00 AM,10/19/2025 07:00 AM,10/20/2025 07:00 AM,LS,10/23/2025,,Pass,8.36,Routine Surveillance,Harrison,ClarksburgWWTP-01,Sample,WWTP,10/23/2025 10:36 AM,Lakyn Sanders
L01-0653,G,Composite,,10/20/2025 07:00 AM,10/19/2025 07:00 AM,10/20/2025 07:00 AM,LS,10/23/2025,,Pass,0.179,Routine Surveillance,Doddridge,WestUnionWWTP-01,Sample,WWTP,10/23/2025 10:37 AM,Lakyn Sanders
P01-0205,G,Composite,,10/20/2025 08:00 AM,10/19/2025 08:00 AM,10/20/2025 08:00 AM,LS,10/23/2025,,Fail: Missing Required Data,,Routine Surveillance,Pleasants,StMarysWWTP-01,Sample,WWTP,10/23/2025 10:40 AM,Lakyn Sanders
K01-0559,g,Composite,,09/16/2025 06:15 AM,09/15/2025 06:30 AM,09/16/2025 06:15 AM,LS,09/18/2025,,Pass,3.365,Routine Surveillance,Wood,ParkersburgWWTP-01,Sample,WWTP,09/18/2025 08:58 AM,Lakyn Sanders
J01-0551,g,Composite,,09/15/2025 07:30 AM,09/14/2025 07:30 AM,09/15/2025 07:30 AM,LS,09/18/2025,,Pass,0.036,Routine Surveillance,Preston,AlpineLakeWWTP-01,Sample,WWTP,09/18/2025 09:01 AM,Lakyn Sanders
H01-0999,g,Composite,,09/15/2025 08:00 AM,09/14/2025 08:00 AM,09/15/2025 08:00 AM,LS,09/18/2025,,Pass,1,Routine Surveillance,Marshall,MoundsvilleWWTP-01,Sample,WWTP,09/18/2025 09:05 AM,Lakyn Sanders
M03-0536,g,Composite,,09/15/2025 08:00 AM,09/14/2025 08:00 AM,09/15/2025 08:00 AM,LS,09/18/2025,,Pass,0.118,Routine Surveillance,Marion,ManningtonWWTP-01,Sample,WWTP,09/18/2025 09:06 AM,Lakyn Sanders
R02-0550,g,Composite,,09/15/2025 08:00 AM,09/14/2025 08:00 AM,09/15/2025 08:00 AM,LS,09/18/2025,,Pass,1.58,Routine Surveillance,Randolph,ElkinsWWTP-01,Sample,WWTP,09/18/2025 09:08 AM,Lakyn Sanders
C01-0988,g,Composite,,09/11/2025 08:00 AM,09/10/2025 08:00 AM,09/11/2025 08:00 AM,LS,09/18/2025,,Pass,4.56,Routine Surveillance,Ohio,WheelingWWTP-01,Sample,WWTP,09/18/2025 09:10 AM,Lakyn Sanders
C01-0987,g,Composite,,09/10/2025 08:00 AM,09/09/2025 08:00 AM,09/10/2025 08:00 AM,LS,09/18/2025,,Pass,4.3,Routine Surveillance,Ohio,WheelingWWTP-01,Sample,WWTP,09/18/2025 09:12 AM,Lakyn Sanders
C01-0989,g,Composite,,09/12/2025 08:00 AM,09/11/2025 08:00 AM,09/12/2025 08:00 AM,LS,09/18/2025,,Pass,4.46,Routine Surveillance,Ohio,WheelingWWTP-01,Sample,WWTP,09/18/2025 09:12 AM,Lakyn Sanders
C01-0990,g,Composite,,09/15/2025 08:00 AM,09/14/2025 08:00 AM,09/15/2025 08:00 AM,LS,09/18/2025,,Pass,4.43,Routine Surveillance,Ohio,WheelingWWTP-01,Sample,WWTP,09/18/2025 09:14 AM,Lakyn Sanders
U01-0156,g,Composite,,09/15/2025 09:15 PM,09/14/2025 09:00 PM,09/15/2025 09:15 PM,LS,09/18/2025,,Pass,0.101,Routine Surveillance,Fayette,WhiteOakWWTP-01,Sample,WWTP,09/18/2025 09:17 AM,Lakyn Sanders
Q01-0631,g,Composite,,09/15/2025 08:00 AM,09/14/2025 08:00 AM,09/15/2025 08:00 AM,LS,09/18/2025,,Pass,0.243,Routine Surveillance,Boone,MadisonWWTP-01,Sample,WWTP,09/18/2025 09:21 AM,Lakyn Sanders
C01-0986,g,Composite,,09/09/2025 08:00 AM,09/08/2025 08:00 AM,09/09/2025 08:00 AM,LS,09/18/2025,,Pass,4.47,Routine Surveillance,Ohio,WheelingWWTP-01,Sample,WWTP,09/18/2025 09:23 AM,Lakyn Sanders
O01-0321,g,Composite,,09/15/2025 08:00 AM,09/14/2025 08:00 AM,09/15/2025 08:00 AM,LS,09/18/2025,,Pass,0.52,Routine Surveillance,Taylor,GraftonWWTP-01,Sample,WWTP,09/18/2025 09:24 AM,Lakyn Sanders
L01-0648,g,Composite,,09/15/2025 08:20 AM,09/14/2025 08:00 AM,09/15/2025 08:00 AM,LS,09/18/2025,,Pass,0.146,Routine Surveillance,Doddridge,WestUnionWWTP-01,Sample,WWTP,09/18/2025 09:26 AM,Lakyn Sanders
M04-0423,g,Composite,,09/15/2025 08:00 AM,09/14/2025 08:00 AM,09/15/2025 08:00 AM,LS,09/18/2025,,Pass,0.068,Routine Surveillance,Marion,FarmingtonWWTP-01,Sample,WWTP,09/18/2025 09:27 AM,Lakyn Sanders
A04-0687,g,Composite,,09/15/2025 08:00 AM,09/14/2025 08:00 AM,09/15/2025 08:00 AM,LS,09/18/2025,,Pass,0.570,Routine Surveillance,Monongalia,CheatLakeWWTP-01,Sample,WWTP,09/18/2025 09:29 AM,Lakyn Sanders
N02-0607,g,Composite,,09/15/2025 07:00 AM,09/14/2025 07:00 AM,09/15/2025 07:00 AM,LS,09/18/2025,,Pass,4.984,Routine Surveillance,Harrison,ClarksburgWWTP-01,Sample,WWTP,09/18/2025 09:31 AM,Lakyn Sanders
F01-0136,g,Composite,,09/16/2025 07:00 AM,09/15/2025 07:00 AM,09/16/2025 07:00 AM,LS,09/18/2025,,Pass,1.5,Routine Surveillance,Lewis,WestonWWTP-01,Sample,WWTP,09/18/2025 09:33 AM,Lakyn Sanders
A01-1350,g,Composite,,09/10/2025 12:00 AM,09/09/2025 12:00 AM,09/10/2025 12:00 AM,LS,09/18/2025,,Pass,7.4,Routine Surveillance,Monongalia,StarCityWWTP-01,Sample,WWTP,09/18/2025 09:41 AM,Lakyn Sanders
A01-1351,g,Composite,,09/11/2025 12:00 AM,09/10/2025 12:00 AM,09/11/2025 12:00 AM,LS,09/18/2025,,Pass,7.2,Routine Surveillance,Monongalia,StarCityWWTP-01,Sample,WWTP,09/18/2025 09:41 AM,Lakyn Sanders
A01-1352,g,Composite,,09/15/2025 12:00 AM,09/14/2025 12:00 AM,09/15/2025 12:00 AM,LS,09/18/2025,,Pass,7.4,Routine Surveillance,Monongalia,StarCityWWTP-01,Sample,WWTP,09/18/2025 09:42 AM,Lakyn Sanders
A01-1353,g,Composite,,09/13/2025 12:00 AM,09/13/2025 12:00 AM,09/12/2025 12:00 AM,LS,09/18/2025,,Pass,6.9,Routine Surveillance,Monongalia,StarCityWWTP-01,Sample,WWTP,09/18/2025 09:43 AM,Lakyn Sanders
A01-1354,g,Composite,,09/14/2025 12:00 AM,09/13/2025 12:00 AM,09/14/2025 12:00 AM,LS,09/18/2025,,Pass,7.2,Routine Surveillance,Monongalia,StarCityWWTP-01,Sample,WWTP,09/18/2025 09:44 AM,Lakyn Sanders
A01-1355,g,Composite,,09/16/2025 12:00 AM,09/15/2025 12:00 AM,09/16/2025 12:00 AM,LS,09/18/2025,,Pass,7.4,Routine Surveillance,Monongalia,StarCityWWTP-01,Sample,WWTP,09/18/2025 09:45 AM,Lakyn Sanders
A01-1356,g,Composite,,09/17/2025 12:00 AM,09/16/2025 12:00 AM,09/17/2025 12:00 AM,LS,09/25/2025,,Pass,7.9,Routine Surveillance,Monongalia,StarCityWWTP-01,Sample,WWTP,09/25/2025 09:19 AM,Lakyn Sanders
A01-1357,G,Composite,,09/18/2025 12:00 AM,09/17/2025 12:00 AM,09/18/2025 12:00 AM,LS,09/25/2025,,Pass,7.5,Routine Surveillance,Monongalia,StarCityWWTP-01,Sample,WWTP,09/25/2025 09:21 AM,Lakyn Sanders
A01-1358,G,Composite,,09/20/2025 12:00 AM,09/19/2025 12:00 AM,09/20/2025 12:00 AM,LS,09/25/2025,Effluent sample did not take. Should be fixed for next time ,Pass,8.5,Routine Surveillance,Monongalia,StarCityWWTP-01,Sample,WWTP,09/25/2025 09:23 AM,Lakyn Sanders
A01-1359,G,Composite,,09/23/2025 12:00 AM,09/22/2025 12:00 AM,09/23/2025 12:00 AM,LS,09/25/2025,,Pass,8.5,Routine Surveillance,Monongalia,StarCityWWTP-01,Sample,WWTP,09/25/2025 09:24 AM,Lakyn Sanders
A01-1360,G,Composite,,09/22/2025 12:00 AM,09/21/2025 12:00 AM,09/22/2025 12:00 AM,LS,09/25/2025,,Pass,7.9,Routine Surveillance,Monongalia,StarCityWWTP-01,Sample,WWTP,09/25/2025 09:26 AM,Lakyn Sanders
C01-0991,G,Composite,,09/16/2025 08:00 AM,09/15/2025 08:00 AM,09/16/2025 08:00 AM,LS,09/25/2025,,Pass,6.4,Routine Surveillance,Ohio,WheelingWWTP-01,Sample,WWTP,09/25/2025 09:30 AM,Lakyn Sanders
C01-0992,G,Composite,,09/17/2025 08:00 AM,09/16/2025 08:00 AM,09/17/2025 08:00 AM,LS,09/25/2025,,Pass,5.5,Routine Surveillance,Ohio,WheelingWWTP-01,Sample,WWTP,09/25/2025 09:31 AM,Lakyn Sanders
C01-0993,G,Composite,,09/18/2025 08:00 AM,09/17/2025 08:00 AM,09/18/2025 08:00 AM,LS,09/25/2025,,Pass,5.5,Routine Surveillance,Ohio,WheelingWWTP-01,Sample,WWTP,09/25/2025 09:32 AM,Lakyn Sanders
C01-0994,G,Composite,,09/19/2025 08:00 AM,09/18/2025 08:00 AM,09/19/2025 08:00 AM,LS,09/25/2025,,Pass,5.4,Routine Surveillance,Ohio,WheelingWWTP-01,Sample,WWTP,09/25/2025 09:33 AM,Lakyn Sanders
C01-0995,G,Composite,,09/22/2025 08:00 AM,09/21/2025 08:00 AM,09/22/2025 08:00 AM,LS,09/25/2025,,Pass,6.4,Routine Surveillance,Ohio,WheelingWWTP-01,Sample,WWTP,09/25/2025 09:34 AM,Lakyn Sanders
A04-0683,G,Composite,,09/22/2025 08:00 AM,09/21/2025 08:00 AM,09/22/2025 08:00 AM,LS,09/25/2025,,Pass,0.546,Routine Surveillance,Monongalia,,Sample,WWTP,09/25/2025 09:36 AM,Lakyn Sanders
F01-0146,G,Composite,,09/22/2025 07:00 AM,09/21/2025 07:00 AM,09/22/2025 07:00 AM,LS,09/25/2025,,Pass,6.1,Routine Surveillance,Lewis,WestonWWTP-01,Sample,WWTP,09/25/2025 09:38 AM,Lakyn Sanders
J01-0552,G,Composite,,09/22/2025 07:30 AM,09/21/2025 07:30 AM,09/22/2025 07:30 AM,LS,09/25/2025,,Pass,0.04,Routine Surveillance,Preston,AlpineLakeWWTP-01,Sample,WWTP,09/25/2025 09:39 AM,Lakyn Sanders
H01-1000,G,Composite,,09/22/2025 08:00 AM,09/21/2025 08:00 AM,09/22/2025 08:00 AM,LS,09/25/2025,,Pass,1,Routine Surveillance,Marshall,MoundsvilleWWTP-01,Sample,WWTP,09/25/2025 09:40 AM,Lakyn Sanders
M04-0424,G,Composite,,09/22/2025 08:00 AM,09/21/2025 08:00 AM,09/22/2025 08:00 AM,LS,09/25/2025,,Pass,0.065,Routine Surveillance,Marion,FarmingtonWWTP-01,Sample,WWTP,09/25/2025 09:42 AM,Lakyn Sanders
P01-0208,G,Composite,,09/22/2025 08:15 AM,09/21/2025 07:00 AM,09/22/2025 07:00 AM,LS,09/25/2025,,Pass,0.153,Routine Surveillance,Pleasants,StMarysWWTP-01,Sample,WWTP,09/25/2025 09:43 AM,Lakyn Sanders
M03-0533,G,Composite,,09/22/2025 08:00 AM,09/21/2025 08:00 AM,09/22/2025 08:00 AM,LS,09/25/2025,,Pass,0.116,Routine Surveillance,Marion,ManningtonWWTP-01,Sample,WWTP,09/25/2025 09:44 AM,Lakyn Sanders
N02-0605,G,Composite,,09/22/2025 07:00 AM,09/21/2025 07:00 AM,09/22/2025 07:00 AM,LS,09/25/2025,,Pass,5.518,Routine Surveillance,Harrison,ClarksburgWWTP-01,Sample,WWTP,09/25/2025 09:45 AM,Lakyn Sanders
K01-0555,G,Composite,,09/23/2025 06:30 AM,09/22/2025 06:30 AM,09/23/2025 06:30 AM,LS,09/25/2025,,Pass,3.834,Routine Surveillance,Wood,ParkersburgWWTP-01,Sample,WWTP,09/25/2025 09:47 AM,Lakyn Sanders
G01-0645,G,Composite,,09/22/2025 08:00 AM,09/21/2025 09:00 AM,09/22/2025 08:00 AM,LS,09/25/2025,,Fail: Missing Required Data,,Routine Surveillance,Mineral,KeyserWWTP-01,Sample,WWTP,09/25/2025 09:49 AM,Lakyn Sanders
O01-0585,G,Composite,,09/22/2025 08:00 AM,09/21/2025 08:00 AM,09/22/2025 08:00 AM,LS,09/25/2025,,Pass,0.57,Routine Surveillance,Taylor,GraftonWWTP-01,Sample,WWTP,09/25/2025 09:50 AM,Lakyn Sanders
T01-0325,G,Composite,,09/22/2025 07:00 AM,09/21/2025 07:00 AM,09/22/2025 07:00 AM,LS,09/25/2025,,Pass,0.19,Routine Surveillance,Mason,PointPleasantWWTP-01,Sample,WWTP,09/25/2025 09:51 AM,Lakyn Sanders
Q01-0632,G,Composite,,09/22/2025 08:00 AM,09/21/2025 08:00 AM,09/22/2025 08:00 AM,LS,09/25/2025,,Pass,0.242,Routine Surveillance,Boone,MadisonWWTP-01,Sample,WWTP,09/25/2025 09:52 AM,Lakyn Sanders
R02-0556,G,Composite,,09/22/2025 08:05 AM,09/21/2025 08:00 AM,09/22/2025 08:00 AM,LS,09/25/2025,,Pass,2.08,Routine Surveillance,Randolph,ElkinsWWTP-01,Sample,WWTP,09/25/2025 09:53 AM,Lakyn Sanders
U01-0152,G,Composite,,09/22/2025 09:30 AM,09/21/2025 09:30 AM,09/22/2025 09:30 AM,LS,09/25/2025,,Pass,0.193,Routine Surveillance,Fayette,WhiteOakWWTP-01,Sample,WWTP,09/25/2025 09:56 AM,Lakyn Sanders
D01-0618,G,Composite,,09/23/2025 07:00 AM,09/22/2025 07:00 AM,09/23/2025 07:00 AM,LS,09/25/2025,,Pass,1.21,Routine Surveillance,Jefferson,CharlesTownWWTP-01,Sample,WWTP,09/25/2025 09:57 AM,Lakyn Sanders
L01-0652,G,Composite,,09/22/2025 09:00 AM,09/21/2025 09:00 AM,09/22/2025 09:00 AM,LS,09/25/2025,,Pass,0.266,Routine Surveillance,Doddridge,WestUnionWWTP-01,Sample,WWTP,09/25/2025 09:58 AM,Lakyn Sanders
U01-0099,G,Composite,,07/15/2024 08:45 AM,07/14/2024 08:45 AM,07/15/2024 08:45 AM,,,,Pass,0.145,Routine Surveillance,Fayette,WhiteOakWWTP-01,Sample,WWTP,07/17/2024 11:19 AM,Sarah Knoll
A02-1295,sample,,Gracie Moulton,01/12/2026 01:18 PM,01/10/2026 10:00 AM,01/10/2026 04:00 PM,LS,01/15/2026,,Pass,,Mass-Gathering Event,Monongalia,Coliseum-01,Sample,WVU Morgantown,01/12/2026 01:20 PM,Gracie Moulton
A02-1403,sample,Composite,Gracie Moulton,12/05/2025 12:55 PM,11/29/2025 05:00 PM,11/29/2025 12:00 AM,LS,12/11/2025,,Pass,,Mass-Gathering Event,Monongalia,StadiumSE-01,Sample,WVU Morgantown,12/05/2025 12:56 PM,Gracie Moulton
A02-1404,sample ,Composite,Gracie Moulton,12/05/2025 01:59 PM,11/29/2025 05:00 PM,11/29/2025 12:00 AM,LS,12/11/2025,,Pass,,Mass-Gathering Event,Monongalia,StadiumNW-01,Sample,WVU Morgantown,12/05/2025 01:09 PM,Gracie Moulton
A02-1405,sample,Composite,Gracie Moulton ,12/05/2025 01:16 AM,11/29/2025 05:00 PM,11/29/2025 12:00 AM,LS,12/11/2025,,Pass,,Mass-Gathering Event,Monongalia,StadiumSE-01,Sample,WVU Morgantown,12/05/2025 01:13 PM,Gracie Moulton
A02-1294,sample ,Composite,Gracie Moulton,12/10/2025 01:00 PM,12/09/2025 05:00 PM,12/09/2025 12:00 AM,LS,12/11/2025,,Pass,,Mass-Gathering Event,Monongalia,Coliseum-01,Sample,WVU Morgantown,12/10/2025 02:18 PM,Gracie Moulton
A02-1292,sample,Composite,Gracie Moulton,11/06/2025 02:50 PM,11/04/2025 05:00 PM,11/05/2025 01:00 AM,LS,11/13/2025,,Pass,,Mass-Gathering Event,Monongalia,Coliseum-01,Sample,WVU Morgantown,11/07/2025 01:32 PM,Gracie Moulton
A02-1293,sample ,Composite,Gracie Moulton,11/07/2025 01:25 PM,11/06/2025 05:00 PM,11/06/2025 11:00 PM,LS,11/13/2025,,Pass,,Mass-Gathering Event,Monongalia,Coliseum-01,Sample,WVU Morgantown,11/07/2025 01:35 PM,Gracie Moulton
A02-1301,sample,Composite,Gracie Moulton ,11/10/2025 10:29 AM,11/09/2025 01:00 PM,11/09/2025 08:00 PM,LS,11/13/2025,,Pass,,Mass-Gathering Event,Monongalia,Coliseum-01,Sample,WVU Morgantown,11/10/2025 10:30 AM,Gracie Moulton
A02-1398,sample ,,Gracie Moulton ,11/10/2025 09:45 AM,11/08/2025 10:00 AM,11/08/2025 06:00 PM,LS,11/13/2025,,Pass,,Mass-Gathering Event,Monongalia,StadiumNE-01,Sample,WVU Morgantown,11/10/2025 10:33 AM,Gracie Moulton
A02-1399,sample,Composite,Gracie Moulton,11/10/2025 09:55 AM,11/08/2025 10:00 AM,11/08/2025 06:00 PM,LS,11/13/2025,,Pass,,Mass-Gathering Event,Monongalia,StadiumSE-01,Sample,WVU Morgantown,11/10/2025 10:34 AM,Gracie Moulton
A02-1400,sample,Composite,Gracie Moulton,11/10/2025 10:00 AM,11/08/2025 10:00 AM,11/08/2025 06:00 PM,LS,11/13/2025,,Pass,,Mass-Gathering Event,Monongalia,StadiumNW-01,Sample,WVU Morgantown,11/10/2025 10:35 AM,Gracie Moulton
A02-1401,sample,Composite,Gracie Moulton,11/10/2025 10:03 AM,11/08/2025 10:00 AM,11/08/2025 06:00 AM,LS,11/13/2025,,Pass,,Mass-Gathering Event,Monongalia,StadiumSW-01,Sample,WVU Morgantown,11/10/2025 10:37 AM,Gracie Moulton
A02-1390,sample,Composite,Gracie Moulton,09/29/2025 09:55 AM,09/27/2025 01:30 PM,09/27/2025 09:30 PM,LS,10/02/2025,,Pass,,Mass-Gathering Event,Monongalia,StadiumNE-01,Sample,WVU Morgantown,09/29/2025 11:00 AM,Gracie Moulton
A02-1391,sample ,Composite,Gracie Moulton ,09/29/2025 10:00 AM,09/27/2025 01:30 PM,09/27/2025 09:30 PM,LS,10/02/2025,,Pass,,Mass-Gathering Event,Monongalia,StadiumSE-01,Sample,WVU Morgantown,09/29/2025 11:02 AM,Gracie Moulton
A02-1392,sample,Composite,Gracie Moulton,09/29/2025 10:07 AM,09/27/2025 01:30 PM,09/27/2025 09:30 PM,LS,10/02/2025,,Pass,,Mass-Gathering Event,Monongalia,StadiumNW-01,Sample,WVU Morgantown,09/29/2025 11:03 AM,Gracie Moulton
A02-1393,sample,Composite,Gracie Moulton,09/29/2025 10:13 AM,09/27/2025 01:30 PM,09/27/2025 09:30 PM,LS,10/02/2025,,Pass,,Mass-Gathering Event,Monongalia,StadiumSW-01,Sample,WVU Morgantown,09/29/2025 11:04 AM,Gracie Moulton
A02-1394,sample,Composite,Gracie Moulton,10/27/2025 12:37 PM,10/25/2025 04:00 PM,10/25/2025 12:00 AM,AJ,10/30/2025,,Pass,,Mass-Gathering Event,Monongalia,StadiumNE-01,Sample,WVU Morgantown,10/27/2025 12:39 PM,Gracie Moulton
A02-1395,sample,Composite,Gracie Moulton ,10/27/2025 12:43 PM,10/25/2025 04:00 PM,10/25/2025 12:00 AM,AJ,10/30/2025,,Pass,,Mass-Gathering Event,Monongalia,StadiumSE-01,Sample,WVU Morgantown,10/27/2025 12:44 PM,Gracie Moulton
A02-1396,sample,Composite,Gracie Moulton ,10/27/2025 12:53 AM,10/25/2025 04:00 PM,10/25/2025 12:00 AM,AJ,10/30/2025,,Pass,,Mass-Gathering Event,Monongalia,StadiumNW-01,Sample,WVU Morgantown,10/27/2025 12:53 PM,Gracie Moulton
A02-1397,sample,Composite,Gracie Moulton ,10/27/2025 01:00 PM,10/25/2025 04:00 PM,10/25/2025 12:00 AM,AJ,10/30/2025,,Pass,,Mass-Gathering Event,Monongalia,StadiumSW-01,Sample,WVU Morgantown,10/27/2025 12:59 PM,Gracie Moulton
A02-1386,sample ,Composite,Gracie Moulton ,09/15/2025 08:08 AM,09/13/2025 01:30 PM,09/15/2025 09:30 PM,LS,09/18/2025,,Pass,,Mass-Gathering Event,Monongalia,StadiumNE-01,Sample,WVU Morgantown,09/15/2025 08:09 AM,Gracie Moulton
A02-1387,sample ,Composite,Gracie Moulton ,09/15/2025 08:14 AM,09/13/2025 01:30 PM,09/13/2025 09:30 PM,LS,09/18/2025,,Pass,,Mass-Gathering Event,Monongalia,StadiumSE-01,Sample,WVU Morgantown,09/15/2025 08:14 AM,Gracie Moulton
A02-1388,sample,Composite,Gracie Moulton,09/15/2025 08:19 AM,09/13/2025 01:30 PM,09/13/2025 09:30 PM,LS,09/18/2025,,Pass,,Mass-Gathering Event,Monongalia,StadiumNW-01,Sample,WVU Morgantown,09/15/2025 08:20 AM,Gracie Moulton
A02-1389,sample,Composite,Gracie Moulton ,09/15/2025 08:25 AM,09/13/2025 01:30 PM,09/13/2025 09:30 PM,LS,09/18/2025,,Pass,,Mass-Gathering Event,Monongalia,StadiumSW-01,Sample,WVU Morgantown,09/15/2025 08:25 AM,Gracie Moulton
A02-1371,sample,Composite,,01/30/2025 10:00 AM,01/29/2025 05:00 PM,01/30/2025 01:00 AM,AJ,02/03/2025,,Pass,,Mass-Gathering Event,Monongalia,Coliseum-01,Sample,WVU Morgantown,01/30/2025 10:24 AM,Gracie Moulton
A10-0006,sample (clogged tube caused smaller sample) ,Composite,Gracie ,03/25/2026 01:24 PM,03/23/2026 03:00 PM,03/23/2026 10:00 AM,,,,,,Mass-Gathering Event,Monongalia,Coliseum-01,Sample,WVU Morgantown,03/25/2026 01:27 PM,Gracie Moulton
A02-2000,Sample,Composite,Gracie Moulton,03/06/2026 10:57 AM,03/04/2026 07:00 AM,03/06/2026 07:00 AM,LS,03/12/2026,,Pass,,Upstream Collection,Monongalia,EvansdaleWVU-01,Sample,WVU Morgantown,03/06/2026 10:57 AM,Gracie Moulton
A02-2001,sample,Composite,Gracie Moulton,03/06/2026 11:46 AM,03/04/2026 07:00 AM,03/04/2026 07:00 PM,LS,03/12/2026,,Pass,,Upstream Collection,Monongalia,KnappWVU-01,Sample,WVU Morgantown,03/06/2026 11:47 AM,Gracie Moulton
A10-0004,sample,Composite,Gracie Moulton ,03/09/2026 01:34 PM,03/06/2026 08:00 PM,03/06/2026 02:00 AM,LS,03/12/2026,,Pass,,Mass-Gathering Event,Monongalia,Coliseum-01,Sample,WVU Morgantown,03/09/2026 01:36 PM,Gracie Moulton
A10-0003,sample,Composite,Gracie Moulton,03/02/2026 02:35 PM,02/28/2026 03:30 PM,02/28/2026 09:30 PM,LS,03/05/2026,,Pass,,Mass-Gathering Event,Monongalia,Coliseum-01,Sample,WVU Morgantown,03/02/2026 02:38 PM,Gracie Moulton
A02-1291,sample,Composite,Gracie Moulton,11/19/2025 01:30 PM,11/17/2025 05:00 PM,11/17/2025 11:00 PM,LS,11/20/2025,,Pass,,Mass-Gathering Event,Monongalia,Coliseum-01,Sample,WVU Morgantown,11/19/2025 01:48 PM,Gracie Moulton
A10-0002,sample,Composite,Gracie Moulton,02/19/2026 02:39 PM,02/18/2026 06:30 PM,02/18/2026 11:30 PM,LS,02/26/2026,,Pass,,Mass-Gathering Event,Monongalia,Coliseum-01,Sample,WVU Morgantown,02/19/2026 02:39 PM,Gracie Moulton
A10-0001,sample ,Composite,Gracie Moulton,02/04/2026 01:30 PM,01/31/2026 02:00 PM,01/31/2026 08:00 PM,LS,02/12/2026,,Pass,,Mass-Gathering Event,Monongalia,Coliseum-01,Sample,WVU Morgantown,02/09/2026 10:38 AM,Gracie Moulton
A01-1247,G,Composite,,05/14/2025 12:00 AM,05/13/2025 12:00 AM,05/14/2025 12:00 AM,EM,05/21/2025,,Pass,12.7,Routine Surveillance,Monongalia,StarCityWWTP-01,Sample,WWTP,05/21/2025 02:24 PM,Ella Moats
A01-1248,G,Composite,,05/15/2025 12:00 AM,05/14/2025 12:00 AM,05/15/2025 12:00 AM,EM,05/21/2025,,Pass,11.0,Routine Surveillance,Monongalia,StarCityWWTP-01,Sample,WWTP,05/21/2025 02:25 PM,Ella Moats
A01-1249,G,Composite,,05/17/2025 12:00 AM,05/16/2025 12:00 AM,05/17/2025 12:00 AM,EM,05/21/2025,,Pass,8.9,Routine Surveillance,Monongalia,StarCityWWTP-01,Sample,WWTP,05/21/2025 02:27 PM,Ella Moats
A01-1250,G,Composite,,05/18/2025 12:00 AM,05/17/2025 12:00 AM,05/18/2025 12:00 AM,EM,05/21/2025,,Pass,8.4,Routine Surveillance,Monongalia,StarCityWWTP-01,Sample,WWTP,05/21/2025 02:28 PM,Ella Moats
C01-0880,G,Composite,,05/16/2025 07:00 AM,05/15/2025 07:00 AM,05/16/2025 07:00 AM,EM,05/21/2025,,Pass,7.63,Routine Surveillance,Ohio,WheelingWWTP-01,Sample,WWTP,05/21/2025 02:33 PM,Ella Moats
C01-0897,G,Composite,,05/13/2025 07:00 AM,05/12/2025 07:00 AM,05/13/2025 07:00 AM,EM,05/21/2025,,Pass,7.22,Routine Surveillance,Ohio,WheelingWWTP-01,Sample,WWTP,05/21/2025 02:34 PM,Ella Moats
C01-0898,G,Composite,,05/14/2025 07:00 AM,05/13/2025 07:00 AM,05/14/2025 07:00 AM,EM,05/21/2025,,Pass,7.21,Routine Surveillance,Ohio,WheelingWWTP-01,Sample,WWTP,05/21/2025 02:35 PM,Ella Moats
C01-0899,G,Composite,,05/15/2025 07:00 AM,05/14/2025 07:00 AM,05/15/2025 07:00 AM,EM,05/21/2025,,Pass,7.64,Routine Surveillance,Ohio,WheelingWWTP-01,Sample,WWTP,05/21/2025 02:36 PM,Ella Moats
C01-0900,G,Composite,,05/19/2025 07:00 AM,05/18/2025 07:00 AM,05/19/2025 07:00 AM,EM,05/21/2025,,Pass,5.9,Routine Surveillance,Ohio,WheelingWWTP-01,Sample,WWTP,05/21/2025 02:38 PM,Ella Moats
E01-0730,G,,,05/09/2025 09:00 AM,05/08/2025 09:00 AM,05/09/2025 09:00 AM,EM,05/21/2025,,Pass,4.35,Routine Surveillance,Mercer,PrincetonWWTP-01,Sample,WWTP,05/21/2025 02:40 PM,Ella Moats
A01-1251,G,Composite,,05/19/2025 12:00 AM,05/18/2025 12:00 AM,05/19/2025 12:00 AM,EM,05/21/2025,,Pass,7.8,Routine Surveillance,Monongalia,StarCityWWTP-01,Sample,WWTP,05/21/2025 02:52 PM,Ella Moats
A01-1252,G,Composite,,05/20/2025 12:00 AM,05/19/2025 12:00 AM,05/20/2025 12:00 AM,EM,05/21/2025,,Pass,7.6,Routine Surveillance,Monongalia,StarCityWWTP-01,Sample,WWTP,05/21/2025 02:53 PM,Ella Moats
E01-0731,G,Composite,,05/13/2025 09:00 AM,05/12/2025 09:00 AM,05/13/2025 09:00 AM,EM,05/21/2025,,Pass,5.65,Routine Surveillance,Mercer,PrincetonWWTP-01,Sample,WWTP,05/21/2025 02:55 PM,Ella Moats
E01-0735,G,Composite,,05/14/2025 09:00 AM,05/13/2025 09:00 AM,05/14/2025 09:00 AM,EM,05/21/2025,,Pass,8.10,Routine Surveillance,Mercer,PrincetonWWTP-01,Sample,WWTP,05/21/2025 02:56 PM,Ella Moats
G01-0639,G,Composite,,05/19/2025 08:00 AM,05/18/2025 08:00 AM,05/19/2025 08:00 AM,EM,05/21/2025,No flow listed,Fail: Missing Required Data,,Routine Surveillance,Mineral,KeyserWWTP-01,Sample,WWTP,05/21/2025 03:01 PM,Ella Moats
F01-0135,G,Composite,,05/19/2025 07:00 AM,05/18/2025 07:00 AM,05/19/2025 07:00 AM,EM,05/21/2025,,Pass,1.5,Routine Surveillance,Lewis,WestonWWTP-01,Sample,WWTP,05/21/2025 03:43 PM,Ella Moats
D01-0597,G,Composite,,05/20/2025 07:00 AM,05/19/2025 07:00 AM,05/20/2025 07:00 AM,EM,05/21/2025,,Pass,1.24,Routine Surveillance,Jefferson,CharlesTownWWTP-01,Sample,WWTP,05/21/2025 03:44 PM,Ella Moats
T01-0307,G,Composite,,05/19/2025 07:30 AM,05/19/2025 07:25 AM,05/19/2025 07:30 AM,EM,05/21/2025,,Pass,0.25,Routine Surveillance,Mason,PointPleasantWWTP-01,Sample,WWTP,05/21/2025 03:46 PM,Ella Moats
R02-0538,G,Composite,,05/19/2025 08:00 AM,05/18/2025 08:00 AM,05/19/2025 08:00 AM,EM,05/21/2025,,Pass,3.85,Routine Surveillance,Randolph,ElkinsWWTP-01,Sample,WWTP,05/21/2025 03:50 PM,Ella Moats
U01-0092,G,Composite,,05/19/2025 08:35 AM,05/19/2025 08:35 AM,05/19/2025 08:35 AM,EM,05/21/2025,,Pass,6.02,Routine Surveillance,Fayette,WhiteOakWWTP-01,Sample,WWTP,05/21/2025 03:53 PM,Ella Moats
M04-0407,G,Composite,,05/19/2025 08:00 AM,05/18/2025 08:00 AM,05/19/2025 08:00 AM,EM,05/21/2025,,Pass,0.08,Routine Surveillance,Marion,FarmingtonWWTP-01,Sample,WWTP,05/21/2025 03:56 PM,Ella Moats
P01-0173,G,Composite,,05/19/2025 07:00 AM,05/18/2025 07:00 AM,05/19/2025 07:00 AM,EM,05/21/2025,,Pass,0.21,Routine Surveillance,Pleasants,StMarysWWTP-01,Sample,WWTP,05/21/2025 03:57 PM,Ella Moats
M03-0515,G,Composite,,05/19/2025 08:00 AM,05/18/2025 08:00 AM,05/19/2025 08:00 AM,EM,05/21/2025,,Pass,0.175,Routine Surveillance,Marion,ManningtonWWTP-01,Sample,WWTP,05/21/2025 03:58 PM,Ella Moats
A04-0681,G,Composite,,05/19/2025 08:00 AM,05/18/2025 08:00 AM,05/19/2025 08:00 AM,EM,05/21/2025,,Pass,0.638,Routine Surveillance,Monongalia,CheatLakeWWTP-01,Sample,WWTP,05/21/2025 04:02 PM,Ella Moats
H01-0983,G,Composite,,05/19/2025 08:00 AM,05/18/2025 08:00 AM,05/19/2025 08:00 AM,EM,05/21/2025,,Pass,1.5,Routine Surveillance,Marshall,MoundsvilleWWTP-01,Sample,WWTP,05/21/2025 04:03 PM,Ella Moats
J01-0534,G,Composite,,05/19/2025 07:30 AM,05/18/2025 07:30 AM,05/19/2025 07:30 AM,EM,05/21/2025,,Pass,0.270,Routine Surveillance,Preston,AlpineLakeWWTP-01,Sample,WWTP,05/21/2025 04:05 PM,Ella Moats
K01-0527,G,,,05/20/2025 06:25 AM,05/19/2025 06:27 AM,05/20/2025 06:25 AM,EM,05/21/2025,,Pass,4.925,Routine Surveillance,Wood,ParkersburgWWTP-01,Sample,WWTP,05/21/2025 04:07 PM,Ella Moats
M03-0508,G,Composite,,05/12/2025 08:00 AM,05/11/2025 08:00 AM,05/12/2025 08:00 AM,EM,05/21/2025,,Pass,0.195,Routine Surveillance,Marion,ManningtonWWTP-01,Sample,WWTP,05/21/2025 04:08 PM,Ella Moats
P01-0175,G,Composite,,05/12/2025 07:00 AM,05/11/2025 07:00 AM,05/12/2025 07:00 AM,EM,05/21/2025,No flow,Fail: Missing Required Data,,Routine Surveillance,Pleasants,StMarysWWTP-01,Sample,WWTP,05/21/2025 04:09 PM,Ella Moats
O01-0315,G,Composite,,05/12/2025 08:00 AM,05/11/2025 08:00 AM,05/12/2025 08:00 AM,EM,05/21/2025,,Pass,1.74,Routine Surveillance,Taylor,GraftonWWTP-01,Sample,WWTP,05/21/2025 04:11 PM,Ella Moats
M04-0406,G,Composite,,05/12/2025 08:00 AM,05/11/2025 08:00 AM,05/12/2025 08:00 AM,EM,05/21/2025,"Date listed as 8/12, assumed meant 5/12",Pass,0.089,Routine Surveillance,Marion,FarmingtonWWTP-01,Sample,WWTP,05/21/2025 04:13 PM,Ella Moats
L01-0632,G,Composite,,05/12/2025 07:00 AM,05/11/2025 07:00 AM,05/12/2025 07:00 AM,EM,05/21/2025,,Pass,0.295,Routine Surveillance,Doddridge,WestUnionWWTP-01,Sample,WWTP,05/21/2025 04:14 PM,Ella Moats
N02-0546,G,Composite,,05/19/2025 07:00 AM,05/18/2025 07:00 AM,05/19/2025 07:00 AM,EM,05/21/2025,,Pass,9.34,Routine Surveillance,Harrison,ClarksburgWWTP-01,Sample,WWTP,05/21/2025 04:15 PM,Ella Moats
L01-0630,G,Composite,,05/19/2025 08:00 AM,05/18/2025 08:00 AM,05/19/2025 08:00 AM,EM,05/21/2025,,Pass,0.316,Routine Surveillance,Doddridge,WestUnionWWTP-01,Sample,WWTP,05/21/2025 04:16 PM,Ella Moats
R02-0532,G,Composite,,05/27/2025 08:00 AM,05/26/2025 08:00 AM,05/27/2025 08:00 AM,BB,05/29/2025,,Fail: Missing Required Data,,Routine Surveillance,Randolph,ElkinsWWTP-01,Sample,WWTP,05/29/2025 10:31 AM,Barrett-Anne Briggs
E01-0740,G,Composite,,05/15/2025 09:00 AM,05/14/2025 09:00 AM,05/15/2025 09:00 AM,BB,05/29/2025,,Pass,5.935,Routine Surveillance,Mercer,PrincetonWWTP-01,Sample,WWTP,05/29/2025 10:33 AM,Barrett-Anne Briggs
E01-0743,G,Composite,,05/21/2025 09:00 AM,05/20/2025 09:00 AM,05/21/2025 09:00 AM,BB,05/29/2025,,Pass,4.822,Routine Surveillance,Mercer,PrincetonWWTP-01,Sample,WWTP,05/29/2025 10:35 AM,Barrett-Anne Briggs
M04-0414,G,Composite,,05/26/2025 08:15 AM,05/25/2025 08:00 AM,05/26/2025 08:00 AM,BB,05/29/2025,,Pass,0.062,Routine Surveillance,Marion,FarmingtonWWTP-01,Sample,WWTP,05/29/2025 10:37 AM,Barrett-Anne Briggs
E01-0742,G,Composite,,05/20/2025 09:00 AM,05/19/2025 09:00 AM,05/20/2025 09:00 AM,BB,05/29/2025,,Pass,4.822,Routine Surveillance,Mercer,PrincetonWWTP-01,Sample,WWTP,05/29/2025 10:39 AM,Barrett-Anne Briggs
P01-0172,G,Composite,,05/27/2025 08:00 AM,05/25/2025 07:00 AM,05/26/2025 07:00 AM,BB,05/29/2025,,Pass,0.203,Routine Surveillance,Pleasants,StMarysWWTP-01,Sample,WWTP,05/29/2025 10:41 AM,Barrett-Anne Briggs
M03-0510,G,Composite,,05/26/2025 08:00 AM,05/25/2025 08:00 AM,05/26/2025 08:00 AM,BB,05/29/2025,,Pass,0.151,Routine Surveillance,Marion,ManningtonWWTP-01,Sample,WWTP,05/29/2025 10:43 AM,Barrett-Anne Briggs
J01-0535,G,Composite,,05/27/2025 07:30 AM,05/26/2025 07:30 AM,05/27/2025 07:30 AM,BB,05/29/2025,,Pass,0.214,Routine Surveillance,Preston,AlpineLakeWWTP-01,Sample,WWTP,05/29/2025 10:45 AM,Barrett-Anne Briggs
D01-0587,G,Composite,,05/27/2025 07:00 AM,05/26/2025 07:00 AM,05/27/2025 07:00 AM,BB,05/29/2025,,Pass,1.0,Routine Surveillance,Jefferson,CharlesTownWWTP-01,Sample,WWTP,05/29/2025 10:46 AM,Barrett-Anne Briggs
G01-0633,G,Composite,,05/26/2025 08:00 AM,05/25/2025 09:00 AM,05/26/2025 09:00 AM,BB,05/29/2025,,,1.147,Routine Surveillance,Mineral,KeyserWWTP-01,Sample,WWTP,05/29/2025 10:49 AM,Barrett-Anne Briggs
E01-0741,G,Composite,,05/16/2025 09:00 AM,05/15/2025 09:00 AM,05/16/2025 09:00 AM,BB,05/29/2025,,Pass,6.676,Routine Surveillance,Mercer,PrincetonWWTP-01,Sample,WWTP,05/29/2025 10:51 AM,Barrett-Anne Briggs
U01-0124,G,Composite,,05/27/2025 10:15 AM,05/26/2025 09:00 AM,05/27/2025 09:00 AM,BB,05/29/2025,,Pass,0.312,Routine Surveillance,Fayette,WhiteOakWWTP-01,Sample,WWTP,05/29/2025 10:53 AM,Barrett-Anne Briggs
K01-0533,G,Composite,,05/27/2025 06:00 AM,05/26/2025 06:00 AM,05/27/2025 06:00 AM,BB,05/29/2025,,Pass,4.311,Routine Surveillance,Wood,ParkersburgWWTP-01,Sample,WWTP,05/29/2025 10:55 AM,Barrett-Anne Briggs
H01-0984,G,Composite,,05/27/2025 08:00 AM,05/26/2025 08:00 AM,05/27/2025 08:00 AM,BB,05/29/2025,,Pass,1.5,Routine Surveillance,Marshall,MoundsvilleWWTP-01,Sample,WWTP,05/29/2025 10:56 AM,Barrett-Anne Briggs
C01-0905,G,Composite,,05/26/2025 07:00 AM,05/25/2025 07:00 AM,05/26/2025 07:00 AM,BB,05/29/2025,,Pass,6.4,Routine Surveillance,Ohio,WheelingWWTP-01,Sample,WWTP,05/29/2025 10:57 AM,Barrett-Anne Briggs
C01-0901,G,Composite,,05/20/2025 07:00 AM,05/19/2025 07:00 AM,05/20/2025 07:00 AM,BB,05/29/2025,,Pass,7.5,Routine Surveillance,Ohio,WheelingWWTP-01,Sample,WWTP,05/29/2025 10:58 AM,Barrett-Anne Briggs
C01-0903,G,Composite,,05/22/2025 07:00 AM,05/21/2025 07:00 AM,05/22/2025 07:00 AM,AJ,05/29/2025,,Pass,9.2,Routine Surveillance,Ohio,WheelingWWTP-01,Sample,WWTP,05/29/2025 11:00 AM,Barrett-Anne Briggs
C01-0904,G,Composite,,05/23/2025 07:00 AM,05/22/2025 07:00 AM,05/23/2025 07:00 AM,AJ,05/29/2025,,Pass,9.7,Routine Surveillance,Ohio,WheelingWWTP-01,Sample,WWTP,05/29/2025 11:00 AM,Barrett-Anne Briggs
C01-0902,G,Composite,,05/21/2025 07:00 AM,05/20/2025 07:00 AM,05/21/2025 07:00 AM,AJ,05/29/2025,,Pass,5.8,Routine Surveillance,Ohio,WheelingWWTP-01,Sample,WWTP,05/29/2025 11:01 AM,Barrett-Anne Briggs
A01-1255,G,Composite,,05/26/2025 12:00 AM,05/25/2025 12:00 AM,05/26/2025 12:00 AM,AJ,05/29/2025,,Pass,7.4,Routine Surveillance,Monongalia,StarCityWWTP-01,Sample,WWTP,05/29/2025 11:02 AM,Barrett-Anne Briggs
A01-1253,G,Composite,,05/21/2025 12:00 AM,05/20/2025 12:00 AM,05/21/2025 12:00 AM,AJ,05/29/2025,,Pass,9.6,Routine Surveillance,Monongalia,StarCityWWTP-01,Sample,WWTP,05/29/2025 11:03 AM,Barrett-Anne Briggs
A01-1254,G,Composite,,05/25/2025 12:00 AM,05/24/2025 12:00 AM,05/25/2025 12:00 AM,BB,05/29/2025,,Pass,7.5,Routine Surveillance,Monongalia,StarCityWWTP-01,Sample,WWTP,05/29/2025 11:05 AM,Barrett-Anne Briggs
N02-0547,G,Composite,,05/27/2025 07:00 AM,05/26/2025 07:00 AM,05/27/2025 07:00 AM,BB,05/29/2025,,Pass,6.56,Routine Surveillance,Harrison,ClarksburgWWTP-01,Sample,WWTP,05/29/2025 11:06 AM,Barrett-Anne Briggs
L01-0636,G,Composite,,05/27/2025 08:00 AM,05/25/2025 08:00 AM,05/26/2025 08:00 AM,BB,05/29/2025,,Pass,0.207,Routine Surveillance,Doddridge,WestUnionWWTP-01,Sample,WWTP,05/29/2025 11:09 AM,Barrett-Anne Briggs
A01-1258,G,Composite,,05/29/2025 12:00 AM,05/28/2025 12:00 AM,05/29/2025 12:00 AM,BB,06/03/2025,,Pass,14.9,Routine Surveillance,Monongalia,StarCityWWTP-01,Sample,WWTP,06/03/2025 04:59 PM,Barrett-Anne Briggs
A01-1257,G,Composite,,05/28/2025 12:00 AM,05/27/2025 12:00 AM,05/28/2025 12:00 AM,BB,06/03/2025,,Pass,18.4,Routine Surveillance,Monongalia,StarCityWWTP-01,Sample,WWTP,06/03/2025 05:01 PM,Barrett-Anne Briggs
A01-1256,G,Composite,,05/27/2025 12:00 AM,05/26/2025 12:00 AM,05/27/2025 12:00 AM,BB,06/03/2025,,Pass,10.6,Routine Surveillance,Monongalia,StarCityWWTP-01,Sample,WWTP,06/03/2025 05:02 PM,Barrett-Anne Briggs
L01-0635,G,Composite,,06/02/2025 08:00 AM,06/01/2025 08:00 AM,06/02/2025 08:00 AM,BB,06/03/2025,,Pass,27.6,Routine Surveillance,Doddridge,WestUnionWWTP-01,Sample,WWTP,06/03/2025 05:03 PM,Barrett-Anne Briggs
A01-1260,G,Composite,,06/01/2025 12:00 AM,05/31/2025 12:00 AM,06/01/2025 12:00 AM,BB,06/03/2025,,Pass,13.9,Routine Surveillance,Monongalia,StarCityWWTP-01,Sample,WWTP,06/03/2025 05:04 PM,Barrett-Anne Briggs
A01-1259,G,Composite,,05/31/2025 12:00 AM,05/30/2025 12:00 AM,05/31/2025 12:00 AM,BB,06/03/2025,,Pass,18.7,Routine Surveillance,Monongalia,StarCityWWTP-01,Sample,WWTP,06/03/2025 05:05 PM,Barrett-Anne Briggs
A01-1262,G,Composite,,06/03/2025 12:00 AM,06/02/2025 12:00 AM,06/03/2025 12:00 AM,BB,06/04/2025,,Pass,10.5,Routine Surveillance,Monongalia,StarCityWWTP-01,Sample,WWTP,06/04/2025 11:05 AM,Barrett-Anne Briggs
A01-1261,G,Composite,,06/02/2025 12:00 AM,06/01/2025 12:00 AM,06/02/2025 12:00 AM,BB,06/04/2025,,Pass,12.1,Routine Surveillance,Monongalia,StarCityWWTP-01,Sample,WWTP,06/04/2025 11:07 AM,Barrett-Anne Briggs
A04-0674,G,Composite,,05/25/2025 08:00 AM,05/24/2025 08:00 AM,05/25/2025 08:00 AM,BB,06/04/2025,,Pass,0.595,Routine Surveillance,Monongalia,CheatLakeWWTP-01,Sample,WWTP,06/04/2025 11:09 AM,Barrett-Anne Briggs
A04-0686,G,Composite,,06/02/2025 08:00 AM,06/01/2025 08:00 AM,06/02/2025 08:00 AM,BB,06/04/2025,,Pass,1.246,Routine Surveillance,Monongalia,CheatLakeWWTP-01,Sample,WWTP,06/04/2025 11:11 AM,Barrett-Anne Briggs
E01-0745,G,Composite,,05/23/2025 09:00 AM,05/22/2025 09:00 AM,05/23/2025 09:00 AM,BB,06/04/2025,,Fail: Missing Required Data,,Routine Surveillance,Mercer,PrincetonWWTP-01,Sample,WWTP,06/04/2025 11:12 AM,Barrett-Anne Briggs
E01-0746,G,Composite,,05/27/2025 09:00 AM,05/26/2025 09:00 AM,05/27/2025 09:00 AM,BB,06/04/2025,,Pass,4.630,Routine Surveillance,Mercer,PrincetonWWTP-01,Sample,WWTP,06/04/2025 11:14 AM,Barrett-Anne Briggs
E01-0744,G,Composite,,05/22/2025 09:00 AM,05/21/2025 09:00 AM,05/22/2025 09:00 AM,BB,06/04/2025,,Pass,5.093,Routine Surveillance,Mercer,PrincetonWWTP-01,Sample,WWTP,06/04/2025 11:15 AM,Barrett-Anne Briggs
F01-0134,G,Composite,,05/28/2025 07:00 AM,05/27/2025 07:00 AM,05/28/2025 07:00 AM,BB,06/04/2025,,Pass,1.1,Routine Surveillance,Lewis,WestonWWTP-01,Sample,WWTP,06/04/2025 11:16 AM,Barrett-Anne Briggs
M04-0412,G,Composite,,06/02/2025 08:00 AM,06/01/2025 08:00 AM,06/02/2025 08:00 AM,BB,06/04/2025,,Pass,0.378,Routine Surveillance,Marion,FarmingtonWWTP-01,Sample,WWTP,06/04/2025 11:17 AM,Barrett-Anne Briggs
P01-0188,G,Composite,,06/02/2025 07:00 AM,06/01/2025 07:00 AM,06/02/2025 07:00 AM,BB,06/04/2025,,Fail: Missing Required Data,,Routine Surveillance,Pleasants,StMarysWWTP-01,Sample,WWTP,06/04/2025 11:19 AM,Barrett-Anne Briggs
M03-0514,G,Composite,,06/02/2025 08:00 AM,06/01/2025 08:00 AM,06/02/2025 08:00 AM,BB,06/04/2025,,Pass,0.566,Routine Surveillance,Marion,ManningtonWWTP-01,Sample,WWTP,06/04/2025 11:21 AM,Barrett-Anne Briggs
O01-0327,G,Composite,,06/02/2025 08:00 AM,06/01/2025 08:00 AM,06/02/2025 08:00 AM,ID,06/04/2025,,Pass,2.01,Routine Surveillance,Taylor,GraftonWWTP-01,Sample,WWTP,06/04/2025 11:25 AM,Barrett-Anne Briggs
H01-0985,G,Composite,,06/02/2025 08:00 AM,06/01/2025 08:00 AM,06/02/2025 08:00 AM,BB,06/04/2025,,Pass,2.5,Routine Surveillance,Marshall,MoundsvilleWWTP-01,Sample,WWTP,06/04/2025 11:27 AM,Barrett-Anne Briggs
R02-0535,G,Composite,,06/02/2025 08:00 AM,06/01/2025 08:00 AM,06/02/2025 08:00 AM,BB,06/04/2025,,Pass,4.69,Routine Surveillance,Randolph,ElkinsWWTP-01,Sample,WWTP,06/04/2025 11:28 AM,Barrett-Anne Briggs
C01-0910,G,Composite,,06/02/2025 07:00 AM,06/01/2025 07:00 AM,06/02/2025 07:00 AM,BB,06/04/2025,,Pass,9.6,Routine Surveillance,Ohio,WheelingWWTP-01,Sample,WWTP,06/04/2025 11:29 AM,Barrett-Anne Briggs
N02-0579,G,Composite,,06/21/2025 07:00 AM,06/20/2025 07:00 AM,06/21/2025 07:00 AM,"BB, ID",06/04/2025,"Dates are 2 weeks in the future, checked and already received samples from 5/21 ",Fail: Missing Required Data,16.321,Routine Surveillance,Harrison,ClarksburgWWTP-01,Sample,WWTP,06/04/2025 11:34 AM,Barrett-Anne Briggs
O01-0312,G,Composite,,05/26/2025 08:00 AM,05/25/2025 08:00 AM,05/26/2025 08:00 AM,BB,06/04/2025,,Pass,1.75,Routine Surveillance,Taylor,GraftonWWTP-01,Sample,WWTP,06/04/2025 11:36 AM,Barrett-Anne Briggs
U01-0113,G,Composite,,06/02/2025 09:00 AM,06/01/2025 09:00 AM,06/02/2025 09:00 AM,BB,06/04/2025,,Pass,0.268,Routine Surveillance,Fayette,WhiteOakWWTP-01,Sample,WWTP,06/04/2025 11:39 AM,Barrett-Anne Briggs
G01-0635,G,Composite,,06/02/2025 08:00 AM,06/01/2025 09:00 AM,06/02/2025 08:00 AM,BB,06/04/2025,,Pass,2.670,Routine Surveillance,Mineral,KeyserWWTP-01,Sample,WWTP,06/04/2025 11:40 AM,Barrett-Anne Briggs
C01-0907,G,Composite,,05/28/2025 08:00 AM,05/27/2025 08:00 AM,05/28/2025 08:00 AM,BB,06/04/2025,,Pass,7.3,Routine Surveillance,Ohio,WheelingWWTP-01,Sample,WWTP,06/04/2025 11:41 AM,Barrett-Anne Briggs
J01-0536,G,Composite,,06/02/2025 07:00 AM,06/01/2025 07:00 AM,06/02/2025 07:00 AM,BB,06/04/2025,,Pass,0.333,Routine Surveillance,Preston,AlpineLakeWWTP-01,Sample,WWTP,06/04/2025 11:42 AM,Barrett-Anne Briggs
C01-0909,G,Composite,,05/30/2025 07:00 AM,05/29/2025 07:00 AM,05/30/2025 07:00 AM,BB,06/04/2025,,Pass,8.0,Routine Surveillance,Ohio,WheelingWWTP-01,Sample,WWTP,06/04/2025 11:43 AM,Barrett-Anne Briggs
C01-0908,G,Composite,,05/29/2025 07:00 AM,05/28/2025 07:00 AM,05/29/2025 07:00 AM,BB,06/04/2025,,Pass,9.0,Routine Surveillance,Ohio,WheelingWWTP-01,Sample,WWTP,06/04/2025 11:44 AM,Barrett-Anne Briggs
D01-0591,G,Composite,,06/03/2025 07:00 AM,06/02/2025 07:00 AM,06/03/2025 07:00 AM,BB,06/04/2025,,Pass,1.27,Routine Surveillance,Jefferson,CharlesTownWWTP-01,Sample,WWTP,06/04/2025 02:45 PM,Barrett-Anne Briggs
K01-0532,G,Composite,,06/03/2025 06:00 AM,06/02/2025 06:00 AM,06/03/2025 06:00 AM,BB,06/04/2025,,Pass,6.438,Routine Surveillance,Wood,ParkersburgWWTP-01,Sample,WWTP,06/04/2025 02:46 PM,Barrett-Anne Briggs
F01-0129,G,Composite,,06/03/2025 07:00 AM,06/02/2025 07:00 AM,06/03/2025 07:00 AM,BB,06/04/2025,,Pass,1.9,Routine Surveillance,Lewis,WestonWWTP-01,Sample,WWTP,06/04/2025 02:48 PM,Barrett-Anne Briggs
N02-0560,G,Composite,,06/09/2025 07:00 AM,06/08/2025 07:00 AM,06/09/2025 07:00 AM,ID,06/10/2025,,Pass,18.00,Routine Surveillance,Harrison,ClarksburgWWTP-01,Sample,WWTP,06/10/2025 02:14 PM,Barrett-Anne Briggs
L01-0634,G,Composite,,06/09/2025 08:00 AM,06/08/2025 08:00 AM,06/09/2025 08:00 AM,ID,06/10/2025,,Pass,0.203,Routine Surveillance,Doddridge,WestUnionWWTP-01,Sample,WWTP,06/10/2025 02:16 PM,Barrett-Anne Briggs
A01-1265,G,Composite,,06/07/2025 12:00 AM,06/06/2025 12:00 AM,06/07/2025 12:00 AM,ID,06/10/2025,,Pass,13.5,Routine Surveillance,Monongalia,StarCityWWTP-01,Sample,WWTP,06/10/2025 02:19 PM,Barrett-Anne Briggs
A01-1264,G,Composite,,06/05/2025 12:00 AM,06/04/2025 12:00 AM,06/05/2025 12:00 AM,ID,06/10/2025,,Pass,10.7,Routine Surveillance,Monongalia,StarCityWWTP-01,Sample,WWTP,06/10/2025 02:20 PM,Barrett-Anne Briggs
A01-1266,G,Composite,,06/08/2025 12:00 AM,06/07/2025 12:00 AM,06/08/2025 12:00 AM,ID,06/10/2025,,Pass,12.7,Routine Surveillance,Monongalia,StarCityWWTP-01,Sample,WWTP,06/10/2025 02:21 PM,Barrett-Anne Briggs
A01-1263,G,Composite,,06/04/2025 12:00 AM,06/03/2025 12:00 AM,06/04/2025 12:00 AM,ID,06/10/2025,,Pass,9.8,Routine Surveillance,Monongalia,StarCityWWTP-01,Sample,WWTP,06/10/2025 02:22 PM,Barrett-Anne Briggs
F01-0133,G,Composite,,06/09/2025 07:00 AM,06/08/2025 07:00 AM,06/09/2025 07:00 AM,ID,06/10/2025,,Pass,1.5,Routine Surveillance,Lewis,WestonWWTP-01,Sample,WWTP,06/10/2025 02:28 PM,Barrett-Anne Briggs
T01-0308,G,Composite,,06/09/2025 06:30 AM,06/08/2025 06:30 AM,06/09/2025 06:30 AM,ID,06/10/2025,,Pass,0.29,Routine Surveillance,Mason,PointPleasantWWTP-01,Sample,WWTP,06/10/2025 02:30 PM,Barrett-Anne Briggs
H01-0986,G,Composite,,06/09/2025 08:00 AM,06/08/2025 08:00 AM,06/09/2025 08:00 AM,ID,06/10/2025,,Pass,2.2,Routine Surveillance,Marshall,MoundsvilleWWTP-01,Sample,WWTP,06/10/2025 02:31 PM,Barrett-Anne Briggs
G01-0634,G,Composite,,06/08/2025 08:20 AM,06/07/2025 09:00 AM,06/08/2025 08:00 AM,ID,06/10/2025,,Pass,4.631,Routine Surveillance,Mineral,KeyserWWTP-01,Sample,WWTP,06/10/2025 02:33 PM,Barrett-Anne Briggs
C01-0914,G,Composite,,06/06/2025 08:00 AM,06/05/2025 08:00 AM,06/06/2025 08:00 AM,ID,06/10/2025,,Pass,5.94,Routine Surveillance,Ohio,WheelingWWTP-01,Sample,WWTP,06/10/2025 02:34 PM,Barrett-Anne Briggs
C01-0915,G,Composite,,06/09/2025 08:00 AM,06/08/2025 08:00 AM,06/09/2025 08:00 AM,ID,06/10/2025,,Pass,5.55,Routine Surveillance,Ohio,WheelingWWTP-01,Sample,WWTP,06/10/2025 02:35 PM,Barrett-Anne Briggs
C01-0913,G,Composite,,06/05/2025 08:00 AM,06/04/2025 08:00 AM,06/05/2025 08:00 AM,ID,06/10/2025,,Pass,7.52,Routine Surveillance,Ohio,WheelingWWTP-01,Sample,WWTP,06/10/2025 02:37 PM,Barrett-Anne Briggs
C01-0912,G,Composite,,06/04/2025 08:00 AM,06/03/2025 08:00 AM,06/04/2025 08:00 AM,ID,06/10/2025,,Pass,7.98,Routine Surveillance,Ohio,WheelingWWTP-01,Sample,WWTP,06/10/2025 02:39 PM,Barrett-Anne Briggs
C01-0911,G,Composite,,06/03/2025 08:00 AM,06/02/2025 08:00 AM,06/03/2025 08:00 AM,ID,06/10/2025,,Pass,7.98,Routine Surveillance,Ohio,WheelingWWTP-01,Sample,WWTP,06/10/2025 02:40 PM,Barrett-Anne Briggs
J01-0537,G,Composite,,06/09/2025 07:30 AM,06/08/2025 07:30 AM,06/09/2025 07:30 AM,ID,06/10/2025,,Pass,0.306,Routine Surveillance,Preston,AlpineLakeWWTP-01,Sample,WWTP,06/10/2025 02:42 PM,Barrett-Anne Briggs
Q01-0615,G,Composite,,06/02/2025 08:00 AM,06/01/2025 08:00 AM,06/02/2025 08:00 AM,ID,06/10/2025,,Pass,0.401,Routine Surveillance,Boone,MadisonWWTP-01,Sample,WWTP,06/10/2025 02:43 PM,Barrett-Anne Briggs
M04-0410,G,Composite,,06/09/2025 08:35 AM,06/08/2025 08:30 AM,06/09/2025 08:30 AM,ID,06/10/2025,,Pass,0.167,Routine Surveillance,Marion,FarmingtonWWTP-01,Sample,WWTP,06/10/2025 02:45 PM,Barrett-Anne Briggs
P01-0178,G,Composite,,06/09/2025 07:00 AM,06/08/2025 07:00 AM,06/09/2025 07:00 AM,ID,06/10/2025,,Pass,0.645,Routine Surveillance,Pleasants,StMarysWWTP-01,Sample,WWTP,06/10/2025 02:50 PM,Barrett-Anne Briggs
O01-0311,G,Composite,,06/09/2025 08:00 AM,06/08/2025 08:00 AM,06/09/2025 08:00 AM,ID,06/10/2025,,Pass,2.15,Routine Surveillance,Taylor,GraftonWWTP-01,Sample,WWTP,06/10/2025 02:51 PM,Barrett-Anne Briggs
E01-0757,G,Composite,,06/03/2025 09:00 AM,06/02/2025 09:00 AM,06/03/2025 09:00 AM,ID,06/10/2025,,Pass,4.498,Routine Surveillance,Mercer,PrincetonWWTP-01,Sample,WWTP,06/10/2025 02:52 PM,Barrett-Anne Briggs
R02-0545,G,Composite,,06/09/2025 08:00 AM,06/08/2025 08:00 AM,06/09/2025 08:00 AM,ID,06/10/2025,,Pass,6.21,Routine Surveillance,Randolph,ElkinsWWTP-01,Sample,WWTP,06/10/2025 02:53 PM,Barrett-Anne Briggs
Q01-0614,G,Composite,,05/27/2025 08:00 AM,05/26/2025 08:00 AM,05/27/2025 08:00 AM,ID,06/10/2025,,Pass,0.341,Routine Surveillance,Boone,MadisonWWTP-01,Sample,WWTP,06/10/2025 02:55 PM,Barrett-Anne Briggs
Q01-0613,G,Composite,,05/19/2025 08:00 AM,05/18/2025 08:00 AM,05/19/2025 08:00 AM,ID,06/10/2025,,Pass,0.665,Routine Surveillance,Boone,MadisonWWTP-01,Sample,WWTP,06/10/2025 02:57 PM,Barrett-Anne Briggs
A04-0679,G,Composite,,06/09/2025 08:00 AM,06/08/2025 08:00 AM,06/09/2025 08:00 AM,ID,06/10/2025,,Pass,1.423,Routine Surveillance,Monongalia,CheatLakeWWTP-01,Sample,WWTP,06/10/2025 02:59 PM,Barrett-Anne Briggs
E01-0756,G,Composite,,05/30/2025 09:00 AM,05/29/2025 09:00 AM,05/30/2025 09:00 AM,ID,06/10/2025,,Pass,7.865,Routine Surveillance,Mercer,PrincetonWWTP-01,Sample,WWTP,06/10/2025 03:00 PM,Barrett-Anne Briggs
E01-0758,G,Composite,,06/04/2025 09:00 AM,06/03/2025 09:00 AM,06/04/2025 09:00 AM,ID,06/10/2025,,Pass,4.313,Routine Surveillance,Mercer,PrincetonWWTP-01,Sample,WWTP,06/10/2025 03:02 PM,Barrett-Anne Briggs
U01-0054,G,Composite,,06/09/2025 10:00 AM,06/08/2025 10:00 AM,06/09/2025 10:00 AM,"ID, BB",06/10/2025,Has site as Raleigh and location as White Oaks,Pass,0.309,Routine Surveillance,Fayette,WhiteOakWWTP-01,Sample,WWTP,06/10/2025 03:12 PM,Barrett-Anne Briggs
M03-0518,G,Composite,,06/09/2025 09:00 AM,06/08/2025 09:00 AM,06/09/2025 09:00 AM,"ID, BB",06/10/2025,Had no QR code label so used next asset ID tag number,Pass,0.371,Routine Surveillance,Marion,ManningtonWWTP-01,Sample,WWTP,06/10/2025 03:19 PM,Barrett-Anne Briggs
A01-1291,G,Composite,,07/07/2025 12:00 AM,07/06/2025 12:00 AM,07/07/2025 12:00 AM,BB,07/16/2025,,Pass,7.2,Routine Surveillance,Monongalia,StarCityWWTP-01,Sample,WWTP,07/16/2025 12:23 PM,Barrett-Anne Briggs
A01-1292,G,Composite,,07/08/2025 12:00 AM,07/07/2025 12:00 AM,07/08/2025 12:00 AM,BB,07/16/2025,,Pass,8.1,Routine Surveillance,Monongalia,StarCityWWTP-01,Sample,WWTP,07/16/2025 12:26 PM,Barrett-Anne Briggs
A01-1293,G,Composite,,07/10/2025 12:00 AM,07/08/2025 12:00 AM,07/09/2025 12:00 AM,BB,07/16/2025,,Pass,8.6,Routine Surveillance,Monongalia,StarCityWWTP-01,Sample,WWTP,07/16/2025 12:28 PM,Barrett-Anne Briggs
A01-1294,G,Composite,,07/11/2025 12:00 AM,07/09/2025 12:00 AM,07/10/2025 12:00 AM,BB,07/16/2025,,Pass,8.8,Routine Surveillance,Monongalia,StarCityWWTP-01,Sample,WWTP,07/16/2025 12:29 PM,Barrett-Anne Briggs
N02-0561,G,Composite,,07/14/2025 07:00 AM,07/13/2025 07:00 AM,07/14/2025 07:00 AM,BB,07/16/2025,,Pass,5.86,Routine Surveillance,Harrison,ClarksburgWWTP-01,Sample,WWTP,07/16/2025 12:31 PM,Barrett-Anne Briggs
C01-0936,G,Composite,,07/08/2025 07:00 AM,07/07/2025 07:00 AM,07/08/2025 07:00 AM,BB,07/16/2025,,Pass,7.84,Routine Surveillance,Ohio,WheelingWWTP-01,Sample,WWTP,07/16/2025 12:36 PM,Barrett-Anne Briggs
C01-0937,G,Composite,,07/09/2025 08:00 AM,07/08/2025 08:00 AM,07/09/2025 08:00 AM,BB,07/16/2025,,Pass,7.73,Routine Surveillance,Ohio,WheelingWWTP-01,Sample,WWTP,07/16/2025 12:38 PM,Barrett-Anne Briggs
C01-0938,G,Composite,,07/10/2025 08:00 AM,07/09/2025 08:00 AM,07/10/2025 08:00 AM,BB,07/16/2025,,Pass,8.1,Routine Surveillance,Ohio,WheelingWWTP-01,Sample,WWTP,07/16/2025 12:39 PM,Barrett-Anne Briggs
C01-0939,G,Composite,,07/11/2025 08:00 AM,07/10/2025 08:00 AM,07/11/2025 08:00 AM,BB,07/16/2025,,Pass,9.4,Routine Surveillance,Ohio,WheelingWWTP-01,Sample,WWTP,07/16/2025 12:40 PM,Barrett-Anne Briggs
C01-0940,G,Composite,,07/14/2025 08:00 AM,07/13/2025 08:00 AM,07/14/2025 08:00 AM,BB,07/16/2025,,Pass,8.2,Routine Surveillance,Ohio,WheelingWWTP-01,Sample,WWTP,07/16/2025 12:41 PM,Barrett-Anne Briggs
F01-0138,G,Composite,,07/10/2025 12:00 AM,07/09/2025 12:00 AM,07/10/2025 12:00 AM,BB,07/16/2025,,Pass,1.9,Routine Surveillance,Lewis,WestonWWTP-01,Sample,WWTP,07/16/2025 12:42 PM,Barrett-Anne Briggs
J01-0543,G,Composite,,07/14/2025 07:30 AM,07/13/2025 07:30 AM,07/14/2025 07:30 AM,BB,07/16/2025,,Pass,0.061,Routine Surveillance,Preston,AlpineLakeWWTP-01,Sample,WWTP,07/16/2025 12:44 PM,Barrett-Anne Briggs
H01-0990,G,Composite,,07/14/2025 08:00 AM,07/13/2025 08:00 AM,07/14/2025 08:00 AM,BB,07/16/2025,,Pass,1.4,Routine Surveillance,Marshall,MoundsvilleWWTP-01,Sample,WWTP,07/16/2025 12:45 PM,Barrett-Anne Briggs
L01-0628,G,Composite,,07/14/2025 08:30 AM,07/13/2025 08:00 AM,07/14/2025 08:00 AM,BB,07/16/2025,,Pass,0.264,Routine Surveillance,Doddridge,WestUnionWWTP-01,Sample,WWTP,07/16/2025 12:47 PM,Barrett-Anne Briggs
M03-0522,G,Composite,,07/14/2025 08:00 AM,07/13/2025 08:00 AM,07/14/2025 08:00 AM,BB,07/16/2025,,Pass,0.157,Routine Surveillance,Marion,ManningtonWWTP-01,Sample,WWTP,07/16/2025 12:48 PM,Barrett-Anne Briggs
O01-0554,G,Composite,,07/14/2025 08:00 AM,07/13/2025 08:00 AM,07/14/2025 08:00 AM,BB,07/16/2025,,Pass,0.61,Routine Surveillance,Taylor,GraftonWWTP-01,Sample,WWTP,07/16/2025 12:49 PM,Barrett-Anne Briggs
P01-0197,G,Composite,,07/14/2025 08:00 AM,07/13/2025 07:00 AM,07/14/2025 07:00 AM,BB,07/16/2025,,Pass,0.186,Routine Surveillance,Pleasants,StMarysWWTP-01,Sample,WWTP,07/16/2025 12:50 PM,Barrett-Anne Briggs
T01-0407,G,Composite,,07/14/2025 01:35 PM,07/13/2025 01:30 PM,07/14/2025 01:30 PM,BB,07/16/2025,"Start and end time not present, only collected time, so estimated start and stop time ",Pass,0.89,Routine Surveillance,Mason,PointPleasantWWTP-01,Sample,WWTP,07/16/2025 12:52 PM,Barrett-Anne Briggs
R02-0541,G,Composite,,07/14/2025 08:00 AM,07/13/2025 08:00 AM,07/14/2025 08:00 AM,BB,07/16/2025,"last digit of sample flow smeared (hundredths place), think it was 1 ",Pass,1.81,Routine Surveillance,Randolph,ElkinsWWTP-01,Sample,WWTP,07/16/2025 12:54 PM,Barrett-Anne Briggs
U01-0115,G,Composite,,07/14/2025 10:30 AM,07/13/2025 10:00 AM,07/14/2025 10:00 AM,BB,07/16/2025,"only collected time present, estimated start and stop time ",Pass,0.824,Routine Surveillance,Fayette,WhiteOakWWTP-01,Sample,WWTP,07/16/2025 12:56 PM,Barrett-Anne Briggs
A01-1295,G,Composite,,07/12/2025 12:00 AM,07/11/2025 12:00 AM,07/12/2025 12:00 AM,BB,07/17/2025,,Pass,8.1,Routine Surveillance,Monongalia,StarCityWWTP-01,Sample,WWTP,07/17/2025 11:07 AM,Barrett-Anne Briggs
A01-1296,G,Composite,,07/13/2025 12:00 AM,07/12/2025 12:00 AM,07/13/2025 12:00 AM,BB,07/17/2025,,Pass,7.2,Routine Surveillance,Monongalia,StarCityWWTP-01,Sample,WWTP,07/17/2025 11:08 AM,Barrett-Anne Briggs
A01-1297,G,Composite,,07/14/2025 12:00 AM,07/13/2025 12:00 AM,07/14/2025 12:00 AM,BB,07/17/2025,,Pass,8.2,Routine Surveillance,Monongalia,StarCityWWTP-01,Sample,WWTP,07/17/2025 11:09 AM,Barrett-Anne Briggs
A01-1298,G,Composite,,07/15/2025 12:00 AM,07/14/2025 12:00 AM,07/15/2025 12:00 AM,BB,07/17/2025,,Pass,8.3,Routine Surveillance,Monongalia,StarCityWWTP-01,Sample,WWTP,07/17/2025 11:10 AM,Barrett-Anne Briggs
D01-0596,G,Composite,,07/15/2025 07:00 AM,07/14/2025 07:00 AM,07/15/2025 07:00 AM,BB,07/17/2025,,Pass,0.993,Routine Surveillance,Jefferson,CharlesTownWWTP-01,Sample,WWTP,07/17/2025 11:11 AM,Barrett-Anne Briggs
Q01-0620,G,Composite,,07/13/2025 08:00 AM,07/10/2025 08:00 AM,07/13/2025 08:00 AM,BB,07/17/2025,SAMPLE NOT COLLECTED OVER 24 HOURS,Pass,0.473,Routine Surveillance,Boone,MadisonWWTP-01,Sample,WWTP,07/17/2025 11:14 AM,Barrett-Anne Briggs
F01-0139,G,Composite,,07/14/2025 12:00 AM,07/13/2025 12:00 AM,07/14/2025 12:00 AM,BB,07/17/2025,,Pass,1.8,Routine Surveillance,Lewis,WestonWWTP-01,Sample,WWTP,07/17/2025 11:15 AM,Barrett-Anne Briggs
K01-0531,G,Composite,,07/15/2025 06:29 AM,07/14/2025 06:29 AM,07/15/2025 06:29 AM,BB,07/17/2025,,Pass,11.063,Routine Surveillance,Wood,ParkersburgWWTP-01,Sample,WWTP,07/17/2025 11:17 AM,Barrett-Anne Briggs
M04-0430,G,Composite,,03/16/2026 08:45 AM,03/15/2026 08:45 AM,03/16/2026 08:45 AM,BB,03/23/2026,,Pass,0.75,Routine Surveillance,Marion,FarmingtonWWTP-01,Sample,WWTP,03/23/2026 03:14 PM,Barrett-Anne Briggs
L01-1009,G,Composite,,03/16/2026 07:00 AM,03/15/2026 07:00 AM,03/16/2026 07:00 AM,BB,03/23/2026,,Pass,0.434,Routine Surveillance,Doddridge,WestUnionWWTP-01,Sample,WWTP,03/23/2026 03:15 PM,Barrett-Anne Briggs
N02-0574,G,Composite,,03/16/2026 07:00 AM,03/15/2026 07:00 AM,03/16/2026 07:00 AM,BB,03/23/2026,,Pass,10,Routine Surveillance,Harrison,ClarksburgWWTP-01,Sample,WWTP,03/23/2026 03:16 PM,Barrett-Anne Briggs
D01-1015,G,Composite,,03/17/2026 07:00 AM,03/16/2026 07:00 AM,03/17/2026 07:00 AM,BB,03/23/2026,,Pass,1.47,Routine Surveillance,Jefferson,CharlesTownWWTP-01,Sample,WWTP,03/23/2026 03:17 PM,Barrett-Anne Briggs
F01-1007,G,Composite,,03/16/2026 12:00 AM,03/15/2026 12:00 AM,03/16/2026 12:00 AM,BB,03/23/2026,,Pass,1.8,Routine Surveillance,Lewis,WestonWWTP-01,Sample,WWTP,03/23/2026 03:18 PM,Barrett-Anne Briggs
K01-0493,G,Composite,,03/17/2026 06:25 AM,03/16/2026 06:25 AM,03/17/2026 06:25 AM,BB,03/23/2026,,Pass,8.527,Routine Surveillance,Wood,ParkersburgWWTP-01,Sample,WWTP,03/23/2026 03:19 PM,Barrett-Anne Briggs
W01-1004,G,Composite,,03/16/2026 09:00 AM,03/15/2026 09:00 AM,03/16/2026 09:00 AM,BB,03/23/2026,,Pass,0.86,Routine Surveillance,Nicholas,SummersvilleWWTP-01,Sample,WWTP,03/23/2026 03:20 PM,Barrett-Anne Briggs
U01-1006,G,Composite,,03/16/2026 09:45 AM,03/15/2026 09:45 AM,03/16/2026 09:45 AM,BB,03/23/2026,,Pass,0.740,Routine Surveillance,Fayette,WhiteOakWWTP-01,Sample,WWTP,03/23/2026 03:21 PM,Barrett-Anne Briggs
A04-0590,G,Composite,,03/17/2026 12:00 AM,03/16/2026 12:00 AM,03/17/2026 12:00 AM,BB,03/23/2026,,Pass,0.742,Routine Surveillance,Monongalia,CheatLakeWWTP-01,Sample,WWTP,03/23/2026 03:22 PM,Barrett-Anne Briggs
A04-0591,G,Composite,,03/10/2026 12:00 AM,03/09/2026 12:00 AM,03/10/2026 12:00 AM,BB,03/23/2026,,Pass,0.827,Routine Surveillance,Monongalia,CheatLakeWWTP-01,Sample,WWTP,03/23/2026 03:23 PM,Barrett-Anne Briggs
A01-1582,G,Composite,,06/03/2026 12:00 AM,06/02/2026 12:00 AM,06/03/2026 12:00 AM,ID,06/10/2026,,Pass,8.3,Routine Surveillance,Monongalia,StarCityWWTP-01,Sample,WWTP,06/10/2026 08:56 PM,Izabel Doyle
A01-1583,G,Composite,,06/04/2026 12:00 AM,06/03/2026 12:00 AM,06/04/2026 12:00 AM,ID,06/10/2026,,Pass,8.3,Routine Surveillance,Monongalia,StarCityWWTP-01,Sample,WWTP,06/10/2026 08:57 PM,Izabel Doyle
A01-1584,G,Composite,,06/06/2026 12:00 AM,06/05/2026 12:00 AM,06/06/2026 12:00 AM,ID,06/10/2026,,Pass,8.2,Routine Surveillance,Monongalia,StarCityWWTP-01,Sample,WWTP,06/10/2026 08:59 PM,Izabel Doyle
A01-1585,G,Composite,,06/07/2026 12:00 AM,06/06/2026 12:00 AM,06/07/2026 12:00 AM,ID,06/10/2026,,Pass,7.7,Routine Surveillance,Monongalia,StarCityWWTP-01,Sample,WWTP,06/10/2026 09:00 PM,Izabel Doyle
A01-1586,G,Composite,,06/08/2026 12:00 AM,06/07/2026 12:00 AM,06/08/2026 12:00 AM,ID,06/10/2026,,Pass,7.9,Routine Surveillance,Monongalia,StarCityWWTP-01,Sample,WWTP,06/10/2026 09:01 PM,Izabel Doyle
W01-1016,G,Composite,,06/08/2026 11:00 AM,06/07/2026 11:00 AM,06/08/2026 11:00 AM,ID,06/10/2026,,Pass,0.3,Routine Surveillance,Nicholas,SummersvilleWWTP-01,Sample,WWTP,06/10/2026 09:18 PM,Izabel Doyle
C01-1289,G,Composite,,06/02/2026 08:00 AM,06/01/2026 08:00 AM,06/02/2026 08:00 AM,ID,06/10/2026,,Pass,10.5,Routine Surveillance,Ohio,WheelingWWTP-01,Sample,WWTP,06/10/2026 09:36 PM,Izabel Doyle
C01-1290,G,Composite,,06/03/2026 08:00 AM,06/02/2026 08:00 AM,06/03/2026 08:00 AM,ID,06/10/2026,,Pass,10.2,Routine Surveillance,Ohio,WheelingWWTP-01,Sample,WWTP,06/10/2026 09:39 PM,Izabel Doyle
C01-1291,G,Composite,,06/04/2026 08:00 AM,06/03/2026 08:00 AM,06/04/2026 08:00 AM,ID,06/10/2026,,Pass,9.7,Routine Surveillance,Ohio,WheelingWWTP-01,Sample,WWTP,06/10/2026 09:40 PM,Izabel Doyle
C01-1292,G,Composite,,06/05/2026 08:00 AM,06/04/2026 08:00 AM,06/05/2026 08:00 AM,ID,06/10/2026,,Pass,9.4,Routine Surveillance,Ohio,WheelingWWTP-01,Sample,WWTP,06/10/2026 09:41 PM,Izabel Doyle
C01-1293,G,Composite,,06/08/2026 08:00 AM,06/07/2026 08:00 AM,06/08/2026 08:00 AM,ID,06/10/2026,,Pass,13.0,Routine Surveillance,Ohio,WheelingWWTP-01,Sample,WWTP,06/10/2026 09:42 PM,Izabel Doyle
D01-1025,G,Composite,,06/04/2026 07:26 AM,06/03/2026 07:00 AM,06/04/2026 07:26 AM,ID,06/10/2026,,Pass,1.2,Routine Surveillance,Jefferson,CharlesTownWWTP-01,Sample,WWTP,06/10/2026 09:44 PM,Izabel Doyle
F01-1019,G,Composite,,06/08/2026 12:00 AM,06/07/2026 12:00 AM,06/08/2026 12:00 AM,ID,06/10/2026,,Pass,1.5,Routine Surveillance,Lewis,WestonWWTP-01,Sample,WWTP,06/10/2026 09:46 PM,Izabel Doyle
G01-1015,G,Composite,,06/08/2026 08:45 AM,06/07/2026 09:00 AM,06/08/2026 08:00 AM,ID,06/10/2026,NEEDS FLOW,Pass,0.9779,Routine Surveillance,Mineral,KeyserWWTP-01,Sample,WWTP,06/10/2026 09:48 PM,Izabel Doyle
H01-1035,G,Composite,,06/08/2026 08:00 AM,06/07/2026 08:00 AM,06/08/2026 08:00 AM,ID,06/10/2026,,Pass,1.5,Routine Surveillance,Marshall,MoundsvilleWWTP-01,Sample,WWTP,06/10/2026 09:49 PM,Izabel Doyle
J01-1029,G,Composite,,06/08/2026 07:30 AM,06/07/2026 07:30 AM,06/08/2026 07:30 AM,ID,06/10/2026,,Pass,0.085,Routine Surveillance,Preston,AlpineLakeWWTP-01,Sample,WWTP,06/10/2026 09:50 PM,Izabel Doyle
K01-1010,G,Composite,,06/09/2026 06:49 AM,06/08/2026 06:49 AM,06/09/2026 06:49 AM,ID,06/10/2026,Flow was rubbed off,Pass,4.127,Routine Surveillance,Wood,ParkersburgWWTP-01,Sample,WWTP,06/10/2026 09:53 PM,Izabel Doyle
L01-1021,G,Composite,,06/08/2026 07:00 AM,06/07/2026 07:00 AM,06/08/2026 08:00 AM,ID,06/10/2026,,Pass,0.159,Routine Surveillance,Doddridge,WestUnionWWTP-01,Sample,WWTP,06/10/2026 09:54 PM,Izabel Doyle
M03-1023,G,Composite,,06/08/2026 08:30 AM,06/07/2026 08:30 AM,06/08/2026 08:30 AM,ID,06/10/2026,,Pass,0.376,Routine Surveillance,Marion,ManningtonWWTP-01,Sample,WWTP,06/10/2026 09:55 PM,Izabel Doyle
M04-1011,G,Composite,,06/08/2026 09:00 AM,06/07/2026 09:00 AM,06/08/2026 09:00 AM,ID,06/10/2026,,Pass,0.115,Routine Surveillance,Marion,FarmingtonWWTP-01,Sample,WWTP,06/10/2026 09:57 PM,Izabel Doyle
N02-1012,G,Composite,,06/08/2026 07:00 AM,06/07/2026 07:00 AM,06/08/2026 07:00 AM,ID,06/10/2026,,Pass,7.08,Routine Surveillance,Harrison,ClarksburgWWTP-01,Sample,WWTP,06/10/2026 09:58 PM,Izabel Doyle
O01-1013,G,Composite,,06/08/2026 08:00 AM,06/07/2026 08:00 AM,06/08/2026 08:00 AM,ID,06/10/2026,,Pass,1.10,Routine Surveillance,Taylor,GraftonWWTP-01,Sample,WWTP,06/10/2026 09:59 PM,Izabel Doyle
P01-1020,G,Composite,,06/08/2026 07:00 AM,06/07/2026 07:00 AM,06/08/2026 06:00 AM,ID,06/10/2026,,Pass,0.213,Routine Surveillance,Pleasants,StMarysWWTP-01,Sample,WWTP,06/10/2026 10:00 PM,Izabel Doyle
R02-1029,G,Composite,,06/08/2026 08:00 AM,06/07/2026 08:00 AM,06/08/2026 08:00 AM,ID,06/10/2026,,Pass,1.47,Routine Surveillance,Randolph,ElkinsWWTP-01,Sample,WWTP,06/10/2026 10:01 PM,Izabel Doyle
T01-1004,G,Composite,,06/08/2026 10:00 AM,06/07/2026 10:00 AM,06/08/2026 10:00 AM,ID,06/10/2026,,Pass,0.78,Routine Surveillance,Mason,PointPleasantWWTP-01,Sample,WWTP,06/10/2026 10:02 PM,Izabel Doyle
U01-0091,G,Composite,,06/08/2026 08:41 AM,06/07/2026 08:41 AM,06/08/2026 08:41 AM,ID,06/10/2026,,Pass,0.183,Routine Surveillance,Fayette,WhiteOakWWTP-01,Sample,WWTP,06/10/2026 10:06 PM,Izabel Doyle
W02-1004,G,Composite,,06/08/2026 07:30 AM,06/07/2026 07:30 AM,06/08/2026 07:30 AM,ID,06/10/2026,,Pass,0.154,Routine Surveillance,Nicholas,CraigsvilleWWTP-01,Sample,WWTP,06/10/2026 10:07 PM,Izabel Doyle
Q01-1029,G,Composite,,06/08/2026 08:00 AM,06/02/2026 08:00 AM,06/07/2026 08:00 AM,ID,06/11/2026,Arrived opened and had nothing left to sample,Fail: Volume Below Min,0.2,Routine Surveillance,Boone,MadisonWWTP-01,Sample,WWTP,06/11/2026 10:36 AM,Izabel Doyle
R02-0540,G,Composite,,07/28/2025 08:00 AM,07/27/2025 08:00 AM,07/28/2025 08:00 AM,ID,07/30/2025,,Pass,1.88,Routine Surveillance,Randolph,ElkinsWWTP-01,Sample,WWTP,07/30/2025 03:36 PM,Izabel Doyle
J01-0544,G,Composite,,07/28/2025 07:30 AM,07/27/2025 07:30 AM,07/28/2025 07:30 AM,ID,07/30/2025,,Pass,0.087,Routine Surveillance,Preston,AlpineLakeWWTP-01,Sample,WWTP,07/30/2025 03:38 PM,Izabel Doyle
Q01-0622,G,Composite,,07/28/2025 08:00 AM,07/27/2025 08:00 AM,07/28/2025 08:00 AM,ID,07/30/2025,,Pass,0.712,Routine Surveillance,Boone,MadisonWWTP-01,Sample,WWTP,07/30/2025 03:40 PM,Izabel Doyle
D01-0605,G,Composite,,07/29/2025 07:00 AM,07/28/2025 07:00 AM,07/29/2025 07:00 AM,ID,07/30/2025,,Pass,1.15,Routine Surveillance,Jefferson,CharlesTownWWTP-01,Sample,WWTP,07/30/2025 03:41 PM,Izabel Doyle
H01-0992,G,Composite,,07/28/2025 08:00 AM,07/27/2025 08:00 AM,07/28/2025 08:00 AM,ID,07/30/2025,,Pass,1.5,Routine Surveillance,Marshall,MoundsvilleWWTP-01,Sample,WWTP,07/30/2025 03:42 PM,Izabel Doyle
G01-0644,G,Composite,,07/28/2025 08:35 AM,07/27/2025 08:00 AM,07/28/2025 08:00 AM,ID,07/30/2025,,Pass,1.155,Routine Surveillance,Mineral,KeyserWWTP-01,Sample,WWTP,07/30/2025 03:44 PM,Izabel Doyle
U01-0158,G,Composite,,07/28/2025 10:00 AM,07/27/2025 10:00 AM,07/28/2025 10:00 AM,ID,07/30/2025,Only had sample retrieved date/time (est start and stop time),Pass,0.579,Routine Surveillance,Fayette,WhiteOakWWTP-01,Sample,WWTP,07/30/2025 03:49 PM,Izabel Doyle
K01-0528,G,Composite,,07/29/2025 06:30 AM,07/28/2025 06:31 AM,07/29/2025 06:24 AM,ID,07/30/2025,,Pass,8.341,Routine Surveillance,Wood,ParkersburgWWTP-01,Sample,WWTP,07/30/2025 03:50 PM,Izabel Doyle
Q01-0621,G,Composite,,07/21/2025 08:00 AM,07/20/2025 08:00 AM,07/21/2025 08:00 AM,ID,07/28/2025,,Pass,1.05,Routine Surveillance,Boone,MadisonWWTP-01,Sample,WWTP,07/28/2025 02:58 PM,Izabel Doyle
F01-0137,G,Composite,,07/22/2025 07:00 AM,07/21/2025 07:00 AM,07/22/2025 07:00 AM,ID,07/28/2025,,Pass,1.5,Routine Surveillance,Lewis,WestonWWTP-01,Sample,WWTP,07/28/2025 03:02 PM,Izabel Doyle
A01-1303,G,Composite,,07/22/2025 12:00 AM,07/21/2025 12:00 AM,07/22/2025 12:00 AM,ID,07/28/2025,,Pass,9.8,Routine Surveillance,Monongalia,StarCityWWTP-01,Sample,WWTP,07/28/2025 03:05 PM,Izabel Doyle
A01-1307,G,Composite,,07/24/2025 12:00 AM,07/23/2025 12:00 AM,07/24/2025 12:00 AM,ID,07/28/2025,,Pass,8.4,Routine Surveillance,Monongalia,StarCityWWTP-01,Sample,WWTP,07/28/2025 03:06 PM,Izabel Doyle
A01-1304,G,Composite,,07/23/2025 12:00 AM,07/22/2025 12:00 AM,07/23/2025 12:00 AM,ID,07/28/2025,,Pass,8.2,Routine Surveillance,Monongalia,StarCityWWTP-01,Sample,WWTP,07/28/2025 03:07 PM,Izabel Doyle
A01-1308,G,Composite,,07/25/2025 12:00 AM,07/24/2025 12:00 AM,07/25/2025 12:00 AM,ID,07/28/2025,,Pass,7.9,Routine Surveillance,Monongalia,StarCityWWTP-01,Sample,WWTP,07/28/2025 03:08 PM,Izabel Doyle
A01-1317,G,Composite,,08/04/2025 12:00 AM,08/03/2025 12:00 AM,08/04/2025 12:00 AM,ID,08/06/2025,,Pass,8.4,Routine Surveillance,Monongalia,StarCityWWTP-01,Sample,WWTP,08/06/2025 03:01 PM,Izabel Doyle
A01-1318,G,Composite,,08/05/2025 12:00 AM,08/04/2025 12:00 AM,08/05/2025 12:00 AM,ID,08/06/2025,,Pass,9.0,Routine Surveillance,Monongalia,StarCityWWTP-01,Sample,WWTP,08/06/2025 03:02 PM,Izabel Doyle
N02-0557,G,Composite,,08/04/2025 07:00 AM,08/03/2025 07:00 AM,08/04/2025 07:00 AM,ID,08/06/2025,,Pass,6.32,Routine Surveillance,Harrison,ClarksburgWWTP-01,Sample,WWTP,08/06/2025 03:03 PM,Izabel Doyle
A01-1315,G,Composite,,08/01/2025 12:00 AM,07/31/2025 12:00 AM,08/01/2025 12:00 AM,ID,08/06/2025,,Pass,12.8,Routine Surveillance,Monongalia,StarCityWWTP-01,Sample,WWTP,08/06/2025 03:05 PM,Izabel Doyle
A01-1316,G,Composite,,08/03/2025 12:00 AM,08/02/2025 12:00 AM,08/03/2025 12:00 AM,ID,08/06/2025,,Pass,9.2,Routine Surveillance,Monongalia,StarCityWWTP-01,Sample,WWTP,08/06/2025 03:06 PM,Izabel Doyle
A01-1319,G,Composite,,08/06/2025 12:00 AM,08/05/2025 12:00 AM,08/06/2025 12:00 AM,ID,08/06/2025,,Pass,8.3,Routine Surveillance,Monongalia,StarCityWWTP-01,Sample,WWTP,08/06/2025 03:07 PM,Izabel Doyle
A01-1314,G,Composite,,07/31/2025 12:00 AM,07/30/2025 12:00 AM,07/31/2025 12:00 AM,ID,08/06/2025,,Pass,11.3,Routine Surveillance,Monongalia,StarCityWWTP-01,Sample,WWTP,08/06/2025 03:08 PM,Izabel Doyle
F01-0144,G,Composite,,07/30/2025 07:00 AM,07/29/2025 07:00 AM,07/30/2025 07:00 AM,ID,08/06/2025,,Pass,1.5,Routine Surveillance,Lewis,WestonWWTP-01,Sample,WWTP,08/06/2025 03:18 PM,Izabel Doyle
L01-0640,G,Composite,,08/04/2025 08:00 AM,08/03/2025 07:00 AM,08/04/2025 07:00 AM,ID,08/06/2025,,Pass,0.172,Routine Surveillance,Doddridge,WestUnionWWTP-01,Sample,WWTP,08/06/2025 03:23 PM,Izabel Doyle
G01-0642,G,Composite,,08/03/2025 08:00 AM,08/02/2025 09:00 AM,08/03/2025 08:00 AM,ID,08/06/2025,Flow is missing,Fail: Missing Required Data,,Routine Surveillance,Mineral,KeyserWWTP-01,Sample,WWTP,08/06/2025 03:28 PM,Izabel Doyle
K01-0547,G,Composite,,08/05/2025 06:25 AM,08/04/2025 06:29 AM,08/05/2025 06:25 AM,ID,08/06/2025,,Pass,5.021,Routine Surveillance,Wood,ParkersburgWWTP-01,Sample,WWTP,08/06/2025 03:35 PM,Izabel Doyle
M04-0416,G,Composite,,08/04/2025 08:00 AM,08/03/2025 08:00 AM,08/04/2025 08:00 AM,ID,08/06/2025,,Pass,0.098,Routine Surveillance,Marion,FarmingtonWWTP-01,Sample,WWTP,08/06/2025 03:36 PM,Izabel Doyle
J01-0545,G,Composite,,08/04/2025 07:30 AM,08/03/2025 07:30 AM,08/04/2025 07:30 AM,ID,08/06/2025,,Pass,0.06,Routine Surveillance,Preston,AlpineLakeWWTP-01,Sample,WWTP,08/06/2025 03:48 PM,Izabel Doyle
T01-0405,G,Composite,,08/04/2025 07:45 AM,08/03/2025 07:45 AM,08/04/2025 07:45 AM,ID,08/06/2025,,Pass,0.2,Routine Surveillance,Mason,PointPleasantWWTP-01,Sample,WWTP,08/06/2025 03:50 PM,Izabel Doyle
O01-0559,G,Composite,,08/04/2025 08:00 AM,08/03/2025 08:00 AM,08/04/2025 08:00 AM,ID,08/06/2025,,Pass,0.84,Routine Surveillance,Taylor,GraftonWWTP-01,Sample,WWTP,08/06/2025 03:51 PM,Izabel Doyle
O01-0568,G,Composite,,07/28/2025 08:00 AM,07/27/2025 08:00 AM,07/28/2025 08:00 AM,ID,08/06/2025,,Pass,1.28,Routine Surveillance,Taylor,GraftonWWTP-01,Sample,WWTP,08/06/2025 03:53 PM,Izabel Doyle
P01-0190,G,Composite,,08/04/2025 07:45 AM,08/03/2025 07:00 AM,08/04/2025 07:00 AM,ID,08/06/2025,,Pass,0.182,Routine Surveillance,Pleasants,StMarysWWTP-01,Sample,WWTP,08/06/2025 03:56 PM,Izabel Doyle
R02-0546,G,Composite,,08/04/2025 08:00 AM,08/03/2025 08:00 AM,08/04/2025 08:00 AM,ID,08/06/2025,,Pass,1.27,Routine Surveillance,Randolph,ElkinsWWTP-01,Sample,WWTP,08/06/2025 03:59 PM,Izabel Doyle
U01-0150,G,Composite,,08/05/2025 07:35 AM,08/04/2025 07:35 AM,08/05/2025 07:35 AM,ID,08/06/2025,,Pass,0.201,Routine Surveillance,Fayette,WhiteOakWWTP-01,Sample,WWTP,08/06/2025 04:00 PM,Izabel Doyle
H01-0993,G,Composite,,08/04/2025 08:00 AM,08/03/2025 08:00 AM,08/04/2025 08:00 AM,ID,08/06/2025,,Pass,1.1,Routine Surveillance,Marshall,MoundsvilleWWTP-01,Sample,WWTP,08/06/2025 04:01 PM,Izabel Doyle
A04-0684,G,Composite,,08/04/2025 08:00 AM,08/03/2025 08:00 AM,08/04/2025 08:00 AM,ID,08/06/2025,,Pass,0.643,Routine Surveillance,Monongalia,CheatLakeWWTP-01,Sample,WWTP,08/06/2025 04:03 PM,Izabel Doyle
D01-0598,G,Composite,,08/05/2025 07:10 AM,08/04/2025 07:00 AM,08/05/2025 07:10 AM,ID,08/06/2025,,Pass,1.14,Routine Surveillance,Jefferson,CharlesTownWWTP-01,Sample,WWTP,08/06/2025 04:05 PM,Izabel Doyle
Q01-0623,G,Composite,,08/04/2025 08:00 AM,08/03/2025 08:00 AM,08/04/2025 08:00 AM,ID,08/06/2025,Has start time as 8/1 (probably meant 8/3),Pass,0.308,Routine Surveillance,Boone,MadisonWWTP-01,Sample,WWTP,08/06/2025 04:09 PM,Izabel Doyle
C01-0946,G,Composite,,07/22/2025 08:00 AM,07/21/2025 08:00 AM,07/22/2025 08:00 AM,ID,08/06/2025,,Pass,8.68,Routine Surveillance,Ohio,WheelingWWTP-01,Sample,WWTP,08/06/2025 04:12 PM,Izabel Doyle
C01-0947,G,Composite,,07/23/2025 08:00 AM,07/22/2025 08:00 AM,07/23/2025 08:00 AM,ID,08/06/2025,,Pass,6.66,Routine Surveillance,Ohio,WheelingWWTP-01,Sample,WWTP,08/06/2025 04:13 PM,Izabel Doyle
C01-0948,G,Composite,,07/24/2025 08:00 AM,07/23/2025 08:00 AM,07/24/2025 08:00 AM,ID,08/06/2025,,Pass,5.90,Routine Surveillance,Ohio,WheelingWWTP-01,Sample,WWTP,08/06/2025 04:23 PM,Izabel Doyle
C01-0949,G,Composite,,07/25/2025 08:00 AM,07/24/2025 08:00 AM,07/25/2025 08:00 AM,ID,08/06/2025,,Pass,5.95,Routine Surveillance,Ohio,WheelingWWTP-01,Sample,WWTP,08/06/2025 04:24 PM,Izabel Doyle
C01-0950,G,Composite,,07/28/2025 08:00 AM,07/27/2025 08:00 AM,07/28/2025 08:00 AM,ID,08/06/2025,,Pass,8.05,Routine Surveillance,Ohio,WheelingWWTP-01,Sample,WWTP,08/06/2025 04:26 PM,Izabel Doyle
C01-0951,G,Composite,,07/29/2025 08:00 AM,07/28/2025 08:00 AM,07/29/2025 08:00 AM,ID,08/06/2025,,Pass,7.0,Routine Surveillance,Ohio,WheelingWWTP-01,Sample,WWTP,08/06/2025 04:27 PM,Izabel Doyle
C01-0952,G,Composite,,07/30/2025 08:00 AM,07/29/2025 08:00 AM,07/30/2025 08:00 AM,ID,08/06/2025,,Pass,10.1,Routine Surveillance,Ohio,WheelingWWTP-01,Sample,WWTP,08/06/2025 04:28 PM,Izabel Doyle
C01-0953,G,Composite,,07/31/2025 08:00 AM,07/30/2025 08:00 AM,07/31/2025 12:00 AM,ID,08/06/2025,,Pass,5.49,Routine Surveillance,Ohio,WheelingWWTP-01,Sample,WWTP,08/06/2025 04:30 PM,Izabel Doyle
M03-0526,G,Composite,,08/04/2025 08:00 AM,08/03/2025 08:00 AM,08/04/2025 08:00 AM,ID,08/06/2025,,Pass,0.156,Routine Surveillance,Marion,ManningtonWWTP-01,Sample,WWTP,08/06/2025 04:31 PM,Izabel Doyle
C01-0954,G,Composite,,08/01/2025 08:00 AM,07/31/2025 08:00 AM,08/01/2025 12:00 AM,ID,08/06/2025,,Pass,5.25,Routine Surveillance,Ohio,WheelingWWTP-01,Sample,WWTP,08/06/2025 04:32 PM,Izabel Doyle
C01-0955,G,Composite,,08/05/2025 08:00 AM,08/04/2025 08:00 AM,08/05/2025 08:00 AM,ID,08/06/2025,,Pass,8.10,Routine Surveillance,Ohio,WheelingWWTP-01,Sample,WWTP,08/06/2025 04:33 PM,Izabel Doyle
A02-3003,G,Composite,Aidan/Hannah,05/26/2026 10:40 AM,05/23/2026 07:00 AM,05/25/2026 07:00 AM,ID,05/26/2026,Campus Sample Rep,Pass,,Upstream Collection,Monongalia,OaklandWVU-01,Sample,WVU Morgantown,05/26/2026 02:15 PM,Izabel Doyle
A02-4003,G,Composite,Aidan/Hannah,05/26/2026 10:40 AM,05/23/2026 07:00 AM,05/25/2026 07:00 AM,ID,05/26/2026,Campus Sample Rep,Pass,,Upstream Collection,Monongalia,OaklandWVU-01,Sample,WVU Morgantown,05/26/2026 02:15 PM,Izabel Doyle
A02-3007,Wastewater Sample,Composite,Aidan,06/01/2026 09:01 AM,05/30/2026 07:00 AM,06/01/2026 07:00 AM,ID,06/01/2026,,Pass,,Upstream Collection,Monongalia,EvansdaleWVU-01,Sample,WVU Morgantown,06/01/2026 01:33 PM,Izabel Doyle
A02-4007,Wastewater Sample,Composite,Aidan,06/01/2026 09:01 AM,05/30/2026 07:00 AM,06/01/2026 07:00 AM,ID,06/01/2026,,Pass,,Upstream Collection,Monongalia,EvansdaleWVU-01,Sample,WVU Morgantown,06/01/2026 01:35 PM,Izabel Doyle
A02-3006,Wastewater Sample,Composite,Aidan,06/01/2026 08:39 AM,05/30/2026 07:00 AM,06/01/2026 07:00 AM,ID,06/01/2026,,Pass,,Upstream Collection,Monongalia,OaklandWVU-01,Sample,WVU Morgantown,06/01/2026 01:36 PM,Izabel Doyle
A02-4006,Wastewater Sample,Composite,Aidan,06/01/2026 08:39 AM,05/30/2026 07:00 AM,06/01/2026 07:00 AM,ID,06/01/2026,,Pass,,Upstream Collection,Monongalia,OaklandWVU-01,Sample,WVU Morgantown,06/01/2026 01:36 PM,Izabel Doyle
A02-3005,Wastewater Sample,Composite,Aidan,06/01/2026 08:23 AM,05/30/2026 07:00 AM,06/01/2026 07:00 AM,ID,06/01/2026,,Pass,,Upstream Collection,Monongalia,FacManWVU-01,Sample,WVU Morgantown,06/01/2026 01:38 PM,Izabel Doyle
A02-4005,Wastewater Sample,Composite,Aidan,06/01/2026 08:23 AM,05/30/2026 07:00 AM,06/01/2026 07:00 AM,ID,06/01/2026,,Pass,,Upstream Collection,Monongalia,FacManWVU-01,Sample,WVU Morgantown,06/01/2026 01:39 PM,Izabel Doyle
A02-3004,Composite Sample,Composite,Aidan/Hannah,05/29/2026 08:44 AM,05/27/2026 07:00 AM,05/29/2026 07:00 AM,ID,05/29/2026,,Pass,,Upstream Collection,Monongalia,EvansdaleWVU-01,Sample,WVU Morgantown,06/01/2026 01:40 PM,Izabel Doyle
A02-4004,Composite Sample,Composite,Aidan/Hannah,05/29/2026 08:44 AM,05/27/2026 07:00 AM,05/29/2026 07:00 AM,ID,05/29/2026,,Pass,,Upstream Collection,Monongalia,EvansdaleWVU-01,Sample,WVU Morgantown,06/01/2026 01:40 PM,Izabel Doyle
A02-3002,Composite Sample,Composite,Aidan/Hannah,05/29/2026 08:23 AM,05/27/2026 07:00 AM,05/29/2026 07:00 AM,ID,05/29/2026,,Pass,,Upstream Collection,Monongalia,OaklandWVU-01,Sample,WVU Morgantown,06/01/2026 01:45 PM,Izabel Doyle
A02-4002,Composite Sample,Composite,Aidan/Hannah,05/29/2026 08:23 AM,05/27/2026 07:00 AM,05/29/2026 07:00 AM,ID,05/29/2026,,Pass,,Upstream Collection,Monongalia,OaklandWVU-01,Sample,WVU Morgantown,06/01/2026 01:45 PM,Izabel Doyle
A02-2014,G,Composite,Brian,06/12/2026 09:10 AM,06/10/2026 07:00 AM,06/12/2026 07:00 AM,ID,06/12/2026,,Pass,,Upstream Collection,Monongalia,OaklandWVU-01,Sample,WVU Morgantown,06/15/2026 10:39 AM,Izabel Doyle
A02-3014,G,Composite,Brian,06/12/2026 09:10 AM,06/10/2026 07:00 AM,06/12/2026 07:00 AM,ID,06/12/2026,,Pass,,Upstream Collection,Monongalia,OaklandWVU-01,Sample,WVU Morgantown,06/15/2026 10:39 AM,Izabel Doyle
A02-4014,G,Composite,Brian,06/12/2026 09:10 AM,06/10/2026 07:00 AM,06/12/2026 07:00 AM,ID,06/12/2026,,Pass,,Upstream Collection,Monongalia,OaklandWVU-01,Sample,WVU Morgantown,06/15/2026 10:40 AM,Izabel Doyle
A02-2015,G,Composite,Brian,06/12/2026 09:25 AM,06/10/2026 07:00 AM,06/12/2026 07:00 AM,ID,06/12/2026,,Pass,,Upstream Collection,Monongalia,EvansdaleWVU-01,Sample,WVU Morgantown,06/15/2026 10:42 AM,Izabel Doyle
A02-3015,G,Composite,Brian,06/12/2026 09:25 AM,06/10/2026 07:00 AM,06/12/2026 07:00 AM,ID,06/12/2026,,Pass,,Upstream Collection,Monongalia,EvansdaleWVU-01,Sample,WVU Morgantown,06/15/2026 10:43 AM,Izabel Doyle
A02-4015,G,Composite,Brian,06/12/2026 09:25 AM,06/10/2026 07:00 AM,06/12/2026 07:00 AM,ID,06/12/2026,,Pass,,Upstream Collection,Monongalia,EvansdaleWVU-01,Sample,WVU Morgantown,06/15/2026 10:43 AM,Izabel Doyle
A02-2016,G,Composite,Brian,06/12/2026 09:30 AM,06/10/2026 07:00 AM,06/12/2026 07:00 AM,ID,06/12/2026,,Pass,,Upstream Collection,Monongalia,FacManWVU-01,Sample,WVU Morgantown,06/15/2026 10:45 AM,Izabel Doyle
A02-3016,G,Composite,Brian,06/12/2026 09:30 AM,06/10/2026 07:00 AM,06/12/2026 07:00 AM,ID,06/12/2026,,Pass,,Upstream Collection,Monongalia,FacManWVU-01,Sample,WVU Morgantown,06/15/2026 10:45 AM,Izabel Doyle
A02-4016,G,Composite,Brian,06/12/2026 09:30 AM,06/10/2026 07:00 AM,06/12/2026 07:00 AM,ID,06/12/2026,,Pass,,Upstream Collection,Monongalia,FacManWVU-01,Sample,WVU Morgantown,06/15/2026 10:46 AM,Izabel Doyle
A02-2017,G,Composite,Brian,06/12/2026 10:13 AM,06/10/2026 07:00 AM,06/12/2026 07:00 AM,ID,06/12/2026,,Pass,,Upstream Collection,Monongalia,ReynoldsWVU-01,Sample,WVU Morgantown,06/15/2026 10:47 AM,Izabel Doyle
A02-3017,G,Composite,Brian,06/12/2026 10:13 AM,06/10/2026 07:00 AM,06/12/2026 07:00 AM,ID,06/12/2026,,Pass,,Upstream Collection,Monongalia,ReynoldsWVU-01,Sample,WVU Morgantown,06/15/2026 10:47 AM,Izabel Doyle
A02-4017,G,Composite,Brian,06/12/2026 10:13 AM,06/10/2026 07:00 AM,06/12/2026 07:00 AM,ID,06/12/2026,,Pass,,Upstream Collection,Monongalia,ReynoldsWVU-01,Sample,WVU Morgantown,06/15/2026 10:48 AM,Izabel Doyle
A02-3018,WaTCH-WV Sample,Composite,Aidan Aird,06/15/2026 08:25 AM,06/12/2026 07:00 AM,06/15/2026 07:00 AM,ID,06/15/2026,,Pass,,Upstream Collection,Monongalia,FacManWVU-01,Sample,WVU Morgantown,06/15/2026 04:44 PM,Izabel Doyle
A02-4018,WaTCH-WV Sample,Composite,Aidan Aird,06/15/2026 08:25 AM,06/12/2026 07:00 AM,06/15/2026 07:00 AM,ID,06/15/2026,,Pass,,Upstream Collection,Monongalia,FacManWVU-01,Sample,WVU Morgantown,06/15/2026 04:45 PM,Izabel Doyle
A02-3019,WaTCH-WV Sample,Composite,Aidan Aird,06/15/2026 08:41 AM,06/13/2026 07:00 AM,06/15/2026 07:00 AM,ID,06/15/2026,,Pass,,Upstream Collection,Monongalia,OaklandWVU-01,Sample,WVU Morgantown,06/15/2026 04:51 PM,Izabel Doyle
A02-4019,WaTCH-WV Sample,Composite,Aidan Aird,06/15/2026 08:41 AM,06/13/2026 07:00 AM,06/15/2026 07:00 AM,ID,06/15/2026,,Pass,,Upstream Collection,Monongalia,OaklandWVU-01,Sample,WVU Morgantown,06/15/2026 04:51 PM,Izabel Doyle
A02-3021,WaTCH-WV Sample,Composite,Aidan Aird,06/15/2026 09:18 AM,06/13/2026 07:00 AM,06/15/2026 07:00 AM,ID,06/15/2026,,Pass,,Upstream Collection,Monongalia,ReynoldsWVU-01,Sample,WVU Morgantown,06/15/2026 04:58 PM,Izabel Doyle
A02-4021,WaTCH-WV Sample,Composite,Aidan Aird,06/15/2026 09:18 AM,06/13/2026 07:00 AM,06/15/2026 07:00 AM,ID,06/15/2026,,Pass,,Upstream Collection,Monongalia,ReynoldsWVU-01,Sample,WVU Morgantown,06/15/2026 04:59 PM,Izabel Doyle
A02-2020,WaTCH-WV Sample,Composite,Aidan Aird,06/15/2026 09:00 AM,06/13/2026 07:00 AM,06/15/2026 07:00 AM,ID,06/15/2026,,Pass,,Upstream Collection,Monongalia,EvansdaleWVU-01,Sample,WVU Morgantown,06/15/2026 05:08 PM,Izabel Doyle
A02-3020,WaTCH-WV Sample,Composite,Aidan Aird,06/15/2026 09:00 AM,06/13/2026 07:00 AM,06/15/2026 07:00 AM,ID,06/15/2026,,Pass,,Upstream Collection,Monongalia,EvansdaleWVU-01,Sample,WVU Morgantown,06/15/2026 05:09 PM,Izabel Doyle
A02-4020,WaTCH-WV Sample,Composite,Aidan Aird,06/15/2026 09:00 AM,06/13/2026 07:00 AM,06/15/2026 07:00 AM,ID,06/15/2026,,Pass,,Upstream Collection,Monongalia,EvansdaleWVU-01,Sample,WVU Morgantown,06/15/2026 05:16 PM,Izabel Doyle
A02-2008,G,Composite,Brian,06/05/2026 10:02 AM,06/03/2026 07:00 AM,06/05/2026 07:00 AM,ID,06/05/2026,,Pass,,Upstream Collection,Monongalia,OaklandWVU-01,Sample,WVU Morgantown,06/05/2026 11:22 AM,Izabel Doyle
A02-4008,G,Composite,Brian,06/05/2026 10:02 AM,06/03/2026 07:00 AM,06/05/2026 07:00 AM,ID,06/05/2026,,Pass,,Upstream Collection,Monongalia,OaklandWVU-01,Sample,WVU Morgantown,06/05/2026 11:23 AM,Izabel Doyle
A02-3008,G,Composite,Brian,06/05/2026 10:02 AM,06/03/2026 07:00 AM,06/05/2026 07:00 AM,ID,06/05/2026,,Pass,,Upstream Collection,Monongalia,OaklandWVU-01,Sample,WVU Morgantown,06/05/2026 11:24 AM,Izabel Doyle
A02-2009,G,Composite,Brian,06/05/2026 10:12 AM,06/03/2026 07:00 AM,06/05/2026 07:00 AM,ID,06/05/2026,,Pass,,Upstream Collection,Monongalia,FacManWVU-01,Sample,WVU Morgantown,06/05/2026 11:25 AM,Izabel Doyle
A02-3009,G,Composite,Brian,06/05/2026 10:12 AM,06/03/2026 07:00 AM,06/05/2026 07:00 AM,ID,06/05/2026,,Pass,,Upstream Collection,Monongalia,FacManWVU-01,Sample,WVU Morgantown,06/05/2026 11:26 AM,Izabel Doyle
A02-4009,G,Composite,Brian,06/05/2026 10:12 AM,06/03/2026 07:00 AM,06/05/2026 07:00 AM,ID,06/05/2026,,Pass,,Upstream Collection,Monongalia,FacManWVU-01,Sample,WVU Morgantown,06/05/2026 11:27 AM,Izabel Doyle
A02-2010,G,Composite,Brian,06/05/2026 10:50 AM,06/03/2026 07:00 AM,06/05/2026 07:00 AM,ID,06/05/2026,,Pass,,Upstream Collection,Monongalia,EvansdaleWVU-01,Sample,WVU Morgantown,06/05/2026 11:28 AM,Izabel Doyle
A02-3010,G,Composite,Brian,06/05/2026 10:50 AM,06/03/2026 07:00 AM,06/05/2026 07:00 AM,ID,06/05/2026,,Pass,,Upstream Collection,Monongalia,EvansdaleWVU-01,Sample,WVU Morgantown,06/05/2026 11:29 AM,Izabel Doyle
A02-4010,G,Composite,Brian,06/05/2026 10:50 AM,06/03/2026 07:00 AM,06/05/2026 07:00 AM,ID,06/05/2026,,Pass,,Upstream Collection,Monongalia,EvansdaleWVU-01,Sample,WVU Morgantown,06/05/2026 11:29 AM,Izabel Doyle
A02-3030,WaTCH-WV Sample,Composite,Aidan Aird,06/26/2026 08:20 AM,06/24/2026 07:00 AM,06/26/2026 07:00 AM,ID,06/26/2026,,Pass,,Upstream Collection,Monongalia,FacManWVU-01,Sample,WVU Morgantown,06/29/2026 02:47 PM,Izabel Doyle
A02-4030,WaTCH-WV Sample,Composite,Aidan Aird,06/26/2026 08:20 AM,06/24/2026 07:00 AM,06/26/2026 07:00 AM,ID,06/26/2026,,Pass,,Upstream Collection,Monongalia,FacManWVU-01,Sample,WVU Morgantown,06/29/2026 02:47 PM,Izabel Doyle
A02-3031,WaTCH-WV Sample,Composite,Aidan Aird,06/26/2026 08:33 AM,06/24/2026 07:00 AM,06/26/2026 07:00 AM,ID,06/26/2026,,Pass,,Upstream Collection,Monongalia,OaklandWVU-01,Sample,WVU Morgantown,06/29/2026 02:49 PM,Izabel Doyle
A02-4031,WaTCH-WV Sample,Composite,Aidan Aird,06/26/2026 08:33 AM,06/24/2026 07:00 AM,06/26/2026 07:00 AM,ID,06/26/2026,,Pass,,Upstream Collection,Monongalia,OaklandWVU-01,Sample,WVU Morgantown,06/29/2026 02:49 PM,Izabel Doyle
A02-3032,WaTCH-WV Sample,Composite,Aidan Aird,06/26/2026 08:48 AM,06/24/2026 07:00 AM,06/26/2026 07:00 AM,ID,06/26/2026,,Pass,,Upstream Collection,Monongalia,EvansdaleWVU-01,Sample,WVU Morgantown,06/29/2026 02:49 PM,Izabel Doyle
A02-4032,WaTCH-WV Sample,Composite,Aidan Aird,06/26/2026 08:48 AM,06/24/2026 07:00 AM,06/26/2026 07:00 AM,ID,06/26/2026,,Pass,,Upstream Collection,Monongalia,EvansdaleWVU-01,Sample,WVU Morgantown,06/29/2026 02:50 PM,Izabel Doyle
A02-3033,WaTCH-WV Sample,Composite,Aidan Aird,06/26/2026 09:15 AM,06/24/2026 07:00 AM,06/26/2026 07:00 AM,ID,06/26/2026,,Pass,,Upstream Collection,Monongalia,ReynoldsWVU-01,Sample,WVU Morgantown,06/29/2026 02:50 PM,Izabel Doyle
A02-4033,WaTCH-WV Sample,Composite,Aidan Aird,06/26/2026 09:15 AM,06/24/2026 07:00 AM,06/26/2026 07:00 AM,ID,06/26/2026,,Pass,,Upstream Collection,Monongalia,ReynoldsWVU-01,Sample,WVU Morgantown,06/29/2026 02:50 PM,Izabel Doyle
A02-3034,WaTCH-WV Sample,Composite,Aidan Aird,06/29/2026 08:15 AM,06/27/2026 07:00 AM,06/29/2026 07:00 AM,ID,06/29/2026,,Pass,,Upstream Collection,Monongalia,FacManWVU-01,Sample,WVU Morgantown,06/29/2026 02:51 PM,Izabel Doyle
A02-4034,WaTCH-WV Sample,Composite,Aidan Aird,06/29/2026 08:15 AM,06/27/2026 07:00 AM,06/29/2026 07:00 AM,ID,06/29/2026,,Pass,,Upstream Collection,Monongalia,FacManWVU-01,Sample,WVU Morgantown,06/29/2026 02:51 PM,Izabel Doyle
A02-3035,WaTCH-WV,Composite,Aidan Aird,06/29/2026 08:27 AM,06/27/2026 07:00 AM,06/29/2026 07:00 AM,ID,06/29/2026,,Pass,,Upstream Collection,Monongalia,OaklandWVU-01,Sample,WVU Morgantown,06/29/2026 02:53 PM,Izabel Doyle
A02-4035,WaTCH-WV,Composite,Aidan Aird,06/29/2026 08:27 AM,06/27/2026 07:00 AM,06/29/2026 07:00 AM,ID,06/29/2026,,Pass,,Upstream Collection,Monongalia,OaklandWVU-01,Sample,WVU Morgantown,06/29/2026 02:53 PM,Izabel Doyle
A02-3036,WaTCH-WV Sample,Composite,Aidan Aird,06/29/2026 08:42 AM,06/27/2026 07:00 AM,06/29/2026 07:00 AM,ID,06/29/2026,,Pass,,Upstream Collection,Monongalia,EvansdaleWVU-01,Sample,WVU Morgantown,06/29/2026 02:54 PM,Izabel Doyle
A02-4036,WaTCH-WV Sample,Composite,Aidan Aird,06/29/2026 08:42 AM,06/27/2026 07:00 AM,06/29/2026 07:00 AM,ID,06/29/2026,,Pass,,Upstream Collection,Monongalia,EvansdaleWVU-01,Sample,WVU Morgantown,06/29/2026 02:54 PM,Izabel Doyle
A02-3037,WaTCH-WV Sample,Composite,Aidan Aird,06/29/2026 09:13 AM,06/27/2026 07:00 AM,06/29/2026 07:00 AM,ID,06/29/2026,,Pass,,Upstream Collection,Monongalia,ReynoldsWVU-01,Sample,WVU Morgantown,06/29/2026 02:55 PM,Izabel Doyle
A02-4037,WaTCH-WV Sample,Composite,Aidan Aird,06/29/2026 09:13 AM,06/27/2026 07:00 AM,06/29/2026 07:00 AM,ID,06/29/2026,,Pass,,Upstream Collection,Monongalia,ReynoldsWVU-01,Sample,WVU Morgantown,06/29/2026 02:55 PM,Izabel Doyle
A02-3052,WaTCH-WV Sample,Composite,Aidan Aird,07/17/2026 10:01 AM,07/15/2026 07:00 AM,07/17/2026 07:00 AM,ID,07/20/2026,,Pass,,Upstream Collection,Monongalia,ReynoldsWVU-01,Sample,WVU Morgantown,07/20/2026 02:39 PM,Izabel Doyle
A02-4052,WaTCH-WV Sample,Composite,Aidan Aird,07/17/2026 10:01 AM,07/15/2026 07:00 AM,07/17/2026 07:00 AM,ID,07/17/2026,,Pass,,Upstream Collection,Monongalia,ReynoldsWVU-01,Sample,WVU Morgantown,07/20/2026 02:40 PM,Izabel Doyle
A02-3051,WaTCH-WV Sample,Composite,Aidan Aird,07/17/2026 09:25 AM,07/15/2026 07:00 AM,07/17/2026 07:00 AM,ID,07/17/2026,,Pass,,Upstream Collection,Monongalia,OaklandWVU-01,Sample,WVU Morgantown,07/21/2026 10:02 AM,Izabel Doyle
A02-4051,WaTCH-WV Sample,Composite,Aidan Aird,07/17/2026 09:25 AM,07/15/2026 07:00 AM,07/17/2026 07:00 AM,ID,07/17/2026,,Pass,,Upstream Collection,Monongalia,OaklandWVU-01,Sample,WVU Morgantown,07/21/2026 10:02 AM,Izabel Doyle
A02-3050,WaTCH-WV Sample,Composite,Aidan Aird,07/17/2026 09:11 AM,07/15/2026 07:00 AM,07/17/2026 07:00 AM,ID,07/17/2026,,Pass,,Upstream Collection,Monongalia,FacManWVU-01,Sample,WVU Morgantown,07/21/2026 10:03 AM,Izabel Doyle
A02-4050,WaTCH-WV Sample,Composite,Aidan Aird,07/17/2026 09:11 AM,07/15/2026 07:00 AM,07/17/2026 07:00 AM,ID,07/17/2026,,Pass,,Upstream Collection,Monongalia,FacManWVU-01,Sample,WVU Morgantown,07/21/2026 10:04 AM,Izabel Doyle
A02-3042,WaTCH-WV Sample,Composite,Aidan Aird,07/10/2026 07:50 AM,07/08/2026 07:00 AM,07/10/2026 07:00 AM,ID,07/10/2026,,Pass,,Upstream Collection,Monongalia,FacManWVU-01,Sample,WVU Morgantown,07/13/2026 07:39 PM,Izabel Doyle
A02-4042,WaTCH-WV Sample,Composite,Aidan Aird,07/10/2026 07:50 AM,07/08/2026 07:00 AM,07/10/2026 07:00 AM,ID,07/10/2026,,Pass,,Upstream Collection,Monongalia,FacManWVU-01,Sample,WVU Morgantown,07/13/2026 07:39 PM,Izabel Doyle
A02-3043,WaTCH-WV Sample,Composite,Aidan Aird,07/10/2026 08:03 AM,07/08/2026 07:00 AM,07/10/2026 07:00 AM,ID,07/10/2026,,Pass,,Upstream Collection,Monongalia,OaklandWVU-01,Sample,WVU Morgantown,07/13/2026 07:42 PM,Izabel Doyle
A02-4043,WaTCH-WV Sample,Composite,Aidan Aird,07/10/2026 08:03 AM,07/08/2026 07:00 AM,07/10/2026 07:00 AM,ID,07/10/2026,,Pass,,Upstream Collection,Monongalia,OaklandWVU-01,Sample,WVU Morgantown,07/13/2026 07:42 PM,Izabel Doyle
A02-3044,WaTCH-WV Sample,Composite,Aidan Aird,07/10/2026 08:17 AM,07/08/2026 07:00 AM,07/10/2026 07:00 AM,ID,07/10/2026,,Pass,,Upstream Collection,Monongalia,EvansdaleWVU-01,Sample,WVU Morgantown,07/13/2026 07:42 PM,Izabel Doyle
A02-4044,WaTCH-WV Sample,Composite,Aidan Aird,07/10/2026 08:17 AM,07/08/2026 07:00 AM,07/10/2026 07:00 AM,ID,07/10/2026,,Pass,,Upstream Collection,Monongalia,EvansdaleWVU-01,Sample,WVU Morgantown,07/13/2026 07:43 PM,Izabel Doyle
A02-3045,WaTCH-WV Sample,Composite,Aidan Aird,07/10/2026 08:44 AM,07/08/2026 07:00 AM,07/10/2026 07:00 AM,ID,07/10/2026,,Pass,,Upstream Collection,Monongalia,ReynoldsWVU-01,Sample,WVU Morgantown,07/13/2026 07:44 PM,Izabel Doyle
A02-4045,WaTCH-WV Sample,Composite,Aidan Aird,07/10/2026 08:44 AM,07/08/2026 07:00 AM,07/10/2026 07:00 AM,ID,07/10/2026,,Pass,,Upstream Collection,Monongalia,ReynoldsWVU-01,Sample,WVU Morgantown,07/13/2026 07:44 PM,Izabel Doyle
A02-3038,WaTCH-WV Sample,Composite,Aidan Aird ,07/07/2026 09:20 AM,07/01/2026 07:00 AM,07/03/2026 07:00 AM,ID,07/07/2026,,Pass,,Upstream Collection,Monongalia,FacManWVU-01,Sample,WVU Morgantown,07/07/2026 11:08 AM,Izabel Doyle
A02-4038,WaTCH-WV Sample,Composite,Aidan Aird ,07/07/2026 09:20 AM,07/01/2026 07:00 AM,07/03/2026 07:00 AM,ID,07/07/2026,,Pass,,Upstream Collection,Monongalia,FacManWVU-01,Sample,WVU Morgantown,07/07/2026 11:08 AM,Izabel Doyle
A02-3039,WaTCH-WV Sample,Composite,Aidan Aird,07/07/2026 09:34 AM,07/01/2026 07:00 AM,07/03/2026 07:00 AM,ID,07/07/2026,,Pass,,Upstream Collection,Monongalia,OaklandWVU-01,Sample,WVU Morgantown,07/07/2026 11:09 AM,Izabel Doyle
A02-4039,WaTCH-WV Sample,Composite,Aidan Aird,07/07/2026 09:34 AM,07/01/2026 07:00 AM,07/03/2026 07:00 AM,ID,07/07/2026,,Pass,,Upstream Collection,Monongalia,OaklandWVU-01,Sample,WVU Morgantown,07/07/2026 11:09 AM,Izabel Doyle
A02-3040,WaTCH-WV Sample,Composite,Aidan Aird,07/07/2026 09:47 AM,07/01/2026 07:00 AM,07/03/2026 07:00 AM,ID,07/07/2026,,Pass,,Upstream Collection,Monongalia,EvansdaleWVU-01,Sample,WVU Morgantown,07/07/2026 11:10 AM,Izabel Doyle
A02-4040,WaTCH-WV Sample,Composite,Aidan Aird,07/07/2026 09:47 AM,07/01/2026 07:00 AM,07/03/2026 07:00 AM,ID,07/07/2026,,Pass,,Upstream Collection,Monongalia,EvansdaleWVU-01,Sample,WVU Morgantown,07/07/2026 11:10 AM,Izabel Doyle
A02-3041,WaTCH-WV Sample,Composite,Aidan Aird,07/07/2026 10:15 AM,07/01/2026 07:00 AM,07/03/2026 07:00 AM,ID,07/07/2026,,Pass,,Upstream Collection,Monongalia,ReynoldsWVU-01,Sample,WVU Morgantown,07/07/2026 11:11 AM,Izabel Doyle
A02-4041,WaTCH-WV Sample,Composite,Aidan Aird,07/07/2026 10:15 AM,07/01/2026 07:00 AM,07/03/2026 07:00 AM,ID,07/07/2026,,Pass,,Upstream Collection,Monongalia,ReynoldsWVU-01,Sample,WVU Morgantown,07/07/2026 11:11 AM,Izabel Doyle
O01-1023,G,Composite,,09/03/2026 08:00 AM,09/02/2026 08:00 AM,09/03/2026 08:00 AM,ID,08/28/2026,,Pass,2.85,Routine Surveillance,Taylor,GraftonWWTP-01,Sample,WWTP,09/03/2026 03:49 PM,Izabel Doyle
A01-1631,G,Composite,,08/05/2026 12:00 AM,08/04/2026 12:00 AM,08/05/2026 12:00 AM,ID,08/19/2026,,Pass,8.4,Routine Surveillance,Monongalia,StarCityWWTP-01,Sample,WWTP,08/19/2026 02:56 PM,Izabel Doyle
A01-1632,G,Composite,,08/06/2026 12:00 AM,08/05/2026 12:00 AM,08/06/2026 12:00 AM,ID,08/19/2026,,Pass,8.1,Routine Surveillance,Monongalia,StarCityWWTP-01,Sample,WWTP,08/19/2026 02:59 PM,Izabel Doyle
A01-1638,G,Composite,,08/13/2026 12:00 AM,08/12/2026 12:00 AM,08/13/2026 12:00 AM,ID,08/19/2026,,Pass,9.5,Routine Surveillance,Monongalia,StarCityWWTP-01,Sample,WWTP,08/19/2026 03:00 PM,Izabel Doyle
A01-1633,G,Composite,,08/08/2026 12:00 AM,08/07/2026 12:00 AM,08/08/2026 12:00 AM,ID,08/19/2026,,Pass,9.4,Routine Surveillance,Monongalia,StarCityWWTP-01,Sample,WWTP,08/19/2026 03:02 PM,Izabel Doyle
A01-1634,G,Composite,,08/09/2026 12:00 AM,08/08/2026 12:00 AM,08/09/2026 12:00 AM,ID,08/19/2026,,Pass,9.2,Routine Surveillance,Monongalia,StarCityWWTP-01,Sample,WWTP,08/19/2026 03:03 PM,Izabel Doyle
A01-1635,G,Composite,,08/10/2026 12:00 AM,08/09/2026 12:00 AM,08/10/2026 12:00 AM,ID,08/19/2026,,Pass,10.6,Routine Surveillance,Monongalia,StarCityWWTP-01,Sample,WWTP,08/19/2026 03:04 PM,Izabel Doyle
A01-1636,G,Composite,,08/11/2026 12:00 AM,08/10/2026 12:00 AM,08/11/2026 12:00 AM,ID,08/19/2026,,Pass,16.2,Routine Surveillance,Monongalia,StarCityWWTP-01,Sample,WWTP,08/19/2026 03:05 PM,Izabel Doyle
A01-1637,G,Composite,,08/12/2026 12:00 AM,08/11/2026 12:00 AM,08/12/2026 12:00 AM,ID,08/19/2026,,Pass,11.8,Routine Surveillance,Monongalia,StarCityWWTP-01,Sample,WWTP,08/19/2026 03:06 PM,Izabel Doyle
C01-1339,G,Composite,,08/11/2026 08:00 AM,08/10/2026 08:00 AM,08/11/2026 08:00 AM,ID,08/19/2026,,Pass,12.3,Routine Surveillance,Ohio,WheelingWWTP-01,Sample,WWTP,08/19/2026 03:14 PM,Izabel Doyle
C01-1340,G,Composite,,08/12/2026 08:00 AM,08/11/2026 08:00 AM,08/12/2026 08:00 AM,ID,08/19/2026,,Pass,12.6,Routine Surveillance,Ohio,WheelingWWTP-01,Sample,WWTP,08/19/2026 03:15 PM,Izabel Doyle
C01-1341,G,Composite,,08/13/2026 08:00 AM,08/12/2026 08:00 AM,08/13/2026 08:00 AM,ID,08/19/2026,,Pass,11.7,Routine Surveillance,Ohio,WheelingWWTP-01,Sample,WWTP,08/19/2026 03:16 PM,Izabel Doyle
C01-1342,G,Composite,,08/14/2026 08:00 AM,08/13/2026 08:00 AM,08/14/2026 08:00 AM,ID,08/19/2026,,Pass,11.6,Routine Surveillance,Ohio,WheelingWWTP-01,Sample,WWTP,08/19/2026 03:19 PM,Izabel Doyle
C01-1343,G,Composite,,08/17/2026 08:00 AM,08/16/2026 08:00 AM,08/17/2026 08:00 AM,ID,08/19/2026,,Pass,11.7,Routine Surveillance,Ohio,WheelingWWTP-01,Sample,WWTP,08/19/2026 03:20 PM,Izabel Doyle
R02-1038,G,Composite,,08/17/2026 08:00 AM,08/16/2026 08:00 AM,08/17/2026 08:00 AM,ID,08/19/2026,,Pass,7.72,Routine Surveillance,Randolph,ElkinsWWTP-01,Sample,WWTP,08/19/2026 03:21 PM,Izabel Doyle
J01-1039,G,Composite,,08/17/2026 07:30 AM,08/16/2026 07:30 AM,08/17/2026 07:30 AM,ID,08/19/2026,,Pass,0.181,Routine Surveillance,Preston,AlpineLakeWWTP-01,Sample,WWTP,08/19/2026 03:22 PM,Izabel Doyle
D01-1035,G,Composite,,08/13/2026 07:30 AM,08/12/2026 07:30 AM,08/13/2026 07:30 AM,ID,08/19/2026,,Pass,1.287,Routine Surveillance,Jefferson,CharlesTownWWTP-01,Sample,WWTP,08/19/2026 03:24 PM,Izabel Doyle
O01-1021,G,Composite,,08/10/2026 08:00 AM,08/09/2026 08:00 AM,08/10/2026 08:00 AM,ID,08/19/2026,,Pass,1.75,Routine Surveillance,Taylor,GraftonWWTP-01,Sample,WWTP,08/19/2026 03:25 PM,Izabel Doyle
M03-1032,G,Composite,,08/10/2026 08:00 AM,08/09/2026 08:00 AM,08/10/2026 08:00 AM,ID,08/19/2026,,Pass,0.191,Routine Surveillance,Marion,ManningtonWWTP-01,Sample,WWTP,08/19/2026 03:27 PM,Izabel Doyle
O01-1020,G,Composite,,08/17/2026 08:00 AM,08/16/2026 08:00 AM,08/17/2026 08:00 AM,ID,08/19/2026,,Pass,2.67,Routine Surveillance,Taylor,GraftonWWTP-01,Sample,WWTP,08/19/2026 03:28 PM,Izabel Doyle
N02-1020,G,Composite,,08/17/2026 07:00 AM,08/16/2026 07:00 AM,08/17/2026 07:00 AM,ID,08/19/2026,,Pass,11.86,Routine Surveillance,Harrison,ClarksburgWWTP-01,Sample,WWTP,08/19/2026 03:29 PM,Izabel Doyle
N02-1019,G,Composite,,08/10/2026 07:00 AM,08/09/2026 07:00 AM,08/10/2026 07:00 AM,ID,08/19/2026,,Pass,11.19,Routine Surveillance,Harrison,ClarksburgWWTP-01,Sample,WWTP,08/19/2026 03:32 PM,Izabel Doyle
L01-1029,G,Composite,,08/10/2026 07:00 AM,08/09/2026 07:00 AM,08/10/2026 07:00 AM,ID,08/19/2026,,Pass,0.482,Routine Surveillance,Doddridge,WestUnionWWTP-01,Sample,WWTP,08/19/2026 03:33 PM,Izabel Doyle
L01-1028,G,Composite,,08/17/2026 07:00 AM,08/16/2026 07:00 AM,08/17/2026 07:00 AM,ID,08/19/2026,MISSING FLOW,Fail: Missing Required Data,,Routine Surveillance,Doddridge,WestUnionWWTP-01,Sample,WWTP,08/19/2026 03:35 PM,Izabel Doyle
W01-1026,G,Composite,,08/17/2026 11:00 AM,08/16/2026 11:00 AM,08/17/2026 11:00 AM,ID,08/19/2026,,Pass,2.50,Routine Surveillance,Nicholas,SummersvilleWWTP-01,Sample,WWTP,08/19/2026 03:36 PM,Izabel Doyle
H01-1045,G,Composite,,08/17/2026 08:00 AM,08/16/2026 08:00 AM,08/17/2026 08:00 AM,ID,08/19/2026,,Pass,2.6,Routine Surveillance,Marshall,MoundsvilleWWTP-01,Sample,WWTP,08/19/2026 03:37 PM,Izabel Doyle
G01-1023,G,Composite,,08/17/2026 08:00 AM,08/16/2026 09:00 AM,08/17/2026 08:00 AM,ID,08/19/2026,,Pass,1.046,Routine Surveillance,Mineral,KeyserWWTP-01,Sample,WWTP,08/19/2026 03:38 PM,Izabel Doyle
Q01-1039,G,Composite,,08/17/2026 08:00 AM,08/12/2026 08:00 AM,08/17/2026 08:00 AM,ID,08/19/2026,Left outside of fridge overnight,Pass,0.546,Routine Surveillance,Boone,MadisonWWTP-01,Sample,WWTP,08/20/2026 11:40 AM,Izabel Doyle
K01-0496,G,Composite,,08/18/2026 06:49 AM,08/17/2026 06:55 AM,08/18/2026 06:49 AM,ID,08/19/2026,Left outside of fridge overnight,Pass,14.377,Routine Surveillance,Wood,ParkersburgWWTP-01,Sample,WWTP,08/20/2026 11:42 AM,Izabel Doyle
M03-1033,G,Composite,,08/24/2026 08:00 AM,08/23/2026 08:00 AM,08/24/2026 08:00 AM,ID,08/28/2026,,Pass,0.361,Routine Surveillance,Marion,ManningtonWWTP-01,Sample,WWTP,08/28/2026 04:44 PM,Izabel Doyle
P01-1026,G,Composite,,08/24/2026 08:00 AM,08/23/2026 07:00 AM,08/24/2026 07:00 AM,ID,08/28/2026,,Pass,0.249,Routine Surveillance,Pleasants,StMarysWWTP-01,Sample,WWTP,08/28/2026 04:45 PM,Izabel Doyle
D01-1036,G,Composite,,08/20/2026 07:45 AM,08/19/2026 07:00 AM,08/20/2026 07:45 AM,ID,08/28/2026,,Pass,1.245,Routine Surveillance,Jefferson,CharlesTownWWTP-01,Sample,WWTP,08/28/2026 04:47 PM,Izabel Doyle
C01-1344,G,Composite,,08/24/2026 08:00 AM,08/23/2026 08:00 AM,08/24/2026 08:00 AM,ID,08/28/2026,,Pass,12.1,Routine Surveillance,Ohio,WheelingWWTP-01,Sample,WWTP,08/28/2026 04:48 PM,Izabel Doyle
U01-1010,G,Composite,,08/19/2026 09:00 AM,08/18/2026 09:00 AM,08/19/2026 09:00 AM,ID,08/28/2026,,Pass,1.032,Routine Surveillance,Fayette,WhiteOakWWTP-01,Sample,WWTP,08/28/2026 04:51 PM,Izabel Doyle
C01-1345,G,Composite,,08/22/2026 08:00 AM,08/20/2026 08:00 AM,08/21/2026 08:00 AM,ID,08/28/2026,,Pass,13.5,Routine Surveillance,Ohio,WheelingWWTP-01,Sample,WWTP,08/28/2026 04:52 PM,Izabel Doyle
K01-0497,G,Composite,,08/25/2026 06:50 AM,08/24/2026 06:56 AM,08/25/2026 06:50 AM,ID,08/28/2026,,Pass,5.513,Routine Surveillance,Wood,ParkersburgWWTP-01,Sample,WWTP,08/28/2026 04:53 PM,Izabel Doyle
C01-1346,G,Composite,,08/20/2026 08:00 AM,08/19/2026 08:00 AM,08/20/2026 08:00 AM,ID,08/28/2026,,Pass,9.4,Routine Surveillance,Ohio,WheelingWWTP-01,Sample,WWTP,08/28/2026 04:54 PM,Izabel Doyle
W01-1027,G,Composite,,08/25/2026 10:00 AM,08/24/2026 10:00 AM,08/25/2026 10:00 AM,ID,08/28/2026,,Pass,0.47,Routine Surveillance,Nicholas,SummersvilleWWTP-01,Sample,WWTP,08/28/2026 04:56 PM,Izabel Doyle
C01-1347,G,Composite,,08/19/2026 08:00 AM,08/18/2026 08:00 AM,08/19/2026 08:00 AM,ID,08/28/2026,,Pass,11.3,Routine Surveillance,Ohio,WheelingWWTP-01,Sample,WWTP,08/28/2026 04:57 PM,Izabel Doyle
H01-1046,G,Composite,,08/24/2026 08:00 AM,08/23/2026 08:00 AM,08/24/2026 08:00 AM,ID,08/28/2026,,Pass,2.6,Routine Surveillance,Marshall,MoundsvilleWWTP-01,Sample,WWTP,08/28/2026 04:58 PM,Izabel Doyle
N02-1021,G,Composite,,08/27/2026 07:00 AM,08/23/2026 07:00 AM,08/27/2026 07:00 AM,ID,08/28/2026,,Pass,11.362,Routine Surveillance,Harrison,ClarksburgWWTP-01,Sample,WWTP,08/28/2026 05:00 PM,Izabel Doyle
L01-0645,G,Composite,,08/24/2026 08:30 AM,08/23/2026 07:00 AM,08/24/2026 07:00 AM,ID,08/28/2026,,Pass,0.206,Routine Surveillance,Doddridge,WestUnionWWTP-01,Sample,WWTP,08/28/2026 05:01 PM,Izabel Doyle
C01-1348,G,Composite,,08/18/2026 08:00 AM,08/17/2026 08:00 AM,08/18/2026 08:00 AM,ID,08/28/2026,,Pass,13.0,Routine Surveillance,Ohio,WheelingWWTP-01,Sample,WWTP,08/28/2026 05:03 PM,Izabel Doyle
R02-1039,G,Composite,,08/24/2026 08:00 AM,08/23/2026 08:00 AM,08/24/2026 08:00 AM,ID,08/28/2026,,Pass,1.89,Routine Surveillance,Randolph,ElkinsWWTP-01,Sample,WWTP,08/28/2026 05:04 PM,Izabel Doyle
G01-1024,G,Composite,,08/24/2026 08:00 AM,08/23/2026 09:00 AM,08/24/2026 08:00 AM,ID,08/28/2026,NO FLOW,Fail: Missing Required Data,,Routine Surveillance,Mineral,KeyserWWTP-01,Sample,WWTP,08/28/2026 05:05 PM,Izabel Doyle
J01-1040,G,Composite,,08/24/2026 08:00 AM,08/23/2026 08:00 AM,08/24/2026 08:00 AM,ID,08/28/2026,,Pass,0.139,Routine Surveillance,Preston,AlpineLakeWWTP-01,Sample,WWTP,08/28/2026 05:06 PM,Izabel Doyle
O01-1022,G,Composite,,08/27/2026 08:00 AM,08/26/2026 08:00 AM,08/27/2026 08:00 AM,ID,08/28/2026,,Pass,2.21,Routine Surveillance,Taylor,GraftonWWTP-01,Sample,WWTP,08/28/2026 05:08 PM,Izabel Doyle
M04-1017,G,Composite,,08/24/2026 08:30 AM,08/23/2026 08:15 AM,08/24/2026 08:15 AM,ID,08/28/2026,,Pass,0.115,Routine Surveillance,Marion,FarmingtonWWTP-01,Sample,WWTP,08/28/2026 05:09 PM,Izabel Doyle
A02-2030,WaTCH-WV Sample,Composite,Aidan Aird,06/26/2026 08:20 AM,06/24/2026 07:00 AM,06/26/2026 07:00 AM,ID,06/26/2026,,Pass,,Upstream Collection,Monongalia,FacManWVU-01,Sample,WVU Morgantown,06/26/2026 08:20 AM,Aidan Aird
A02-2031,WaTCH-WV Sample,Composite,Aidan Aird,06/26/2026 08:33 AM,06/24/2026 07:00 AM,06/26/2026 07:00 AM,ID,06/26/2026,,Pass,,Upstream Collection,Monongalia,OaklandWVU-01,Sample,WVU Morgantown,06/26/2026 08:34 AM,Aidan Aird
A02-2032,WaTCH-WV Sample,Composite,Aidan Aird,06/26/2026 08:48 AM,06/24/2026 07:00 AM,06/26/2026 07:00 AM,ID,06/26/2026,,Pass,,Upstream Collection,Monongalia,EvansdaleWVU-01,Sample,WVU Morgantown,06/26/2026 08:49 AM,Aidan Aird
A02-2033,WaTCH-WV Sample,Composite,Aidan Aird,06/26/2026 09:15 AM,06/24/2026 07:00 AM,06/26/2026 07:00 AM,ID,06/26/2026,,Pass,,Upstream Collection,Monongalia,ReynoldsWVU-01,Sample,WVU Morgantown,06/26/2026 09:16 AM,Aidan Aird
A02-2034,WaTCH-WV Sample,Composite,Aidan Aird,06/29/2026 08:15 AM,06/27/2026 07:00 AM,06/29/2026 07:00 AM,ID,06/29/2026,,Pass,,Upstream Collection,Monongalia,FacManWVU-01,Sample,WVU Morgantown,06/29/2026 08:15 AM,Aidan Aird
A02-2035,WaTCH-WV,Composite,Aidan Aird,06/29/2026 08:27 AM,06/27/2026 07:00 AM,06/29/2026 07:00 AM,ID,06/29/2026,,Pass,,Upstream Collection,Monongalia,OaklandWVU-01,Sample,WVU Morgantown,06/29/2026 08:28 AM,Aidan Aird
A02-2036,WaTCH-WV Sample,Composite,Aidan Aird,06/29/2026 08:42 AM,06/27/2026 07:00 AM,06/29/2026 07:00 AM,ID,06/29/2026,,Pass,,Upstream Collection,Monongalia,EvansdaleWVU-01,Sample,WVU Morgantown,06/29/2026 08:42 AM,Aidan Aird
A02-2037,WaTCH-WV Sample,Composite,Aidan Aird,06/29/2026 09:13 AM,06/27/2026 07:00 AM,06/29/2026 07:00 AM,ID,06/29/2026,,Pass,,Upstream Collection,Monongalia,ReynoldsWVU-01,Sample,WVU Morgantown,06/29/2026 09:14 AM,Aidan Aird
A02-2046,WaTCH-WV Sample,Composite,Aidan Aird,07/14/2026 08:17 AM,07/11/2026 07:00 AM,07/13/2026 07:00 AM,,,,,,Upstream Collection,Monongalia,FacManWVU-01,Sample,WVU Morgantown,07/14/2026 08:18 AM,Aidan Aird
A02-2047,WaTCH-WV Sample,Composite,Aidan Aird,07/14/2026 08:31 AM,07/11/2026 07:00 AM,07/13/2026 07:00 AM,,,,,,Upstream Collection,Monongalia,OaklandWVU-01,Sample,WVU Morgantown,07/14/2026 08:31 AM,Aidan Aird
A02-2048,WaTCH-WV Sample,Composite,Aidan Aird,07/14/2026 08:46 AM,07/11/2026 07:00 AM,07/13/2026 07:00 AM,,,Small sample size - float alarm tripped,,,Upstream Collection,Monongalia,EvansdaleWVU-01,Sample,WVU Morgantown,07/14/2026 08:47 AM,Aidan Aird
A02-2049,WaTCH-WV Sample,Composite,Aidan Aird,07/14/2026 09:13 AM,07/11/2026 07:00 AM,07/13/2026 07:00 AM,,,,,,Upstream Collection,Monongalia,ReynoldsWVU-01,Sample,WVU Morgantown,07/14/2026 09:13 AM,Aidan Aird
A02-2042,WaTCH-WV Sample,Composite,Aidan Aird,07/10/2026 07:50 AM,07/08/2026 07:00 AM,07/10/2026 07:00 AM,ID,07/10/2026,,Pass,,Upstream Collection,Monongalia,FacManWVU-01,Sample,WVU Morgantown,07/10/2026 07:50 AM,Aidan Aird
A02-2043,WaTCH-WV Sample,Composite,Aidan Aird,07/10/2026 08:03 AM,07/08/2026 07:00 AM,07/10/2026 07:00 AM,ID,07/10/2026,,Pass,,Upstream Collection,Monongalia,OaklandWVU-01,Sample,WVU Morgantown,07/10/2026 08:03 AM,Aidan Aird
A02-2044,WaTCH-WV Sample,Composite,Aidan Aird,07/10/2026 08:17 AM,07/08/2026 07:00 AM,07/10/2026 07:00 AM,ID,07/10/2026,,Pass,,Upstream Collection,Monongalia,EvansdaleWVU-01,Sample,WVU Morgantown,07/10/2026 08:17 AM,Aidan Aird
A02-2045,WaTCH-WV Sample,Composite,Aidan Aird,07/10/2026 08:44 AM,07/08/2026 07:00 AM,07/10/2026 07:00 AM,ID,07/10/2026,,Pass,,Upstream Collection,Monongalia,ReynoldsWVU-01,Sample,WVU Morgantown,07/10/2026 08:44 AM,Aidan Aird
A02-2022,WaTCH-WV Sample,Composite,Aidan Aird,06/19/2026 08:10 AM,06/17/2026 07:00 AM,06/19/2026 07:00 AM,,,,,,Upstream Collection,Monongalia,FacManWVU-01,Sample,WVU Morgantown,06/19/2026 08:10 AM,Aidan Aird
A02-2023,WaTCH-WV Sample,Composite,Aidan Aird,06/19/2026 08:24 AM,06/17/2026 07:00 AM,06/19/2026 07:00 AM,,,,,,Upstream Collection,Monongalia,OaklandWVU-01,Sample,WVU Morgantown,06/19/2026 08:24 AM,Aidan Aird
A02-2025,WaTCH-WV Sample,Composite,Aidan Aird,06/19/2026 09:11 AM,06/17/2026 07:00 AM,06/19/2026 07:00 AM,,,,,,Upstream Collection,Monongalia,ReynoldsWVU-01,Sample,WVU Morgantown,06/19/2026 09:11 AM,Aidan Aird
A02-2026,WaTCH-WV Sample,Composite,Aidan Aird,06/22/2026 08:19 AM,06/20/2026 07:00 AM,06/22/2026 07:00 AM,,,,,,Upstream Collection,Monongalia,FacManWVU-01,Sample,WVU Morgantown,06/22/2026 08:19 AM,Aidan Aird
A02-2027,WaTCH-WV Sample,Composite,Aidan Aird,06/22/2026 08:48 AM,06/20/2026 07:00 AM,06/22/2026 07:00 AM,,,,,,Upstream Collection,Monongalia,OaklandWVU-01,Sample,WVU Morgantown,06/22/2026 08:49 AM,Aidan Aird
A02-2028,WaTCH-WV Sample,Composite,Aidan Aird,06/22/2026 09:04 AM,06/20/2026 07:00 AM,06/22/2026 07:00 AM,,,,,,Upstream Collection,Monongalia,EvansdaleWVU-01,Sample,WVU Morgantown,06/22/2026 09:04 AM,Aidan Aird
A02-2029,WaTCH-WV Sample,Composite,Aidan Aird,06/22/2026 09:37 AM,06/20/2026 07:00 AM,06/22/2026 07:00 AM,,,,,,Upstream Collection,Monongalia,ReynoldsWVU-01,Sample,WVU Morgantown,06/22/2026 09:37 AM,Aidan Aird
A02-2024,WaTCH-WV Sample,Composite,Aidan Aird,06/19/2026 08:48 AM,06/17/2026 07:00 AM,06/19/2026 07:00 AM,,,,,,Upstream Collection,Monongalia,EvansdaleWVU-01,Sample,WVU Morgantown,06/23/2026 09:27 AM,Aidan Aird
A02-2038,WaTCH-WV Sample,Composite,Aidan Aird ,07/07/2026 09:20 AM,07/01/2026 07:00 AM,07/03/2026 07:00 AM,ID,07/07/2026,,Pass,,Upstream Collection,Monongalia,FacManWVU-01,Sample,WVU Morgantown,07/07/2026 09:52 AM,Aidan Aird
A02-2039,WaTCH-WV Sample,Composite,Aidan Aird,07/07/2026 09:34 AM,07/01/2026 07:00 AM,07/03/2026 07:00 AM,ID,07/07/2026,,Pass,,Upstream Collection,Monongalia,OaklandWVU-01,Sample,WVU Morgantown,07/07/2026 09:53 AM,Aidan Aird
A02-2040,WaTCH-WV Sample,Composite,Aidan Aird,07/07/2026 09:47 AM,07/01/2026 07:00 AM,07/03/2026 07:00 AM,ID,07/07/2026,,Pass,,Upstream Collection,Monongalia,EvansdaleWVU-01,Sample,WVU Morgantown,07/07/2026 09:53 AM,Aidan Aird
A02-2041,WaTCH-WV Sample,Composite,Aidan Aird,07/07/2026 10:15 AM,07/01/2026 07:00 AM,07/03/2026 07:00 AM,ID,07/07/2026,,Pass,,Upstream Collection,Monongalia,ReynoldsWVU-01,Sample,WVU Morgantown,07/07/2026 10:16 AM,Aidan Aird
A02-2002,Composite Sample,Composite,Aidan/Hannah,05/29/2026 08:23 AM,05/27/2026 07:00 AM,05/29/2026 07:00 AM,ID,05/29/2026,,Pass,,Upstream Collection,Monongalia,OaklandWVU-01,Sample,WVU Morgantown,05/29/2026 08:24 AM,Aidan Aird
A02-2004,Composite Sample,Composite,Aidan/Hannah,05/29/2026 08:44 AM,05/27/2026 07:00 AM,05/29/2026 07:00 AM,ID,05/29/2026,,Pass,,Upstream Collection,Monongalia,EvansdaleWVU-01,Sample,WVU Morgantown,05/29/2026 08:45 AM,Aidan Aird
A02-2005,Wastewater Sample,Composite,Aidan,06/01/2026 08:23 AM,05/30/2026 07:00 AM,06/01/2026 07:00 AM,ID,06/01/2026,,Pass,,Upstream Collection,Monongalia,FacManWVU-01,Sample,WVU Morgantown,06/01/2026 08:24 AM,Aidan Aird
A02-2006,Wastewater Sample,Composite,Aidan,06/01/2026 08:39 AM,05/30/2026 07:00 AM,06/01/2026 07:00 AM,ID,06/01/2026,,Pass,,Upstream Collection,Monongalia,OaklandWVU-01,Sample,WVU Morgantown,06/01/2026 08:40 AM,Aidan Aird
A02-2007,Wastewater Sample,Composite,Aidan,06/01/2026 09:01 AM,05/30/2026 07:00 AM,06/01/2026 07:00 AM,ID,06/01/2026,,Pass,,Upstream Collection,Monongalia,EvansdaleWVU-01,Sample,WVU Morgantown,06/01/2026 09:01 AM,Aidan Aird
A02-2018,WaTCH-WV Sample,Composite,Aidan Aird,06/15/2026 08:25 AM,06/12/2026 07:00 AM,06/15/2026 07:00 AM,ID,06/15/2026,,Pass,,Upstream Collection,Monongalia,FacManWVU-01,Sample,WVU Morgantown,06/15/2026 08:26 AM,Aidan Aird
A02-2019,WaTCH-WV Sample,Composite,Aidan Aird,06/15/2026 08:41 AM,06/13/2026 07:00 AM,06/15/2026 07:00 AM,ID,06/15/2026,,Pass,,Upstream Collection,Monongalia,OaklandWVU-01,Sample,WVU Morgantown,06/15/2026 08:41 AM,Aidan Aird
A02-2021,WaTCH-WV Sample,Composite,Aidan Aird,06/15/2026 09:18 AM,06/13/2026 07:00 AM,06/15/2026 07:00 AM,ID,06/15/2026,,Pass,,Upstream Collection,Monongalia,ReynoldsWVU-01,Sample,WVU Morgantown,06/15/2026 09:19 AM,Aidan Aird
A02-2050,WaTCH-WV Sample,Composite,Aidan Aird,07/17/2026 09:11 AM,07/15/2026 07:00 AM,07/17/2026 07:00 AM,ID,07/17/2026,,Pass,,Upstream Collection,Monongalia,FacManWVU-01,Sample,WVU Morgantown,07/17/2026 09:11 AM,Aidan Aird
A02-2051,WaTCH-WV Sample,Composite,Aidan Aird,07/17/2026 09:25 AM,07/15/2026 07:00 AM,07/17/2026 07:00 AM,ID,07/17/2026,,Pass,,Upstream Collection,Monongalia,OaklandWVU-01,Sample,WVU Morgantown,07/17/2026 09:26 AM,Aidan Aird
A02-2052,WaTCH-WV Sample,Composite,Aidan Aird,07/17/2026 10:01 AM,07/15/2026 07:00 AM,07/17/2026 07:00 AM,ID,07/17/2026,,Pass,,Upstream Collection,Monongalia,ReynoldsWVU-01,Sample,WVU Morgantown,07/17/2026 10:01 AM,Aidan Aird
U10-0008,BSJ,Composite,Aidan Aird ,07/24/2026 07:15 AM,07/23/2026 07:00 AM,07/24/2026 07:00 AM,,,Low Water Level - Small Sample Size,Fail: Volume Below Min,,Mass-Gathering Event,Fayette,Summit Bechtel Reserve Delta Camp 2-1,Sample,Upstream Holding Tank,07/24/2026 07:26 AM,Aidan Aird
A02-2003,Sample,Composite,Aidan/Hannah,05/26/2026 10:40 AM,05/23/2026 07:00 AM,05/25/2026 07:00 AM,ID,05/26/2026,,Pass,,Upstream Collection,Monongalia,OaklandWVU-01,Sample,WVU Morgantown,05/26/2026 10:41 AM,Aidan Aird
U10-0011,BSJ,Composite,Aidan Aird,07/24/2026 07:49 AM,07/23/2026 07:00 PM,07/24/2026 07:00 AM,,,,,,Mass-Gathering Event,Fayette,Summit Bechtel Reserve Delta Camp 3-2,Sample,Upstream Holding Tank,07/24/2026 08:11 AM,Aidan Aird
U10-0016,BSJ,Composite,Aidan Aird,07/24/2026 08:57 AM,07/23/2026 07:00 PM,07/24/2026 07:00 AM,,,,,,Mass-Gathering Event,Fayette,Summit Bechtel Reserve Charlie Camp 2-4,Sample,Upstream Holding Tank,07/24/2026 09:09 AM,Aidan Aird
U10-0019,BSJ,Composite,Aidan Aird,07/24/2026 09:35 AM,07/23/2026 07:00 PM,07/24/2026 07:00 AM,,,,,,Mass-Gathering Event,Fayette,Summit Bechtel Reserve Echo Camp 2-3,Sample,Upstream Holding Tank,07/24/2026 09:56 AM,Aidan Aird
U10-0014,BSJ,Composite,Aidan Aird,07/24/2026 08:34 AM,07/23/2026 07:00 PM,07/24/2026 07:00 AM,,,,,,Mass-Gathering Event,Fayette,Summit Bechtel Reserve Charlie Camp 1-3,Sample,Upstream Holding Tank,07/24/2026 08:37 AM,Aidan Aird
U10-0023,BSJ,Composite,Aidan Aird,07/25/2026 07:25 AM,07/24/2026 07:00 PM,07/25/2026 07:00 AM,,,,,,Mass-Gathering Event,Fayette,Summit Bechtel Reserve Delta Camp 3-5,Sample,Upstream Holding Tank,07/25/2026 07:36 AM,Aidan Aird
U10-0034,BSJ,Composite,Aidan Aird,07/26/2026 07:23 AM,07/25/2026 07:00 AM,07/26/2026 07:00 PM,,,,,,Mass-Gathering Event,Fayette,Summit Bechtel Reserve Main (Big-D),Sample,Upstream Holding Tank,07/26/2026 07:23 AM,Aidan Aird
U10-0035,BSJ,Composite,Aidan Aird,07/26/2026 07:30 AM,07/25/2026 07:00 PM,07/26/2026 07:00 AM,,,,,,Mass-Gathering Event,Fayette,Summit Bechtel Reserve Delta Camp 2-1,Sample,Upstream Holding Tank,07/26/2026 07:31 AM,Aidan Aird
U10-0036,BSJ,Composite,Aidan Aird,07/26/2026 07:42 AM,07/25/2026 07:00 PM,07/26/2026 07:00 AM,,,,,,Mass-Gathering Event,Fayette,Summit Bechtel Reserve Delta Camp 3-5,Sample,Upstream Holding Tank,07/26/2026 07:42 AM,Aidan Aird
U10-0037,BSJ,Composite,Aidan Aird,07/26/2026 07:49 AM,07/25/2026 07:00 PM,07/26/2026 07:00 AM,,,,,,Mass-Gathering Event,Fayette,Summit Bechtel Reserve Delta Camp 3-2,Sample,Upstream Holding Tank,07/26/2026 07:50 AM,Aidan Aird
U10-0038,BSJ ,Composite,Aidan Aird,07/26/2026 08:03 AM,07/25/2026 07:00 PM,07/26/2026 07:00 AM,,,,,,Mass-Gathering Event,Fayette,Summit Bechtel Reserve Delta Camp 4-2,Sample,Upstream Holding Tank,07/26/2026 08:04 AM,Aidan Aird
U10-0039,BSJ,Composite,Aidan Aird,07/26/2026 08:11 AM,07/25/2026 07:00 PM,07/26/2026 07:00 AM,,,,,,Mass-Gathering Event,Fayette,Summit Bechtel Reserve Delta Camp 4-3,Sample,Upstream Holding Tank,07/26/2026 08:12 AM,Aidan Aird
U10-0040,BSJ,Composite,Aidan Aird,07/26/2026 08:22 AM,07/25/2026 07:00 PM,07/26/2026 07:00 AM,,,,,,Mass-Gathering Event,Fayette,Summit Bechtel Reserve Charlie Camp 1-3,Sample,Upstream Holding Tank,07/26/2026 08:22 AM,Aidan Aird
U10-0041,BSJ ,Composite,Aidan Aird,07/26/2026 08:33 AM,07/26/2026 07:00 PM,07/26/2026 07:00 AM,,,,,,Mass-Gathering Event,Fayette,Summit Bechtel Reserve Charlie Camp 2-1,Sample,Upstream Holding Tank,07/26/2026 08:33 AM,Aidan Aird
U10-0042,BSJ ,Composite,Aidan Aird,07/26/2026 08:43 AM,07/25/2026 07:00 PM,07/26/2026 07:00 AM,,,,,,Mass-Gathering Event,Fayette,Summit Bechtel Reserve Charlie Camp 2-4,Sample,Upstream Holding Tank,07/26/2026 08:43 AM,Aidan Aird
U10-0043,BSJ ,Composite,Aidan Aird,07/26/2026 08:58 AM,07/25/2026 07:00 PM,07/26/2026 07:00 AM,,,,,,Mass-Gathering Event,Fayette,Summit Bechtel Reserve Charlie Camp 3-4,Sample,Upstream Holding Tank,07/26/2026 08:59 AM,Aidan Aird
U10-0044,BSJ ,Composite,Aidan Aird,07/26/2026 09:12 AM,07/25/2026 07:00 PM,07/26/2026 07:00 AM,,,,,,Mass-Gathering Event,Fayette,Summit Bechtel Reserve Echo Camp 2-1,Sample,Upstream Holding Tank,07/26/2026 09:13 AM,Aidan Aird
U10-0045,BSJ ,Composite,Aidan Aird,07/26/2026 09:22 AM,07/25/2026 07:00 PM,07/26/2026 07:00 AM,,,,,,Mass-Gathering Event,Fayette,Summit Bechtel Reserve Echo Camp 2-3,Sample,Upstream Holding Tank,07/26/2026 09:23 AM,Aidan Aird
U10-0046,BSJ ,Composite,Aidan Aird,07/26/2026 09:32 AM,07/26/2026 07:00 PM,07/26/2026 07:00 AM,,,,,,Mass-Gathering Event,Fayette,Summit Bechtel Reserve Echo Camp 1-3,Sample,Upstream Holding Tank,07/26/2026 09:32 AM,Aidan Aird
U10-0029,BSJ,Composite,Ava,07/25/2026 08:27 AM,07/24/2026 07:00 PM,07/25/2026 07:00 AM,,,,,,Mass-Gathering Event,Fayette,Summit Bechtel Reserve Charlie Camp 2-4,Sample,Upstream Holding Tank,07/25/2026 08:29 AM,Aidan Aird
U10-0025,BSJ,Composite,Ava,07/25/2026 07:47 AM,07/24/2026 07:00 PM,07/25/2026 07:00 AM,,,,,,Mass-Gathering Event,Fayette,Summit Bechtel Reserve Delta Camp 4-2,Sample,Upstream Holding Tank,07/25/2026 08:06 AM,Aidan Aird
U10-0027,BSJ,Composite,Ava,07/25/2026 08:07 AM,07/24/2026 07:00 PM,07/25/2026 07:00 AM,,,,,,Mass-Gathering Event,Fayette,Summit Bechtel Reserve Charlie Camp 1-3,Sample,Upstream Holding Tank,07/25/2026 08:09 AM,Aidan Aird
U10-0049,BSJ,Composite,Ava,07/27/2026 07:20 AM,07/26/2026 07:00 PM,07/27/2026 07:00 AM,,,,,,Mass-Gathering Event,Fayette,Summit Bechtel Reserve Delta Camp 3-5,Sample,Upstream Holding Tank,07/27/2026 07:30 AM,Aidan Aird
U10-0078,BSJ,Composite,Ava,07/29/2026 08:09 AM,07/28/2026 07:00 PM,07/29/2026 07:00 AM,,,,,,Mass-Gathering Event,Fayette,Summit Bechtel Reserve Charlie Camp 1-3,Sample,Upstream Holding Tank,07/29/2026 08:11 AM,Aidan Aird
U10-0084,BSJ,Composite,Ava,07/29/2026 09:01 AM,07/28/2026 07:00 PM,07/29/2026 07:00 AM,,,,,,Mass-Gathering Event,Fayette,Summit Bechtel Reserve Echo Camp 1-3,Sample,Upstream Holding Tank,07/29/2026 09:16 AM,Aidan Aird
U10-0007,BSJ,Composite,Aidan Aird,07/23/2026 10:09 AM,07/22/2026 07:00 PM,07/23/2026 07:00 AM,,,,,,Mass-Gathering Event,Fayette,Summit Bechtel Reserve Echo Camp 1-3,Sample,Upstream Holding Tank,07/23/2026 10:09 AM,Aidan Aird
U10-0064,BSJ,Composite,Ava,07/28/2026 07:46 AM,07/27/2026 07:00 PM,07/28/2026 07:00 AM,,,,,,Mass-Gathering Event,Fayette,Summit Bechtel Reserve Delta Camp 4-2,Sample,Upstream Holding Tank,07/28/2026 08:04 AM,Aidan Aird
U10-0066,BSJ,Composite,Ava,07/28/2026 08:04 AM,07/27/2026 07:00 PM,07/28/2026 07:00 AM,,,,,,Mass-Gathering Event,Fayette,Summit Bechtel Reserve Charlie Camp 1-3,Sample,Upstream Holding Tank,07/28/2026 08:12 AM,Aidan Aird
U10-0074,BSJ,Composite,Ava,07/29/2026 07:33 AM,07/28/2026 07:00 PM,07/29/2026 07:00 AM,,,,,,Mass-Gathering Event,Fayette,Summit Bechtel Reserve Delta Camp 3-5,Sample,Upstream Holding Tank,07/29/2026 07:53 AM,Aidan Aird
U10-0076,BSJ,Composite,Ava,07/29/2026 07:55 AM,07/28/2026 07:00 PM,07/29/2026 07:00 AM,,,,Fail: Volume Below Min,,Mass-Gathering Event,Fayette,Summit Bechtel Reserve Delta Camp 4-2,Sample,Upstream Holding Tank,07/29/2026 07:55 AM,Aidan Aird
U10-0080,BSJ,Composite,Ava,07/29/2026 08:28 AM,07/28/2026 07:00 PM,07/29/2026 07:00 AM,,,,,,Mass-Gathering Event,Fayette,Summit Bechtel Reserve Charlie Camp 2-4,Sample,Upstream Holding Tank,07/29/2026 08:29 AM,Aidan Aird
U10-0051,BSJ,Composite,Ava,07/27/2026 07:41 AM,07/26/2026 07:00 PM,07/27/2026 07:00 AM,,,,,,Mass-Gathering Event,Fayette,Summit Bechtel Reserve Delta Camp 4-2,Sample,Upstream Holding Tank,07/27/2026 08:01 AM,Aidan Aird
U10-0053,BSJ,Composite,Ava,07/27/2026 08:08 AM,07/26/2026 07:00 PM,07/27/2026 07:00 AM,,,,,,Mass-Gathering Event,Fayette,Summit Bechtel Reserve Charlie Camp 1-3,Sample,Upstream Holding Tank,07/27/2026 08:24 AM,Aidan Aird
U10-0059,BSJ,Composite,Ava,07/27/2026 09:08 AM,07/26/2026 07:00 PM,07/27/2026 07:00 AM,,,,,,Mass-Gathering Event,Fayette,Summit Bechtel Reserve Echo Camp 1-3,Sample,Upstream Holding Tank,07/27/2026 09:25 AM,Aidan Aird
U10-0055,BSJ,Composite,Ava,07/27/2026 08:25 AM,07/26/2026 07:00 PM,07/27/2026 07:00 AM,,,,,,Mass-Gathering Event,Fayette,Summit Bechtel Reserve Charlie Camp 2-4,Sample,Upstream Holding Tank,07/27/2026 08:53 AM,Aidan Aird
U10-0062,BSJ,Composite,Ava,07/28/2026 07:25 AM,07/27/2026 07:00 PM,07/28/2026 07:00 AM,,,,,,Mass-Gathering Event,Fayette,Summit Bechtel Reserve Delta Camp 3-5,Sample,Upstream Holding Tank,07/28/2026 07:45 AM,Aidan Aird
U10-0068,BSJ,Composite,Ava,07/28/2026 08:21 AM,07/27/2026 07:00 PM,07/28/2026 07:00 AM,,,,,,Mass-Gathering Event,Fayette,Summit Bechtel Reserve Charlie Camp 2-4,Sample,Upstream Holding Tank,07/28/2026 08:26 AM,Aidan Aird
U10-0069,BSJ,Composite,Ava,07/28/2026 08:35 AM,07/27/2026 07:00 PM,07/28/2026 07:00 AM,,,,,,Mass-Gathering Event,Fayette,Summit Bechtel Reserve Echo Camp 2-1,Sample,Upstream Holding Tank,07/28/2026 08:40 AM,Ava Curtis
U10-0070,BSJ,Composite,Ava,07/28/2026 08:46 AM,07/27/2026 07:00 PM,07/28/2026 07:00 AM,,,,,,Mass-Gathering Event,Fayette,Summit Bechtel Reserve Echo Camp 2-3,Sample,Upstream Holding Tank,07/28/2026 08:47 AM,Ava Curtis
U10-0072,BSJ,Composite,Ava,07/29/2026 07:17 AM,07/28/2026 07:00 PM,07/29/2026 07:00 AM,,,,,,Mass-Gathering Event,Fayette,Summit Bechtel Reserve Main (Big-D),Sample,Upstream Holding Tank,07/29/2026 07:17 AM,Ava Curtis
U10-0073,BSJ,Composite,Ava,07/29/2026 07:25 AM,07/28/2026 07:00 PM,07/29/2026 07:00 AM,,,,,,Mass-Gathering Event,Fayette,Summit Bechtel Reserve Delta Camp 2-1,Sample,Upstream Holding Tank,07/29/2026 07:25 AM,Ava Curtis
U10-0075,BSJ,Composite,Ava,07/29/2026 07:40 AM,07/28/2026 07:00 PM,07/29/2026 07:00 AM,,,,,,Mass-Gathering Event,Fayette,Summit Bechtel Reserve Delta Camp 3-2,Sample,Upstream Holding Tank,07/29/2026 07:42 AM,Ava Curtis
U10-0065,BSJ,Composite,Ava,07/28/2026 07:54 AM,07/27/2026 07:00 PM,07/28/2026 07:00 AM,,,,,,Mass-Gathering Event,Fayette,Summit Bechtel Reserve Delta Camp 4-3,Sample,Upstream Holding Tank,07/28/2026 07:55 AM,Ava Curtis
U10-0057,BSJ,Composite,Ava,07/27/2026 08:55 AM,07/26/2026 07:00 PM,07/27/2026 07:00 AM,,,,,,Mass-Gathering Event,Fayette,Summit Bechtel Reserve Echo Camp 2-1,Sample,Upstream Holding Tank,07/27/2026 08:56 AM,Ava Curtis
U10-0058,BSJ,Composite,Ava,07/27/2026 09:00 AM,07/26/2026 07:00 PM,07/27/2026 07:00 AM,,,,,,Mass-Gathering Event,Fayette,Summit Bechtel Reserve Echo Camp 2-3,Sample,Upstream Holding Tank,07/27/2026 09:00 AM,Ava Curtis
U10-0060,BSJ,Composite,Ava,07/28/2026 07:11 AM,07/27/2026 07:00 PM,07/28/2026 07:00 AM,,,,,,Mass-Gathering Event,Fayette,Summit Bechtel Reserve Main (Big-D),Sample,Upstream Holding Tank,07/28/2026 07:11 AM,Ava Curtis
U10-0061,BSJ,Composite,Ava,07/28/2026 07:17 AM,07/27/2026 07:00 PM,07/28/2026 07:00 AM,,,,,,Mass-Gathering Event,Fayette,Summit Bechtel Reserve Delta Camp 2-1,Sample,Upstream Holding Tank,07/28/2026 07:18 AM,Ava Curtis
U10-0063,BSJ,Composite,Ava,07/28/2026 07:35 AM,07/27/2026 07:00 PM,07/28/2026 07:00 AM,,,,,,Mass-Gathering Event,Fayette,Summit Bechtel Reserve Delta Camp 3-2,Sample,Upstream Holding Tank,07/28/2026 07:35 AM,Ava Curtis
U10-0056,BSJ,Composite,Ava,07/27/2026 08:43 AM,07/26/2026 07:00 PM,07/27/2026 07:00 AM,,,,Fail: Volume Below Min,,Mass-Gathering Event,Fayette,Summit Bechtel Reserve Charlie Camp 3-4,Sample,Upstream Holding Tank,07/27/2026 08:45 AM,Ava Curtis
U10-0054,BSJ,Composite,Ava,07/27/2026 08:17 AM,07/26/2026 07:00 PM,07/27/2026 07:00 AM,,,,,,Mass-Gathering Event,Fayette,Summit Bechtel Reserve Charlie Camp 2-1,Sample,Upstream Holding Tank,07/27/2026 08:17 AM,Ava Curtis
U10-0081,BSJ,Composite,Ava ,07/29/2026 08:36 AM,07/28/2026 07:00 AM,07/29/2026 07:00 AM,,,,Fail: Volume Below Min,,Mass-Gathering Event,Fayette,Summit Bechtel Reserve Charlie Camp 3-4,Sample,Upstream Holding Tank,07/29/2026 08:37 AM,Ava Curtis
U10-0082,BSJ,Composite,Ava,07/29/2026 08:49 AM,07/28/2026 07:00 PM,07/29/2026 07:00 AM,,,,,,Mass-Gathering Event,Fayette,Summit Bechtel Reserve Echo Camp 2-1,Sample,Upstream Holding Tank,07/29/2026 08:49 AM,Ava Curtis
U10-0083,BSJ,Composite,Ava,07/29/2026 08:52 AM,07/28/2026 07:00 PM,07/29/2026 07:53 AM,,,,,,Mass-Gathering Event,Fayette,Summit Bechtel Reserve Echo Camp 2-3,Sample,Upstream Holding Tank,07/29/2026 08:53 AM,Ava Curtis
U10-0077,BSJ,Composite,Ava,07/29/2026 08:00 AM,07/28/2026 07:00 PM,07/29/2026 07:00 AM,,,,,,Mass-Gathering Event,Fayette,Summit Bechtel Reserve Delta Camp 4-3,Sample,Upstream Holding Tank,07/29/2026 08:00 AM,Ava Curtis
U10-0067,BSJ,Composite,Ava,07/28/2026 08:14 AM,07/27/2026 07:00 PM,07/28/2026 07:00 AM,,,,,,Mass-Gathering Event,Fayette,Summit Bechtel Reserve Charlie Camp 2-1,Sample,Upstream Holding Tank,07/28/2026 08:14 AM,Ava Curtis
U10-0079,BSJ,Composite,Ava,07/29/2026 08:18 AM,07/28/2026 07:00 PM,07/29/2026 07:00 AM,,,,,,Mass-Gathering Event,Fayette,Summit Bechtel Reserve Charlie Camp 2-1,Sample,Upstream Holding Tank,07/29/2026 08:19 AM,Ava Curtis
U10-0050,BSJ,Composite,Ava,07/27/2026 07:30 AM,07/26/2026 07:00 PM,07/27/2026 07:00 AM,,,,,,Mass-Gathering Event,Fayette,Summit Bechtel Reserve Delta Camp 3-2,Sample,Upstream Holding Tank,07/27/2026 07:31 AM,Ava Curtis
U10-0052,BSJ,Composite,Ava,07/27/2026 08:00 AM,07/26/2026 07:00 PM,07/27/2026 07:00 AM,,,,,,Mass-Gathering Event,Fayette,Summit Bechtel Reserve Delta Camp 4-3,Sample,Upstream Holding Tank,07/27/2026 08:00 AM,Ava Curtis
U10-0028,BSJ,Composite,Ava,07/25/2026 08:17 AM,07/24/2026 07:00 PM,07/25/2026 07:00 AM,,,,,,Mass-Gathering Event,Fayette,Summit Bechtel Reserve Charlie Camp 2-1,Sample,Upstream Holding Tank,07/25/2026 08:17 AM,Ava Curtis
U10-0030,BSJ,Composite,Ava,07/25/2026 08:37 AM,07/24/2026 07:00 PM,07/25/2026 07:00 AM,,,,,,Mass-Gathering Event,Fayette,Summit Bechtel Reserve Charlie Camp 3-4,Sample,Upstream Holding Tank,07/25/2026 08:38 AM,Ava Curtis
U10-0031,BSJ,Composite,Ava,07/25/2026 08:52 AM,07/24/2026 07:00 PM,07/25/2026 07:00 AM,,,,,,Mass-Gathering Event,Fayette,Summit Bechtel Reserve Echo Camp 2-1,Sample,Upstream Holding Tank,07/25/2026 08:52 AM,Ava Curtis
U10-0032,BSJ,Composite,Ava,07/25/2026 09:00 AM,07/24/2026 07:00 PM,07/25/2026 07:00 AM,,,,,,Mass-Gathering Event,Fayette,Summit Bechtel Reserve Echo Camp 2-3,Sample,Upstream Holding Tank,07/25/2026 09:00 AM,Ava Curtis
U10-0033,BSJ,Composite,Ava,07/25/2026 09:11 AM,07/24/2026 07:00 PM,07/25/2026 07:00 AM,,,,,,Mass-Gathering Event,Fayette,Summit Bechtel Reserve Echo Camp 1-3,Sample,Upstream Holding Tank,07/25/2026 09:11 AM,Ava Curtis
U10-0047,BSJ,Composite,Ava,07/27/2026 07:05 AM,07/26/2026 07:00 PM,07/27/2026 07:00 AM,,,,,,Mass-Gathering Event,Fayette,Summit Bechtel Reserve Main (Big-D),Sample,Upstream Holding Tank,07/27/2026 07:11 AM,Ava Curtis
U10-0048,BSJ,Composite,Ava,07/27/2026 07:12 AM,07/26/2026 07:00 PM,07/27/2026 07:00 AM,,,,,,Mass-Gathering Event,Fayette,Summit Bechtel Reserve Delta Camp 2-1,Sample,Upstream Holding Tank,07/27/2026 07:12 AM,Ava Curtis
U10-0026,BSJ,Composite,Ava,07/25/2026 07:56 AM,07/24/2026 07:00 PM,07/25/2026 07:00 AM,,,,,,Mass-Gathering Event,Fayette,Summit Bechtel Reserve Delta Camp 4-3,Sample,Upstream Holding Tank,07/25/2026 07:57 AM,Ava Curtis
U10-0015,BSJ,Composite,Ava,07/24/2026 08:45 AM,07/23/2026 07:00 PM,07/24/2026 07:00 AM,,,,,,Mass-Gathering Event,Fayette,Summit Bechtel Reserve Charlie Camp 2-1,Sample,Upstream Holding Tank,07/24/2026 08:45 AM,Ava Curtis
U10-0021,BSJ,Composite,Ava,07/25/2026 07:11 AM,07/24/2026 07:00 PM,07/25/2026 07:00 AM,,,,,,Mass-Gathering Event,Fayette,Summit Bechtel Reserve Delta Camp 2-1,Sample,Upstream Holding Tank,07/25/2026 07:12 AM,Ava Curtis
U10-0022,BSJ,Composite,Ava,07/25/2026 07:17 AM,07/24/2026 07:00 PM,07/25/2026 07:00 AM,,,,,,Mass-Gathering Event,Fayette,Summit Bechtel Reserve Main (Big-D),Sample,Upstream Holding Tank,07/25/2026 07:17 AM,Ava Curtis
U10-0024,BSJ,Composite,Ava,07/25/2026 07:34 AM,07/24/2026 07:00 PM,07/25/2026 07:00 AM,,,,,,Mass-Gathering Event,Fayette,Summit Bechtel Reserve Delta Camp 3-2,Sample,Upstream Holding Tank,07/25/2026 07:34 AM,Ava Curtis
U10-0017,BSJ,Composite,Ava,07/24/2026 09:09 AM,07/23/2026 07:00 PM,07/24/2026 07:00 AM,,,,,,Mass-Gathering Event,Fayette,Summit Bechtel Reserve Charlie Camp 3-4,Sample,Upstream Holding Tank,07/24/2026 09:10 AM,Ava Curtis
U10-0018,BSJ,Composite,Ava,07/24/2026 09:26 AM,07/23/2026 07:00 PM,07/24/2026 07:00 AM,,,,,,Mass-Gathering Event,Fayette,Summit Bechtel Reserve Echo Camp 2-1,Sample,Upstream Holding Tank,07/24/2026 09:26 AM,Ava Curtis
U10-0020,BSJ,Composite,Ava,07/24/2026 09:45 AM,07/23/2026 07:00 PM,07/24/2026 07:00 AM,,,,,,Mass-Gathering Event,Fayette,Summit Bechtel Reserve Echo Camp 1-3,Sample,Upstream Holding Tank,07/24/2026 09:45 AM,Ava Curtis
U10-0013,BSJ,Composite,Ava,07/24/2026 08:21 AM,07/23/2026 07:00 PM,07/24/2026 07:00 AM,,,,,,Mass-Gathering Event,Fayette,Summit Bechtel Reserve Delta Camp 4-2,Sample,Upstream Holding Tank,07/24/2026 08:21 AM,Ava Curtis
U10-0009,BSJ,Composite,Ava,07/24/2026 07:29 AM,07/23/2026 07:00 PM,07/24/2026 07:00 AM,,,,,,Mass-Gathering Event,Fayette,Summit Bechtel Reserve Main (Big-D),Sample,Upstream Holding Tank,07/24/2026 07:34 AM,Ava Curtis
U10-0010,BSJ,Composite,Ava,07/24/2026 07:44 AM,07/23/2026 07:00 PM,07/24/2026 07:00 AM,,,faulty battery,Fail: Volume Below Min,,Mass-Gathering Event,Fayette,Summit Bechtel Reserve Delta Camp 3-5,Sample,Upstream Holding Tank,07/24/2026 07:45 AM,Ava Curtis
U10-0012,BSJ,Composite,Ava,07/24/2026 08:09 AM,07/23/2026 07:00 PM,07/24/2026 07:00 AM,,,,,,Mass-Gathering Event,Fayette,Summit Bechtel Reserve Delta Camp 4-3,Sample,Upstream Holding Tank,07/24/2026 08:10 AM,Ava Curtis
U10-0001,BSJ,Composite,Ava ,07/23/2026 07:26 AM,07/22/2026 07:00 PM,07/23/2026 07:00 AM,,,,,,Mass-Gathering Event,Fayette,Summit Bechtel Reserve Delta Camp 4-2,Sample,Upstream Holding Tank,07/23/2026 07:27 AM,Ava Curtis
U10-0002,BSJ,Composite,Ava,07/23/2026 07:56 AM,07/22/2026 07:00 PM,07/23/2026 07:00 AM,,,,,,Mass-Gathering Event,Fayette,Summit Bechtel Reserve Delta Camp 3-5,Sample,Upstream Holding Tank,07/23/2026 07:57 AM,Ava Curtis
U10-0003,BSJ,Composite,Ava,07/23/2026 08:27 AM,07/22/2026 07:00 PM,07/23/2026 07:00 AM,,,,,,Mass-Gathering Event,Fayette,Summit Bechtel Reserve Delta Camp 2-1,Sample,Upstream Holding Tank,07/23/2026 08:27 AM,Ava Curtis
U10-0004,BSJ,Composite,Ava,07/23/2026 09:10 AM,07/22/2026 07:00 PM,07/23/2026 07:00 AM,,,,,,Mass-Gathering Event,Fayette,Summit Bechtel Reserve Charlie Camp 1-3,Sample,Upstream Holding Tank,07/23/2026 09:10 AM,Ava Curtis
U10-0005,BSJ,Composite,Ava,07/23/2026 09:43 AM,07/22/2026 07:00 PM,07/23/2026 07:00 AM,,,,,,Mass-Gathering Event,Fayette,Summit Bechtel Reserve Charlie Camp 3-4,Sample,Upstream Holding Tank,07/23/2026 09:44 AM,Ava Curtis
U10-0006,BSJ,Composite,Ava,07/23/2026 10:00 AM,07/22/2026 07:00 PM,07/23/2026 07:00 AM,,,,,,Mass-Gathering Event,Fayette,Summit Bechtel Reserve Echo Camp 2-3,Sample,Upstream Holding Tank,07/23/2026 10:00 AM,Ava Curtis
U10-0097,BSJ,Composite,Ava,07/30/2026 09:17 AM,07/29/2026 07:00 PM,07/30/2026 07:00 AM,,,,,,Mass-Gathering Event,Fayette,Summit Bechtel Reserve Echo Camp 1-3,Sample,WVU Morgantown,07/30/2026 09:18 AM,Ava Curtis
U10-0096,BSJ,Composite,Ava,07/30/2026 09:07 AM,07/29/2026 07:00 PM,07/30/2026 07:00 AM,,,,,,Mass-Gathering Event,Fayette,Summit Bechtel Reserve Echo Camp 2-3,Sample,WVU Morgantown,07/30/2026 09:07 AM,Ava Curtis
U10-0095,BSJ,Composite,Ava,07/30/2026 09:02 AM,07/29/2026 07:00 PM,07/30/2026 07:00 AM,,,,,,Mass-Gathering Event,Fayette,Summit Bechtel Reserve Echo Camp 2-1,Sample,WVU Morgantown,07/30/2026 09:02 AM,Ava Curtis
U10-0085,BSJ,Composite,Ava,07/30/2026 07:22 AM,07/29/2026 07:00 PM,07/30/2026 07:00 AM,,,,,,Mass-Gathering Event,Fayette,Summit Bechtel Reserve Main (Big-D),Sample,WVU Morgantown,07/30/2026 07:22 AM,Ava Curtis
U10-0086,BSJ,Composite,Ava,07/30/2026 07:30 AM,07/29/2026 07:00 PM,07/30/2026 07:00 AM,,,,,,Mass-Gathering Event,Fayette,Summit Bechtel Reserve Delta Camp 2-1,Sample,WVU Morgantown,07/30/2026 07:31 AM,Ava Curtis
U10-0087,BSJ,Composite,Ava,07/30/2026 07:39 AM,07/29/2026 07:00 PM,07/30/2026 07:00 AM,,,,,,Mass-Gathering Event,Fayette,Summit Bechtel Reserve Delta Camp 3-5,Sample,WVU Morgantown,07/30/2026 07:40 AM,Ava Curtis
U10-0088,BSJ,Composite,Ava,07/30/2026 07:46 AM,07/29/2026 07:00 PM,07/30/2026 07:00 AM,,,,,,Mass-Gathering Event,Fayette,Summit Bechtel Reserve Delta Camp 3-2,Sample,WVU Morgantown,07/30/2026 07:46 AM,Ava Curtis
U10-0089,BSJ,Composite,Ava,07/30/2026 07:58 AM,07/29/2026 07:00 AM,07/30/2026 07:00 AM,,,,Fail: Volume Below Min,,Mass-Gathering Event,Fayette,Summit Bechtel Reserve Delta Camp 4-2,Sample,WVU Morgantown,07/30/2026 07:58 AM,Ava Curtis
U10-0090,BSJ,Composite,Ava,07/30/2026 08:04 AM,07/29/2026 07:00 PM,07/30/2026 07:00 AM,,,,,,Mass-Gathering Event,Fayette,Summit Bechtel Reserve Delta Camp 4-3,Sample,WVU Morgantown,07/30/2026 08:05 AM,Ava Curtis
U10-0091,BSJ,Composite,Ava,07/30/2026 08:24 AM,07/29/2026 07:00 PM,07/30/2026 07:00 AM,,,,,,Mass-Gathering Event,Fayette,Summit Bechtel Reserve Charlie Camp 1-3,Sample,WVU Morgantown,07/30/2026 08:24 AM,Ava Curtis
U10-0092,BSJ,Composite,Ava,07/30/2026 08:34 AM,07/29/2026 07:00 PM,07/30/2026 07:00 AM,,,,,,Mass-Gathering Event,Fayette,Summit Bechtel Reserve Charlie Camp 2-1,Sample,WVU Morgantown,07/30/2026 08:35 AM,Ava Curtis
U10-0093,BSJ,Composite,Ava,07/30/2026 08:42 AM,07/29/2026 07:00 PM,07/30/2026 07:00 AM,,,,,,Mass-Gathering Event,Fayette,Summit Bechtel Reserve Charlie Camp 2-4,Sample,WVU Morgantown,07/30/2026 08:42 AM,Ava Curtis
U10-0094,BSJ,Composite,Ava,07/30/2026 08:51 AM,07/29/2026 07:00 AM,07/30/2026 07:00 AM,,,,Fail: Volume Below Min,,Mass-Gathering Event,Fayette,Summit Bechtel Reserve Charlie Camp 3-4,Sample,WVU Morgantown,07/30/2026 08:52 AM,Ava Curtis
