assay_id,extraction_id,sample_id,assay_batch_id,assay_location_in_batch,assay_input_ul,assay_class,assay_type,assay_target,assay_target_genetic_locus,assay_template,assay_target_macromolecule,assay_target_fluorophore,assay_accepted_droplets,assay_target_predicted_copies_per_ul_reaction,assay_target_copies_per_ul_reaction,assay_comment
AB04022024.FA1,,,AB04022024,F03,5,control,PCR Positive,Human Norovirus GII,ORF1_2,GBlock,,,14591,0.0,107.201034545898,
AB04022024.FA2,,,AB04022024,G04,5,control,PCR Negative,Human Norovirus GII,ORF1_2,,,,16444,0.0,0.0,
AB04022024.FA3,,,AB04022024,F04,5,control,PCR Negative,Human Norovirus GII,ORF1_2,,,,17766,0.0,0.0,
AB04022024.FA4,,,AB04022024,G03,5,control,PCR Positive,Human Norovirus GII,ORF1_2,GBlock,,,15295,0.0,120.660316467285,
AB04022024.FA5,,,AB04022024,H04,5,control,PCR Negative,Human Norovirus GII,ORF1_2,,,,16141,0.0,0.0,
AB04022024.FA6,,,AB04022024,H03,5,control,PCR Positive,Human Norovirus GII,ORF1_2,GBlock,,,15726,0.0,115.264320373535,
AB07102024.FA1,,,AB07102024,H12,5,control,PCR Positive,Human Norovirus GI,ORF1_2,GBlock,,,19010,0.0,0.0,
AB07102024.FA4,,,AB07102024,A12,5,control,PCR Negative,Human Norovirus GI,ORF1_2,,,,18769,0.0,15.7129383087158,
AB07102024.HE2,,,AB07102024,H12,5,control,PCR Positive,Human Norovirus GII,ORF1_2,GBlock,,,19010,0.0,2.18545532226563,
AB07102024.HE3,,,AB07102024,A12,5,control,PCR Negative,Human Norovirus GII,ORF1_2,,,,18769,0.0,14.2208919525146,
AB1.FA1,,,AB1,E07,5,control,PCR Positive,SARS-CoV-2,N1,LV-SARS_N,,,16814,,96.04051208,
AB1.FA3,,,AB1,D07,5,control,PCR Negative,SARS-CoV-2,N1,,,,16547,0.0,0.0,
AB1.FA8,,,AB1,H03,5,control,PCR Negative,SARS-CoV-2,N1,,,,18748,0.0,0.0,
AB1.FH2,,,AB1,E07,5,control,PCR Positive,SARS-CoV-2,N2,LV-SARS_N,,,16814,,108.8635254,
AB1.FH5,,,AB1,D07,5,control,PCR Negative,SARS-CoV-2,N2,,,,16547,0.0,0.0,
AB1.FH6,,,AB1,H03,5,control,PCR Negative,SARS-CoV-2,N2,,,,18748,0.0,0.0,
AB1.HE4,,,AB1,D07,5,control,PCR Negative,Human,RNase P,,,,16547,0.0,0.076019801,
AB1.HE7,,,AB1,H03,5,control,PCR Negative,Human,RNase P,,,,18748,0.0,0.0,
AB10.FA1,,,AB10,D12,5,control,PCR Positive,"Respiratory Syncitial Virus, Human",G,GBlock,,,15169,0.0,3.98662304878235,
AB10.FA2,,,AB10,C12,5,control,PCR Negative,"Respiratory Syncitial Virus, Human",G,,,,19541,0.0,0.0,
AB10.FA3,,,AB10,E12,5,control,PCR Negative,"Respiratory Syncitial Virus, Human",G,,,,17650,0.0,0.142541974782944,
AB100.CY13,,,AB100,G03,5,control,PCR Negative,"Respiratory Syncitial Virus, Human",G,,,,22423,0.0,0.0,
AB100.CY16,,,AB100,E07,5,control,PCR Negative,"Respiratory Syncitial Virus, Human",G,,,,21541,0.0,0.0,
AB100.CY25,,,AB100,G07,5,control,PCR Negative,"Respiratory Syncitial Virus, Human",G,,,,21732,0.0,0.0,
AB100.CY28,,,AB100,H07,5,control,PCR Negative,"Respiratory Syncitial Virus, Human",G,,,,22450,0.0,0.0,
AB100.CY3,,,AB100,D07,5,control,PCR Negative,"Respiratory Syncitial Virus, Human",G,,,,22184,0.0,0.0,
AB100.CY32,,,AB100,F07,5,control,PCR Negative,"Respiratory Syncitial Virus, Human",G,,,,22113,0.0,0.0,
AB100.CY7,,,AB100,H03,5,control,PCR Negative,"Respiratory Syncitial Virus, Human",G,,,,22355,0.0,0.0,
AB100.CZ14,,,AB100,G03,5,control,PCR Negative,Influenza Virus B,NEP/NS1,,,,22423,0.0,0.056098185479641,
AB100.CZ17,,,AB100,E07,5,control,PCR Negative,Influenza Virus B,NEP/NS1,,,,21541,0.0,0.116793096065521,
AB100.CZ2,,,AB100,D07,5,control,PCR Negative,Influenza Virus B,NEP/NS1,,,,22184,0.0,0.226825639605522,
AB100.CZ24,,,AB100,G07,5,control,PCR Negative,Influenza Virus B,NEP/NS1,,,,21732,0.0,0.057881947606802,
AB100.CZ27,,,AB100,H07,5,control,PCR Negative,Influenza Virus B,NEP/NS1,,,,22450,0.0,0.0,
AB100.CZ33,,,AB100,F07,5,control,PCR Negative,Influenza Virus B,NEP/NS1,,,,22113,0.0,0.170661643147469,
AB100.CZ8,,,AB100,H03,5,control,PCR Negative,Influenza Virus B,NEP/NS1,,,,22355,0.0,0.0562688335776329,
AB100.FA1,,,AB100,D07,5,control,PCR Negative,Influenza Virus A,M,,,,22184,0.0,1.02103769779205,
AB100.FA15,,,AB100,G03,5,control,PCR Negative,Influenza Virus A,M,,,,22423,0.0,1.51552987098694,
AB100.FA18,,,AB100,E07,5,control,PCR Negative,Influenza Virus A,M,,,,21541,0.0,1.34377574920654,
AB100.FA23,,,AB100,G07,5,control,PCR Negative,Influenza Virus A,M,,,,21732,0.0,0.926431000232697,
AB100.FA26,,,AB100,H07,5,control,PCR Negative,Influenza Virus A,M,,,,22450,0.0,0.896791160106659,
AB100.FA31,,,AB100,F07,5,control,PCR Negative,Influenza Virus A,M,,,,22113,0.0,1.19511795043945,
AB100.FA6,,,AB100,H03,5,control,PCR Negative,Influenza Virus A,M,,,,22355,0.0,1.23849618434906,
AB100.HE10,,,AB100,H03,5,control,PCR Negative,"Respiratory Syncitial Virus, Bovine",Other,,,,22355,0.0,0.0,
AB100.HE11,,,AB100,G03,5,control,PCR Negative,"Respiratory Syncitial Virus, Bovine",Other,,,,22423,0.0,0.0,
AB100.HE19,,,AB100,E07,5,control,PCR Negative,"Respiratory Syncitial Virus, Bovine",Other,,,,21541,0.0,0.0,
AB100.HE21,,,AB100,G07,5,control,PCR Negative,"Respiratory Syncitial Virus, Bovine",Other,,,,21732,0.0,0.0,
AB100.HE30,,,AB100,H07,5,control,PCR Negative,"Respiratory Syncitial Virus, Bovine",Other,,,,22450,0.0,0.0,
AB100.HE35,,,AB100,F07,5,control,PCR Negative,"Respiratory Syncitial Virus, Bovine",Other,,,,22113,0.0,0.0,
AB100.HE5,,,AB100,D07,5,control,PCR Negative,"Respiratory Syncitial Virus, Bovine",Other,,,,22184,0.0,0.0,
AB100.RO12,,,AB100,G03,5,control,PCR Negative,SARS-CoV-2,SC2,,,,22423,0.0,0.0,
AB100.RO20,,,AB100,E07,5,control,PCR Negative,SARS-CoV-2,SC2,,,,21541,0.0,0.0,
AB100.RO22,,,AB100,G07,5,control,PCR Negative,SARS-CoV-2,SC2,,,,21732,0.0,0.0,
AB100.RO29,,,AB100,H07,5,control,PCR Negative,SARS-CoV-2,SC2,,,,22450,0.0,0.0,
AB100.RO34,,,AB100,F07,5,control,PCR Negative,SARS-CoV-2,SC2,,,,22113,0.0,0.0,
AB100.RO4,,,AB100,D07,5,control,PCR Negative,SARS-CoV-2,SC2,,,,22184,0.0,0.0,
AB100.RO9,,,AB100,H03,5,control,PCR Negative,SARS-CoV-2,SC2,,,,22355,0.0,0.0,
AB101.CY12,,,AB101,E04,5,control,PCR Negative,"Respiratory Syncitial Virus, Human",G,,,,20901,0.0,0.0,
AB101.CY2,,,AB101,H04,5,control,PCR Negative,"Respiratory Syncitial Virus, Human",G,,,,20859,0.0,0.0,
AB101.CY20,,,AB101,G04,5,control,PCR Negative,"Respiratory Syncitial Virus, Human",G,,,,21050,0.0,0.0,
AB101.CY8,,,AB101,F04,5,control,PCR Negative,"Respiratory Syncitial Virus, Human",G,,,,21658,0.0,0.0,
AB101.CZ11,,,AB101,E04,5,control,PCR Negative,Influenza Virus B,NEP/NS1,,,,20901,0.0,0.481547236442566,
AB101.CZ19,,,AB101,G04,5,control,PCR Negative,Influenza Virus B,NEP/NS1,,,,21050,0.0,0.239046305418015,
AB101.CZ3,,,AB101,H04,5,control,PCR Negative,Influenza Virus B,NEP/NS1,,,,20859,0.0,0.180922195315361,
AB101.CZ7,,,AB101,F04,5,control,PCR Negative,Influenza Virus B,NEP/NS1,,,,21658,0.0,0.174247205257416,
AB101.FA1,,,AB101,H04,5,control,PCR Negative,Influenza Virus A,M,,,,20859,0.0,0.0,
AB101.FA13,,,AB101,E04,5,control,PCR Negative,Influenza Virus A,M,,,,20901,0.0,0.120369531214237,
AB101.FA18,,,AB101,G04,5,control,PCR Negative,Influenza Virus A,M,,,,21050,0.0,0.119517467916012,
AB101.FA6,,,AB101,F04,5,control,PCR Negative,Influenza Virus A,M,,,,21658,0.0,0.0,
AB101.HE10,,,AB101,F04,5,control,PCR Negative,"Respiratory Syncitial Virus, Bovine",Other,,,,21658,0.0,0.0,
AB101.HE14,,,AB101,E04,5,control,PCR Negative,"Respiratory Syncitial Virus, Bovine",Other,,,,20901,0.0,0.0,
AB101.HE17,,,AB101,G04,5,control,PCR Negative,"Respiratory Syncitial Virus, Bovine",Other,,,,21050,0.0,0.0,
AB101.HE4,,,AB101,H04,5,control,PCR Negative,"Respiratory Syncitial Virus, Bovine",Other,,,,20859,0.0,0.0,
AB101.RO15,,,AB101,E04,5,control,PCR Negative,SARS-CoV-2,SC2,,,,20901,0.0,0.0,
AB101.RO16,,,AB101,G04,5,control,PCR Negative,SARS-CoV-2,SC2,,,,21050,0.0,0.0,
AB101.RO5,,,AB101,H04,5,control,PCR Negative,SARS-CoV-2,SC2,,,,20859,0.0,0.0,
AB101.RO9,,,AB101,F04,5,control,PCR Negative,SARS-CoV-2,SC2,,,,21658,0.0,0.0,
AB102.CY11,,,AB102,C04,5,control,PCR Negative,"Respiratory Syncitial Virus, Human",G,,,,19813,0.0,0.0,
AB102.CY17,,,AB102,A04,5,control,PCR Negative,"Respiratory Syncitial Virus, Human",G,,,,19565,0.0,0.0,
AB102.CY2,,,AB102,G04,5,control,PCR Negative,"Respiratory Syncitial Virus, Human",G,,,,21414,0.0,0.0,
AB102.CY22,,,AB102,E04,5,control,PCR Negative,"Respiratory Syncitial Virus, Human",G,,,,21313,0.0,0.0,
AB102.CY29,,,AB102,F04,5,control,PCR Negative,"Respiratory Syncitial Virus, Human",G,,,,21152,0.0,0.0,
AB102.CY33,,,AB102,D04,5,control,PCR Negative,"Respiratory Syncitial Virus, Human",G,,,,19541,0.0,0.0,
AB102.CY37,,,AB102,H04,5,control,PCR Negative,"Respiratory Syncitial Virus, Human",G,,,,21220,0.0,0.0,
AB102.CY7,,,AB102,B04,5,control,PCR Negative,"Respiratory Syncitial Virus, Human",G,,,,17784,0.0,0.0,
AB102.CZ1,,,AB102,G04,5,control,PCR Negative,Influenza Virus B,NEP/NS1,,,,21414,0.0,0.0,
AB102.CZ12,,,AB102,C04,5,control,PCR Negative,Influenza Virus B,NEP/NS1,,,,19813,0.0,0.0,
AB102.CZ16,,,AB102,A04,5,control,PCR Negative,Influenza Virus B,NEP/NS1,,,,19565,0.0,0.0642930567264557,
AB102.CZ21,,,AB102,E04,5,control,PCR Negative,Influenza Virus B,NEP/NS1,,,,21313,0.0,0.0590199008584023,
AB102.CZ28,,,AB102,F04,5,control,PCR Negative,Influenza Virus B,NEP/NS1,,,,21152,0.0,0.0594691447913647,
AB102.CZ32,,,AB102,D04,5,control,PCR Negative,Influenza Virus B,NEP/NS1,,,,19541,0.0,0.12874735891819,
AB102.CZ36,,,AB102,H04,5,control,PCR Negative,Influenza Virus B,NEP/NS1,,,,21220,0.0,0.118559934198856,
AB102.CZ8,,,AB102,B04,5,control,PCR Negative,Influenza Virus B,NEP/NS1,,,,17784,0.0,0.0,
AB102.FA14,,,AB102,C04,5,control,PCR Negative,Influenza Virus A,M,,,,19813,0.0,0.063488282263279,
AB102.FA20,,,AB102,A04,5,control,PCR Negative,Influenza Virus A,M,,,,19565,0.0,0.192889034748077,
AB102.FA25,,,AB102,E04,5,control,PCR Negative,Influenza Virus A,M,,,,21313,0.0,0.0590199008584023,
AB102.FA27,,,AB102,F04,5,control,PCR Negative,Influenza Virus A,M,,,,21152,0.0,0.23789344727993,
AB102.FA35,,,AB102,D04,5,control,PCR Negative,Influenza Virus A,M,,,,19541,0.0,0.19312596321106,
AB102.FA40,,,AB102,H04,5,control,PCR Negative,Influenza Virus A,M,,,,21220,0.0,0.118559934198856,
AB102.FA5,,,AB102,G04,5,control,PCR Negative,Influenza Virus A,M,,,,21414,0.0,0.0587415210902691,
AB102.FA9,,,AB102,B04,5,control,PCR Negative,Influenza Virus A,M,,,,17784,0.0,0.070731945335865,
AB102.HE13,,,AB102,C04,5,control,PCR Negative,"Respiratory Syncitial Virus, Bovine",Other,,,,19813,0.0,0.063488282263279,
AB102.HE18,,,AB102,A04,5,control,PCR Negative,"Respiratory Syncitial Virus, Bovine",Other,,,,19565,0.0,0.0,
AB102.HE23,,,AB102,E04,5,control,PCR Negative,"Respiratory Syncitial Virus, Bovine",Other,,,,21313,0.0,0.0,
AB102.HE3,,,AB102,G04,5,control,PCR Negative,"Respiratory Syncitial Virus, Bovine",Other,,,,21414,0.0,0.0,
AB102.HE30,,,AB102,F04,5,control,PCR Negative,"Respiratory Syncitial Virus, Bovine",Other,,,,21152,0.0,0.0,
AB102.HE31,,,AB102,D04,5,control,PCR Negative,"Respiratory Syncitial Virus, Bovine",Other,,,,19541,0.0,0.0,
AB102.HE38,,,AB102,H04,5,control,PCR Negative,"Respiratory Syncitial Virus, Bovine",Other,,,,21220,0.0,0.0,
AB102.HE6,,,AB102,B04,5,control,PCR Negative,"Respiratory Syncitial Virus, Bovine",Other,,,,17784,0.0,0.0,
AB102.RO10,,,AB102,B04,5,control,PCR Negative,SARS-CoV-2,SC2,,,,17784,0.0,0.0,
AB102.RO15,,,AB102,C04,5,control,PCR Negative,SARS-CoV-2,SC2,,,,19813,0.0,0.0,
AB102.RO19,,,AB102,A04,5,control,PCR Negative,SARS-CoV-2,SC2,,,,19565,0.0,0.0,
AB102.RO24,,,AB102,E04,5,control,PCR Negative,SARS-CoV-2,SC2,,,,21313,0.0,0.0,
AB102.RO26,,,AB102,F04,5,control,PCR Negative,SARS-CoV-2,SC2,,,,21152,0.0,0.0,
AB102.RO34,,,AB102,D04,5,control,PCR Negative,SARS-CoV-2,SC2,,,,19541,0.0,0.0,
AB102.RO39,,,AB102,H04,5,control,PCR Negative,SARS-CoV-2,SC2,,,,21220,0.0,0.0,
AB102.RO4,,,AB102,G04,5,control,PCR Negative,SARS-CoV-2,SC2,,,,21414,0.0,0.0,
AB103.CY12,,,AB103,B04,5,control,PCR Negative,"Respiratory Syncitial Virus, Human",G,,,,19616,0.0,0.0,
AB103.CY2,,,AB103,D04,5,control,PCR Negative,"Respiratory Syncitial Virus, Human",G,,,,21349,0.0,0.0,
AB103.CY20,,,AB103,A04,5,control,PCR Negative,"Respiratory Syncitial Virus, Human",G,,,,21165,0.0,0.0,
AB103.CY9,,,AB103,C04,5,control,PCR Negative,"Respiratory Syncitial Virus, Human",G,,,,20710,0.0,0.0,
AB103.CZ14,,,AB103,B04,5,control,PCR Negative,Influenza Virus B,NEP/NS1,,,,19616,0.0,0.0641259029507637,
AB103.CZ17,,,AB103,A04,5,control,PCR Negative,Influenza Virus B,NEP/NS1,,,,21165,0.0,0.0,
AB103.CZ4,,,AB103,D04,5,control,PCR Negative,Influenza Virus B,NEP/NS1,,,,21349,0.0,0.294629484415054,
AB103.CZ6,,,AB103,C04,5,control,PCR Negative,Influenza Virus B,NEP/NS1,,,,20710,0.0,0.0,
AB103.FA10,,,AB103,C04,5,control,PCR Negative,Influenza Virus A,M,,,,20710,0.0,0.0,
AB103.FA13,,,AB103,B04,5,control,PCR Negative,Influenza Virus A,M,,,,19616,0.0,0.128255069255829,
AB103.FA18,,,AB103,A04,5,control,PCR Negative,Influenza Virus A,M,,,,21165,0.0,0.0,
AB103.FA3,,,AB103,D04,5,control,PCR Negative,Influenza Virus A,M,,,,21349,0.0,0.176769390702248,
AB103.HE15,,,AB103,B04,5,control,PCR Negative,"Respiratory Syncitial Virus, Bovine",Other,,,,19616,0.0,0.0,
AB103.HE16,,,AB103,A04,5,control,PCR Negative,"Respiratory Syncitial Virus, Bovine",Other,,,,21165,0.0,0.0,
AB103.HE5,,,AB103,D04,5,control,PCR Negative,"Respiratory Syncitial Virus, Bovine",Other,,,,21349,0.0,0.0,
AB103.HE7,,,AB103,C04,5,control,PCR Negative,"Respiratory Syncitial Virus, Bovine",Other,,,,20710,0.0,0.0,
AB103.RO1,,,AB103,D04,5,control,PCR Negative,SARS-CoV-2,SC2,,,,21349,0.0,0.0,
AB103.RO11,,,AB103,B04,5,control,PCR Negative,SARS-CoV-2,SC2,,,,19616,0.0,0.0,
AB103.RO19,,,AB103,A04,5,control,PCR Negative,SARS-CoV-2,SC2,,,,21165,0.0,0.0,
AB103.RO8,,,AB103,C04,5,control,PCR Negative,SARS-CoV-2,SC2,,,,20710,0.0,0.0,
AB105.CY3,,,AB105,C05,5,control,PCR Negative,"Respiratory Syncitial Virus, Human",G,,,,21630,0.0,0.0,
AB105.CY8,,,AB105,D05,5,control,PCR Negative,"Respiratory Syncitial Virus, Human",G,,,,21814,0.0,0.0,
AB105.CZ5,,,AB105,C05,5,control,PCR Negative,Influenza Virus B,NEP/NS1,,,,21630,0.0,0.232635766267776,
AB105.CZ6,,,AB105,D05,5,control,PCR Negative,Influenza Virus B,NEP/NS1,,,,21814,0.0,0.115331374108791,
AB105.FA2,,,AB105,C05,5,control,PCR Negative,Influenza Virus A,M,,,,21630,0.0,0.0581549108028412,
AB105.FA9,,,AB105,D05,5,control,PCR Negative,Influenza Virus A,M,,,,21814,0.0,0.0576643645763397,
AB105.HE4,,,AB105,C05,5,control,PCR Negative,"Respiratory Syncitial Virus, Bovine",Other,,,,21630,0.0,0.0,
AB105.HE7,,,AB105,D05,5,control,PCR Negative,"Respiratory Syncitial Virus, Bovine",Other,,,,21814,0.0,0.0,
AB105.RO1,,,AB105,C05,5,control,PCR Negative,SARS-CoV-2,SC2,,,,21630,0.0,0.0,
AB105.RO10,,,AB105,D05,5,control,PCR Negative,SARS-CoV-2,SC2,,,,21814,0.0,0.0,
AB107.CY14,,,AB107,D04,5,control,PCR Negative,"Respiratory Syncitial Virus, Human",G,,,,22043,0.0,0.0,
AB107.CY3,,,AB107,C04,5,control,PCR Negative,"Respiratory Syncitial Virus, Human",G,,,,18969,0.0,0.0,
AB107.CY7,,,AB107,B04,5,control,PCR Negative,"Respiratory Syncitial Virus, Human",G,,,,20180,0.0,0.0,
AB107.CZ15,,,AB107,D04,5,control,PCR Negative,Influenza Virus B,NEP/NS1,,,,22043,0.0,0.0,
AB107.CZ2,,,AB107,C04,5,control,PCR Negative,Influenza Virus B,NEP/NS1,,,,18969,0.0,0.0,
AB107.CZ8,,,AB107,B04,5,control,PCR Negative,Influenza Virus B,NEP/NS1,,,,20180,0.0,0.0,
AB107.FA1,,,AB107,C04,5,control,PCR Negative,Influenza Virus A,M,,,,18969,0.0,0.0,
AB107.FA13,,,AB107,D04,5,control,PCR Negative,Influenza Virus A,M,,,,22043,0.0,0.0,
AB107.FA6,,,AB107,B04,5,control,PCR Negative,Influenza Virus A,M,,,,20180,0.0,0.0,
AB107.HE10,,,AB107,B04,5,control,PCR Negative,"Respiratory Syncitial Virus, Bovine",Other,,,,20180,0.0,0.0,
AB107.HE12,,,AB107,D04,5,control,PCR Negative,"Respiratory Syncitial Virus, Bovine",Other,,,,22043,0.0,0.0,
AB107.HE5,,,AB107,C04,5,control,PCR Negative,"Respiratory Syncitial Virus, Bovine",Other,,,,18969,0.0,0.0,
AB107.RO11,,,AB107,D04,5,control,PCR Negative,SARS-CoV-2,SC2,,,,22043,0.0,0.0,
AB107.RO4,,,AB107,C04,5,control,PCR Negative,SARS-CoV-2,SC2,,,,18969,0.0,0.0,
AB107.RO9,,,AB107,B04,5,control,PCR Negative,SARS-CoV-2,SC2,,,,20180,0.0,0.0,
AB108.CY4,,,AB108,D04,5,control,PCR Negative,"Respiratory Syncitial Virus, Human",G,,,,20722,0.0,0.0,
AB108.CZ1,,,AB108,D04,5,control,PCR Negative,Influenza Virus B,NEP/NS1,,,,20722,0.0,0.0,
AB108.FA3,,,AB108,D04,5,control,PCR Negative,Influenza Virus A,M,,,,20722,0.0,0.0,
AB108.HE2,,,AB108,D04,5,control,PCR Negative,"Respiratory Syncitial Virus, Bovine",Other,,,,20722,0.0,0.0,
AB108.RO5,,,AB108,D04,5,control,PCR Negative,SARS-CoV-2,SC2,,,,20722,0.0,0.0,
AB109.CY12,,,AB109,H04,5,control,PCR Negative,"Respiratory Syncitial Virus, Human",G,,,,22353,0.0,0.0,
AB109.CY16,,,AB109,E04,5,control,PCR Negative,"Respiratory Syncitial Virus, Human",G,,,,21335,0.0,0.0,
AB109.CY21,,,AB109,F04,5,control,PCR Negative,"Respiratory Syncitial Virus, Human",G,,,,21798,0.0,0.0,
AB109.CY4,,,AB109,D04,5,control,PCR Negative,"Respiratory Syncitial Virus, Human",G,,,,20773,0.0,0.0,
AB109.CY6,,,AB109,G04,5,control,PCR Negative,"Respiratory Syncitial Virus, Human",G,,,,21699,0.0,0.0,
AB109.CZ14,,,AB109,H04,5,control,PCR Negative,Influenza Virus B,NEP/NS1,,,,22353,0.0,0.225110575556755,
AB109.CZ18,,,AB109,E04,5,control,PCR Negative,Influenza Virus B,NEP/NS1,,,,21335,0.0,0.0,
AB109.CZ2,,,AB109,D04,5,control,PCR Negative,Influenza Virus B,NEP/NS1,,,,20773,0.0,0.0605541728436947,
AB109.CZ24,,,AB109,F04,5,control,PCR Negative,Influenza Virus B,NEP/NS1,,,,21798,0.0,0.0,
AB109.CZ9,,,AB109,G04,5,control,PCR Negative,Influenza Virus B,NEP/NS1,,,,21699,0.0,0.0,
AB109.FA10,,,AB109,G04,5,control,PCR Negative,Influenza Virus A,M,,,,21699,0.0,0.115942627191544,
AB109.FA13,,,AB109,H04,5,control,PCR Negative,Influenza Virus A,M,,,,22353,0.0,0.0,
AB109.FA20,,,AB109,E04,5,control,PCR Negative,Influenza Virus A,M,,,,21335,0.0,0.176885411143303,
AB109.FA25,,,AB109,F04,5,control,PCR Negative,Influenza Virus A,M,,,,21798,0.0,0.115416035056114,
AB109.FA3,,,AB109,D04,5,control,PCR Negative,Influenza Virus A,M,,,,20773,0.0,0.121111266314983,
AB109.HE11,,,AB109,H04,5,control,PCR Negative,"Respiratory Syncitial Virus, Bovine",Other,,,,22353,0.0,0.0,
AB109.HE17,,,AB109,E04,5,control,PCR Negative,"Respiratory Syncitial Virus, Bovine",Other,,,,21335,0.0,0.058959037065506,
AB109.HE22,,,AB109,F04,5,control,PCR Negative,"Respiratory Syncitial Virus, Bovine",Other,,,,21798,0.0,0.0577066875994205,
AB109.HE5,,,AB109,D04,5,control,PCR Negative,"Respiratory Syncitial Virus, Bovine",Other,,,,20773,0.0,0.0,
AB109.HE7,,,AB109,G04,5,control,PCR Negative,"Respiratory Syncitial Virus, Bovine",Other,,,,21699,0.0,0.0,
AB109.RO1,,,AB109,D04,5,control,PCR Negative,SARS-CoV-2,SC2,,,,20773,0.0,0.0,
AB109.RO15,,,AB109,H04,5,control,PCR Negative,SARS-CoV-2,SC2,,,,22353,0.0,0.0,
AB109.RO19,,,AB109,E04,5,control,PCR Negative,SARS-CoV-2,SC2,,,,21335,0.0,0.0,
AB109.RO23,,,AB109,F04,5,control,PCR Negative,SARS-CoV-2,SC2,,,,21798,0.0,0.0,
AB109.RO8,,,AB109,G04,5,control,PCR Negative,SARS-CoV-2,SC2,,,,21699,0.0,0.0,
AB11.FA11,,,AB11,B04,5,control,PCR Positive,SARS-CoV-2,N1,LV-SARS_N,,,19171,0.0,943.776794433594,
AB11.FA2,,,AB11,H03,5,control,PCR Negative,SARS-CoV-2,N1,,,,19382,0.0,0.0649001151323318,
AB11.FA6,,,AB11,A04,5,control,PCR Negative,SARS-CoV-2,N1,,,,18425,0.0,0.136545985937119,
AB11.FA7,,,AB11,C04,5,control,PCR Negative,SARS-CoV-2,N1,,,,18612,0.0,0.0675851851701736,
AB11.FH1,,,AB11,H03,5,control,PCR Negative,SARS-CoV-2,N2,,,,19382,0.0,0.0,
AB11.FH10,,,AB11,B04,5,control,PCR Positive,SARS-CoV-2,N2,LV-SARS_N,,,19171,0.0,1010.10412597656,
AB11.FH4,,,AB11,A04,5,control,PCR Negative,SARS-CoV-2,N2,,,,18425,0.0,0.136545985937119,
AB11.FH9,,,AB11,C04,5,control,PCR Negative,SARS-CoV-2,N2,,,,18612,0.0,0.135173991322517,
AB11.HE3,,,AB11,H03,5,control,PCR Negative,Human,RNase P,,,,19382,0.0,0.0,
AB11.HE5,,,AB11,A04,5,control,PCR Negative,Human,RNase P,,,,18425,0.0,0.0,
AB11.HE8,,,AB11,C04,5,control,PCR Negative,Human,RNase P,,,,18612,0.0,0.0,
AB110.CY3,,,AB110,D04,5,control,PCR Negative,"Respiratory Syncitial Virus, Human",G,,,,21620,0.0,0.0,
AB110.CZ2,,,AB110,D04,5,control,PCR Negative,Influenza Virus B,NEP/NS1,,,,21620,0.0,0.116366311907768,
AB110.FA5,,,AB110,D04,5,control,PCR Negative,Influenza Virus A,M,,,,21620,0.0,0.174553498625755,
AB110.HE4,,,AB110,D04,5,control,PCR Negative,"Respiratory Syncitial Virus, Bovine",Other,,,,21620,0.0,0.0,
AB110.RO1,,,AB110,D04,5,control,PCR Negative,SARS-CoV-2,SC2,,,,21620,0.0,0.0,
AB111.CY1,,,AB111,F04,5,control,PCR Negative,"Respiratory Syncitial Virus, Human",G,,,,20459,0.0,0.0,
AB111.CY10,,,AB111,E04,5,control,PCR Negative,"Respiratory Syncitial Virus, Human",G,,,,20990,0.0,0.0,
AB111.CY15,,,AB111,G04,5,control,PCR Negative,"Respiratory Syncitial Virus, Human",G,,,,21037,0.0,0.0,
AB111.CY18,,,AB111,H04,5,control,PCR Negative,"Respiratory Syncitial Virus, Human",G,,,,21196,0.0,0.0,
AB111.CZ12,,,AB111,G04,5,control,PCR Negative,Influenza Virus B,NEP/NS1,,,,21037,0.0,0.0,
AB111.CZ17,,,AB111,H04,5,control,PCR Negative,Influenza Virus B,NEP/NS1,,,,21196,0.0,0.0,
AB111.CZ5,,,AB111,F04,5,control,PCR Negative,Influenza Virus B,NEP/NS1,,,,20459,0.0,0.0614835694432259,
AB111.CZ6,,,AB111,E04,5,control,PCR Negative,Influenza Virus B,NEP/NS1,,,,20990,0.0,0.119859129190445,
AB111.FA14,,,AB111,G04,5,control,PCR Negative,Influenza Virus A,M,,,,21037,0.0,0.0597942434251308,
AB111.FA19,,,AB111,H04,5,control,PCR Negative,Influenza Virus A,M,,,,21196,0.0,0.0,
AB111.FA2,,,AB111,F04,5,control,PCR Negative,Influenza Virus A,M,,,,20459,0.0,0.245952308177948,
AB111.FA9,,,AB111,E04,5,control,PCR Negative,Influenza Virus A,M,,,,20990,0.0,0.239729672670364,
AB111.HE13,,,AB111,G04,5,control,PCR Negative,"Respiratory Syncitial Virus, Bovine",Other,,,,21037,0.0,0.0,
AB111.HE20,,,AB111,H04,5,control,PCR Negative,"Respiratory Syncitial Virus, Bovine",Other,,,,21196,0.0,0.0,
AB111.HE3,,,AB111,F04,5,control,PCR Negative,"Respiratory Syncitial Virus, Bovine",Other,,,,20459,0.0,0.0,
AB111.HE8,,,AB111,E04,5,control,PCR Negative,"Respiratory Syncitial Virus, Bovine",Other,,,,20990,0.0,0.0,
AB111.RO11,,,AB111,G04,5,control,PCR Negative,SARS-CoV-2,SC2,,,,21037,0.0,0.0,
AB111.RO16,,,AB111,H04,5,control,PCR Negative,SARS-CoV-2,SC2,,,,21196,0.0,0.0,
AB111.RO4,,,AB111,F04,5,control,PCR Negative,SARS-CoV-2,SC2,,,,20459,0.0,0.0,
AB111.RO7,,,AB111,E04,5,control,PCR Negative,SARS-CoV-2,SC2,,,,20990,0.0,0.0,
AB114.CY13,,,AB114,G04,5,control,PCR Negative,"Respiratory Syncitial Virus, Human",G,,,,13503,0.0,0.0,
AB114.CY16,,,AB114,E04,5,control,PCR Negative,"Respiratory Syncitial Virus, Human",G,,,,16688,0.0,0.0,
AB114.CY3,,,AB114,F04,5,control,PCR Negative,"Respiratory Syncitial Virus, Human",G,,,,15406,0.0,0.0,
AB114.CY6,,,AB114,H04,5,control,PCR Negative,"Respiratory Syncitial Virus, Human",G,,,,15996,0.0,0.0,
AB114.CZ14,,,AB114,G04,5,control,PCR Negative,Influenza Virus B,NEP/NS1,,,,13503,0.0,0.0,
AB114.CZ17,,,AB114,E04,5,control,PCR Negative,Influenza Virus B,NEP/NS1,,,,16688,0.0,0.0,
AB114.CZ2,,,AB114,F04,5,control,PCR Negative,Influenza Virus B,NEP/NS1,,,,15406,0.0,0.0,
AB114.CZ7,,,AB114,H04,5,control,PCR Negative,Influenza Virus B,NEP/NS1,,,,15996,0.0,0.0,
AB114.FA10,,,AB114,H04,5,control,PCR Negative,Influenza Virus A,M,,,,15996,0.0,0.0,
AB114.FA11,,,AB114,G04,5,control,PCR Negative,Influenza Virus A,M,,,,13503,0.0,0.0,
AB114.FA20,,,AB114,E04,5,control,PCR Negative,Influenza Virus A,M,,,,16688,0.0,0.0,
AB114.FA5,,,AB114,F04,5,control,PCR Negative,Influenza Virus A,M,,,,15406,0.0,0.0,
AB114.HE1,,,AB114,F04,5,control,PCR Negative,"Respiratory Syncitial Virus, Bovine",Other,,,,15406,0.0,0.0,
AB114.HE15,,,AB114,G04,5,control,PCR Negative,"Respiratory Syncitial Virus, Bovine",Other,,,,13503,0.0,0.0,
AB114.HE18,,,AB114,E04,5,control,PCR Negative,"Respiratory Syncitial Virus, Bovine",Other,,,,16688,0.0,0.0,
AB114.HE8,,,AB114,H04,5,control,PCR Negative,"Respiratory Syncitial Virus, Bovine",Other,,,,15996,0.0,0.0,
AB114.RO12,,,AB114,G04,5,control,PCR Negative,SARS-CoV-2,SC2,,,,13503,0.0,0.0,
AB114.RO19,,,AB114,E04,5,control,PCR Negative,SARS-CoV-2,SC2,,,,16688,0.0,0.0,
AB114.RO4,,,AB114,F04,5,control,PCR Negative,SARS-CoV-2,SC2,,,,15406,0.0,0.0,
AB114.RO9,,,AB114,H04,5,control,PCR Negative,SARS-CoV-2,SC2,,,,15996,0.0,0.0,
AB115.CY14,,,AB115,E04,5,control,PCR Negative,"Respiratory Syncitial Virus, Human",G,,,,20851,0.0,0.0,
AB115.CY17,,,AB115,G04,5,control,PCR Negative,"Respiratory Syncitial Virus, Human",G,,,,20804,0.0,0.0,
AB115.CY4,,,AB115,F04,5,control,PCR Negative,"Respiratory Syncitial Virus, Human",G,,,,20234,0.0,0.0,
AB115.CY9,,,AB115,H04,5,control,PCR Negative,"Respiratory Syncitial Virus, Human",G,,,,21306,0.0,0.0,
AB115.CZ13,,,AB115,E04,5,control,PCR Negative,Influenza Virus B,NEP/NS1,,,,20851,0.0,0.0,
AB115.CZ18,,,AB115,G04,5,control,PCR Negative,Influenza Virus B,NEP/NS1,,,,20804,0.0,0.0,
AB115.CZ5,,,AB115,F04,5,control,PCR Negative,Influenza Virus B,NEP/NS1,,,,20234,0.0,0.0,
AB115.CZ8,,,AB115,H04,5,control,PCR Negative,Influenza Virus B,NEP/NS1,,,,21306,0.0,0.0,
AB115.FA11,,,AB115,E04,5,control,PCR Negative,Influenza Virus A,M,,,,20851,0.0,0.0,
AB115.FA16,,,AB115,G04,5,control,PCR Negative,Influenza Virus A,M,,,,20804,0.0,0.0,
AB115.FA2,,,AB115,F04,5,control,PCR Negative,Influenza Virus A,M,,,,20234,0.0,0.0,
AB115.FA7,,,AB115,H04,5,control,PCR Negative,Influenza Virus A,M,,,,21306,0.0,0.0,
AB115.HE10,,,AB115,H04,5,control,PCR Negative,"Respiratory Syncitial Virus, Bovine",Other,,,,21306,0.0,0.0,
AB115.HE12,,,AB115,E04,5,control,PCR Negative,"Respiratory Syncitial Virus, Bovine",Other,,,,20851,0.0,0.0,
AB115.HE19,,,AB115,G04,5,control,PCR Negative,"Respiratory Syncitial Virus, Bovine",Other,,,,20804,0.0,0.0,
AB115.HE3,,,AB115,F04,5,control,PCR Negative,"Respiratory Syncitial Virus, Bovine",Other,,,,20234,0.0,0.0,
AB115.RO1,,,AB115,F04,5,control,PCR Negative,SARS-CoV-2,SC2,,,,20234,0.0,0.0,
AB115.RO15,,,AB115,E04,5,control,PCR Negative,SARS-CoV-2,SC2,,,,20851,0.0,0.0,
AB115.RO20,,,AB115,G04,5,control,PCR Negative,SARS-CoV-2,SC2,,,,20804,0.0,0.0,
AB115.RO6,,,AB115,H04,5,control,PCR Negative,SARS-CoV-2,SC2,,,,21306,0.0,0.0,
AB116.CY4,,,AB116,H04,5,control,PCR Negative,"Respiratory Syncitial Virus, Human",G,,,,20484,0.0,0.0,
AB116.CY6,,,AB116,G04,5,control,PCR Negative,"Respiratory Syncitial Virus, Human",G,,,,20704,0.0,0.0,
AB116.CZ1,,,AB116,H04,5,control,PCR Negative,Influenza Virus B,NEP/NS1,,,,20484,0.0,0.0,
AB116.CZ8,,,AB116,G04,5,control,PCR Negative,Influenza Virus B,NEP/NS1,,,,20704,0.0,0.0,
AB116.FA5,,,AB116,H04,5,control,PCR Negative,Influenza Virus A,M,,,,20484,0.0,0.0,
AB116.FA7,,,AB116,G04,5,control,PCR Negative,Influenza Virus A,M,,,,20704,0.0,0.0,
AB116.HE2,,,AB116,H04,5,control,PCR Negative,"Respiratory Syncitial Virus, Bovine",Other,,,,20484,0.0,0.0,
AB116.HE9,,,AB116,G04,5,control,PCR Negative,"Respiratory Syncitial Virus, Bovine",Other,,,,20704,0.0,0.0,
AB116.RO10,,,AB116,G04,5,control,PCR Negative,SARS-CoV-2,SC2,,,,20704,0.0,0.0,
AB116.RO3,,,AB116,H04,5,control,PCR Negative,SARS-CoV-2,SC2,,,,20484,0.0,0.0,
AB117.CY14,,,AB117,G04,5,control,PCR Negative,"Respiratory Syncitial Virus, Human",G,,,,22037,0.0,0.0,
AB117.CY4,,,AB117,F04,5,control,PCR Negative,"Respiratory Syncitial Virus, Human",G,,,,20515,0.0,0.0,
AB117.CY8,,,AB117,H04,5,control,PCR Negative,"Respiratory Syncitial Virus, Human",G,,,,21379,0.0,0.0,
AB117.CZ11,,,AB117,G04,5,control,PCR Negative,Influenza Virus B,NEP/NS1,,,,22037,0.0,0.0,
AB117.CZ2,,,AB117,F04,5,control,PCR Negative,Influenza Virus B,NEP/NS1,,,,20515,0.0,0.0,
AB117.CZ6,,,AB117,H04,5,control,PCR Negative,Influenza Virus B,NEP/NS1,,,,21379,0.0,0.0,
AB117.FA1,,,AB117,F04,5,control,PCR Negative,Influenza Virus A,M,,,,20515,0.0,0.0,
AB117.FA12,,,AB117,G04,5,control,PCR Negative,Influenza Virus A,M,,,,22037,0.0,0.0,
AB117.FA7,,,AB117,H04,5,control,PCR Negative,Influenza Virus A,M,,,,21379,0.0,0.0,
AB117.HE13,,,AB117,G04,5,control,PCR Negative,"Respiratory Syncitial Virus, Bovine",Other,,,,22037,0.0,0.0,
AB117.HE3,,,AB117,F04,5,control,PCR Negative,"Respiratory Syncitial Virus, Bovine",Other,,,,20515,0.0,0.0,
AB117.HE9,,,AB117,H04,5,control,PCR Negative,"Respiratory Syncitial Virus, Bovine",Other,,,,21379,0.0,0.0,
AB117.RO10,,,AB117,H04,5,control,PCR Negative,SARS-CoV-2,SC2,,,,21379,0.0,0.0,
AB117.RO15,,,AB117,G04,5,control,PCR Negative,SARS-CoV-2,SC2,,,,22037,0.0,0.0,
AB117.RO5,,,AB117,F04,5,control,PCR Negative,SARS-CoV-2,SC2,,,,20515,0.0,0.0613157339394093,
AB118.CY12,,,AB118,H04,5,control,PCR Negative,"Respiratory Syncitial Virus, Human",G,,,,19464,0.0,0.0,
AB118.CY19,,,AB118,E04,5,control,PCR Negative,"Respiratory Syncitial Virus, Human",G,,,,21177,0.0,0.0,
AB118.CY2,,,AB118,D04,5,control,PCR Negative,"Respiratory Syncitial Virus, Human",G,,,,21217,0.0,0.0,
AB118.CY21,,,AB118,F04,5,control,PCR Negative,"Respiratory Syncitial Virus, Human",G,,,,21854,0.0,0.0575588196516037,
AB118.CY7,,,AB118,G04,5,control,PCR Negative,"Respiratory Syncitial Virus, Human",G,,,,20116,0.0,0.0625319555401802,
AB118.CZ1,,,AB118,D04,5,control,PCR Negative,Influenza Virus B,NEP/NS1,,,,21217,0.0,0.533683180809021,
AB118.CZ11,,,AB118,H04,5,control,PCR Negative,Influenza Virus B,NEP/NS1,,,,19464,0.0,0.0,
AB118.CZ20,,,AB118,E04,5,control,PCR Negative,Influenza Virus B,NEP/NS1,,,,21177,0.0,0.653542637825012,
AB118.CZ25,,,AB118,F04,5,control,PCR Negative,Influenza Virus B,NEP/NS1,,,,21854,0.0,0.402967065572739,
AB118.CZ6,,,AB118,G04,5,control,PCR Negative,Influenza Virus B,NEP/NS1,,,,20116,0.0,0.500342726707458,
AB118.FA10,,,AB118,G04,5,control,PCR Negative,Influenza Virus A,M,,,,20116,0.0,1.18863916397095,
AB118.FA14,,,AB118,H04,5,control,PCR Negative,Influenza Virus A,M,,,,19464,0.0,0.0,
AB118.FA16,,,AB118,E04,5,control,PCR Negative,Influenza Virus A,M,,,,21177,0.0,1.30742502212524,
AB118.FA23,,,AB118,F04,5,control,PCR Negative,Influenza Virus A,M,,,,21854,0.0,0.978858292102814,
AB118.FA3,,,AB118,D04,5,control,PCR Negative,Influenza Virus A,M,,,,21217,0.0,0.711627900600433,
AB118.HE13,,,AB118,H04,5,control,PCR Negative,"Respiratory Syncitial Virus, Bovine",Other,,,,19464,0.0,0.0,
AB118.HE17,,,AB118,E04,5,control,PCR Negative,"Respiratory Syncitial Virus, Bovine",Other,,,,21177,0.0,0.178205221891403,
AB118.HE22,,,AB118,F04,5,control,PCR Negative,"Respiratory Syncitial Virus, Bovine",Other,,,,21854,0.0,0.345392435789108,
AB118.HE5,,,AB118,D04,5,control,PCR Negative,"Respiratory Syncitial Virus, Bovine",Other,,,,21217,0.0,0.118576698005199,
AB118.HE8,,,AB118,G04,5,control,PCR Negative,"Respiratory Syncitial Virus, Bovine",Other,,,,20116,0.0,0.187605202198029,
AB118.RO15,,,AB118,H04,5,control,PCR Negative,SARS-CoV-2,SC2,,,,19464,0.0,0.0,
AB118.RO18,,,AB118,E04,5,control,PCR Negative,SARS-CoV-2,SC2,,,,21177,0.0,0.118800677359104,
AB118.RO24,,,AB118,F04,5,control,PCR Negative,SARS-CoV-2,SC2,,,,21854,0.0,0.0,
AB118.RO4,,,AB118,D04,5,control,PCR Negative,SARS-CoV-2,SC2,,,,21217,0.0,0.118576698005199,
AB118.RO9,,,AB118,G04,5,control,PCR Negative,SARS-CoV-2,SC2,,,,20116,0.0,0.0625319555401802,
AB119.CY5,,,AB119,H04,5,control,PCR Negative,"Respiratory Syncitial Virus, Human",G,,,,20504,0.0,0.0,
AB119.CZ1,,,AB119,H04,5,control,PCR Negative,Influenza Virus B,NEP/NS1,,,,20504,0.0,0.0,
AB119.FA4,,,AB119,H04,5,control,PCR Negative,Influenza Virus A,M,,,,20504,0.0,0.184054866433144,
AB119.HE2,,,AB119,H04,5,control,PCR Negative,"Respiratory Syncitial Virus, Bovine",Other,,,,20504,0.0,0.0,
AB119.RO3,,,AB119,H04,5,control,PCR Negative,SARS-CoV-2,SC2,,,,20504,0.0,0.122700244188309,
AB12.FA1,,,AB12,B09,5,control,PCR Positive,"Respiratory Syncitial Virus, Human",G,GBlock,,,17590,0.0,3.79575347900391,
AB12.FA2,,,AB12,C09,5,control,PCR Negative,"Respiratory Syncitial Virus, Human",G,,,,18098,0.0,0.0,
AB12.FA3,,,AB12,A09,5,control,PCR Negative,"Respiratory Syncitial Virus, Human",G,,,,18187,0.0,0.0,
AB12.FA4,,,AB12,D09,5,control,PCR Negative,"Respiratory Syncitial Virus, Human",G,,,,18922,0.0,0.0,
AB121.CY4,,,AB121,B05,5,control,PCR Negative,"Respiratory Syncitial Virus, Human",G,,,,21595,0.0,0.0,
AB121.CY9,,,AB121,A05,5,control,PCR Negative,"Respiratory Syncitial Virus, Human",G,,,,21183,0.0,0.0,
AB121.CZ3,,,AB121,B05,5,control,PCR Negative,Influenza Virus B,NEP/NS1,,,,21595,0.0,0.116501025855541,
AB121.CZ8,,,AB121,A05,5,control,PCR Negative,Influenza Virus B,NEP/NS1,,,,21183,0.0,0.118767030537128,
AB121.FA1,,,AB121,B05,5,control,PCR Negative,Influenza Virus A,M,,,,21595,0.0,6.48218107223511,
AB121.FA6,,,AB121,A05,5,control,PCR Negative,Influenza Virus A,M,,,,21183,0.0,2.79399442672729,
AB121.HE2,,,AB121,B05,5,control,PCR Negative,"Respiratory Syncitial Virus, Bovine",Other,,,,21595,0.0,0.116501025855541,
AB121.HE7,,,AB121,A05,5,control,PCR Negative,"Respiratory Syncitial Virus, Bovine",Other,,,,21183,0.0,0.059382114559412,
AB121.RO10,,,AB121,A05,5,control,PCR Negative,SARS-CoV-2,SC2,,,,21183,0.0,0.059382114559412,
AB121.RO5,,,AB121,B05,5,control,PCR Negative,SARS-CoV-2,SC2,,,,21595,0.0,0.0,
AB122.CY10,,,AB122,D04,5,control,PCR Negative,"Respiratory Syncitial Virus, Human",G,,,,21981,0.0,0.0,
AB122.CY12,,,AB122,C04,5,control,PCR Negative,"Respiratory Syncitial Virus, Human",G,,,,22055,0.0,0.0,
AB122.CY4,,,AB122,B04,5,control,PCR Negative,"Respiratory Syncitial Virus, Human",G,,,,21822,0.0,0.0,
AB122.CZ14,,,AB122,C04,5,control,PCR Negative,Influenza Virus B,NEP/NS1,,,,22055,0.0,0.114071063697338,
AB122.CZ2,,,AB122,B04,5,control,PCR Negative,Influenza Virus B,NEP/NS1,,,,21822,0.0,0.057643223553896,
AB122.CZ7,,,AB122,D04,5,control,PCR Negative,Influenza Virus B,NEP/NS1,,,,21981,0.0,0.0,
AB122.FA11,,,AB122,C04,5,control,PCR Negative,Influenza Virus A,M,,,,22055,0.0,0.0570342391729355,
AB122.FA3,,,AB122,B04,5,control,PCR Negative,Influenza Virus A,M,,,,21822,0.0,0.0,
AB122.FA8,,,AB122,D04,5,control,PCR Negative,Influenza Virus A,M,,,,21981,0.0,0.0,
AB122.HE1,,,AB122,B04,5,control,PCR Negative,"Respiratory Syncitial Virus, Bovine",Other,,,,21822,0.0,0.0,
AB122.HE15,,,AB122,C04,5,control,PCR Negative,"Respiratory Syncitial Virus, Bovine",Other,,,,22055,0.0,0.0,
AB122.HE6,,,AB122,D04,5,control,PCR Negative,"Respiratory Syncitial Virus, Bovine",Other,,,,21981,0.0,0.0,
AB122.RO13,,,AB122,C04,5,control,PCR Negative,SARS-CoV-2,SC2,,,,22055,0.0,0.0,
AB122.RO5,,,AB122,B04,5,control,PCR Negative,SARS-CoV-2,SC2,,,,21822,0.0,0.0,
AB122.RO9,,,AB122,D04,5,control,PCR Negative,SARS-CoV-2,SC2,,,,21981,0.0,0.0,
AB124.CY13,,,AB124,E05,5,control,PCR Negative,"Respiratory Syncitial Virus, Human",G,,,,21353,0.0,0.0,
AB124.CY16,,,AB124,H05,5,control,PCR Negative,"Respiratory Syncitial Virus, Human",G,,,,17683,0.0,0.0,
AB124.CY2,,,AB124,C05,5,control,PCR Negative,"Respiratory Syncitial Virus, Human",G,,,,20944,0.0,0.0,
AB124.CY21,,,AB124,G05,5,control,PCR Negative,"Respiratory Syncitial Virus, Human",G,,,,19433,0.0,0.0,
AB124.CY29,,,AB124,D05,5,control,PCR Negative,"Respiratory Syncitial Virus, Human",G,,,,18923,0.0,0.0,
AB124.CY34,,,AB124,B05,5,control,PCR Negative,"Respiratory Syncitial Virus, Human",G,,,,22264,0.0,0.0,
AB124.CY6,,,AB124,F05,5,control,PCR Negative,"Respiratory Syncitial Virus, Human",G,,,,22804,0.0,0.0,
AB124.CZ10,,,AB124,F05,5,control,PCR Negative,Influenza Virus B,NEP/NS1,,,,22804,0.0,0.0,
AB124.CZ12,,,AB124,E05,5,control,PCR Negative,Influenza Virus B,NEP/NS1,,,,21353,0.0,0.0,
AB124.CZ20,,,AB124,H05,5,control,PCR Negative,Influenza Virus B,NEP/NS1,,,,17683,0.0,0.0,
AB124.CZ25,,,AB124,G05,5,control,PCR Negative,Influenza Virus B,NEP/NS1,,,,19433,0.0,0.0,
AB124.CZ26,,,AB124,D05,5,control,PCR Negative,Influenza Virus B,NEP/NS1,,,,18923,0.0,0.0,
AB124.CZ32,,,AB124,B05,5,control,PCR Negative,Influenza Virus B,NEP/NS1,,,,22264,0.0,0.0,
AB124.CZ4,,,AB124,C05,5,control,PCR Negative,Influenza Virus B,NEP/NS1,,,,20944,0.0,0.0,
AB124.FA11,,,AB124,E05,5,control,PCR Negative,Influenza Virus A,M,,,,21353,0.0,0.0,
AB124.FA19,,,AB124,H05,5,control,PCR Negative,Influenza Virus A,M,,,,17683,0.0,0.0,
AB124.FA24,,,AB124,G05,5,control,PCR Negative,Influenza Virus A,M,,,,19433,0.0,0.0,
AB124.FA27,,,AB124,D05,5,control,PCR Negative,Influenza Virus A,M,,,,18923,0.0,0.0,
AB124.FA31,,,AB124,B05,5,control,PCR Negative,Influenza Virus A,M,,,,22264,0.0,0.0,
AB124.FA5,,,AB124,C05,5,control,PCR Negative,Influenza Virus A,M,,,,20944,0.0,0.0,
AB124.FA9,,,AB124,F05,5,control,PCR Negative,Influenza Virus A,M,,,,22804,0.0,0.0,
AB124.HE14,,,AB124,E05,5,control,PCR Negative,"Respiratory Syncitial Virus, Bovine",Other,,,,21353,0.0,0.0,
AB124.HE17,,,AB124,H05,5,control,PCR Negative,"Respiratory Syncitial Virus, Bovine",Other,,,,17683,0.0,0.0,
AB124.HE22,,,AB124,G05,5,control,PCR Negative,"Respiratory Syncitial Virus, Bovine",Other,,,,19433,0.0,0.129462897777557,
AB124.HE3,,,AB124,C05,5,control,PCR Negative,"Respiratory Syncitial Virus, Bovine",Other,,,,20944,0.0,0.0,
AB124.HE30,,,AB124,D05,5,control,PCR Negative,"Respiratory Syncitial Virus, Bovine",Other,,,,18923,0.0,0.0,
AB124.HE33,,,AB124,B05,5,control,PCR Negative,"Respiratory Syncitial Virus, Bovine",Other,,,,22264,0.0,0.0,
AB124.HE7,,,AB124,F05,5,control,PCR Negative,"Respiratory Syncitial Virus, Bovine",Other,,,,22804,0.0,0.0,
AB124.RO1,,,AB124,C05,5,control,PCR Negative,SARS-CoV-2,SC2,,,,20944,0.0,0.0,
AB124.RO15,,,AB124,E05,5,control,PCR Negative,SARS-CoV-2,SC2,,,,21353,0.0,0.0589093379676342,
AB124.RO18,,,AB124,H05,5,control,PCR Negative,SARS-CoV-2,SC2,,,,17683,0.0,0.0,
AB124.RO23,,,AB124,G05,5,control,PCR Negative,SARS-CoV-2,SC2,,,,19433,0.0,0.0,
AB124.RO28,,,AB124,D05,5,control,PCR Negative,SARS-CoV-2,SC2,,,,18923,0.0,0.0,
AB124.RO35,,,AB124,B05,5,control,PCR Negative,SARS-CoV-2,SC2,,,,22264,0.0,0.0,
AB124.RO8,,,AB124,F05,5,control,PCR Negative,SARS-CoV-2,SC2,,,,22804,0.0,0.0,
AB125.CY5,,,AB125,F04,5,control,PCR Negative,"Respiratory Syncitial Virus, Human",G,,,,20459,0.0,0.0,
AB125.CY7,,,AB125,E04,5,control,PCR Negative,"Respiratory Syncitial Virus, Human",G,,,,20661,0.0,0.0,
AB125.CZ3,,,AB125,F04,5,control,PCR Negative,Influenza Virus B,NEP/NS1,,,,20459,0.0,0.738001227378845,
AB125.CZ9,,,AB125,E04,5,control,PCR Negative,Influenza Virus B,NEP/NS1,,,,20661,0.0,0.365338832139969,
AB125.FA1,,,AB125,F04,5,control,PCR Negative,Influenza Virus A,M,,,,20459,0.0,1.04562962055206,
AB125.FA10,,,AB125,E04,5,control,PCR Negative,Influenza Virus A,M,,,,20661,0.0,0.730783820152283,
AB125.HE4,,,AB125,F04,5,control,PCR Negative,"Respiratory Syncitial Virus, Bovine",Other,,,,20459,0.0,0.0,
AB125.HE6,,,AB125,E04,5,control,PCR Negative,"Respiratory Syncitial Virus, Bovine",Other,,,,20661,0.0,0.0,
AB125.RO2,,,AB125,F04,5,control,PCR Negative,SARS-CoV-2,SC2,,,,20459,0.0,0.0,
AB125.RO8,,,AB125,E04,5,control,PCR Negative,SARS-CoV-2,SC2,,,,20661,0.0,0.0,
AB126.CY10,,,AB126,G03,5,control,PCR Negative,"Respiratory Syncitial Virus, Human",G,,,,21738,0.0,0.0578659735620022,
AB126.CY5,,,AB126,H03,5,control,PCR Negative,"Respiratory Syncitial Virus, Human",G,,,,21869,0.0,0.0,
AB126.CZ4,,,AB126,H03,5,control,PCR Negative,Influenza Virus B,NEP/NS1,,,,21869,0.0,0.0575193352997303,
AB126.CZ9,,,AB126,G03,5,control,PCR Negative,Influenza Virus B,NEP/NS1,,,,21738,0.0,0.0,
AB126.FA3,,,AB126,H03,5,control,PCR Negative,Influenza Virus A,M,,,,21869,0.0,0.0,
AB126.FA8,,,AB126,G03,5,control,PCR Negative,Influenza Virus A,M,,,,21738,0.0,0.0,
AB126.HE2,,,AB126,H03,5,control,PCR Negative,"Respiratory Syncitial Virus, Bovine",Other,,,,21869,0.0,0.0,
AB126.HE7,,,AB126,G03,5,control,PCR Negative,"Respiratory Syncitial Virus, Bovine",Other,,,,21738,0.0,0.0,
AB126.RO1,,,AB126,H03,5,control,PCR Negative,SARS-CoV-2,SC2,,,,21869,0.0,0.0,
AB126.RO6,,,AB126,G03,5,control,PCR Negative,SARS-CoV-2,SC2,,,,21738,0.0,0.0578659735620022,
AB127.CY13,,,AB127,F04,5,control,PCR Negative,"Respiratory Syncitial Virus, Human",G,,,,21762,0.0,0.0,
AB127.CY3,,,AB127,G04,5,control,PCR Negative,"Respiratory Syncitial Virus, Human",G,,,,21795,0.0,0.0,
AB127.CY8,,,AB127,H04,5,control,PCR Negative,"Respiratory Syncitial Virus, Human",G,,,,21340,0.0,0.0,
AB127.CZ14,,,AB127,F04,5,control,PCR Negative,Influenza Virus B,NEP/NS1,,,,21762,0.0,0.0,
AB127.CZ2,,,AB127,G04,5,control,PCR Negative,Influenza Virus B,NEP/NS1,,,,21795,0.0,0.115431919693947,
AB127.CZ7,,,AB127,H04,5,control,PCR Negative,Influenza Virus B,NEP/NS1,,,,21340,0.0,0.0589452236890793,
AB127.FA10,,,AB127,H04,5,control,PCR Negative,Influenza Virus A,M,,,,21340,0.0,0.0,
AB127.FA12,,,AB127,F04,5,control,PCR Negative,Influenza Virus A,M,,,,21762,0.0,0.0,
AB127.FA4,,,AB127,G04,5,control,PCR Negative,Influenza Virus A,M,,,,21795,0.0,0.0577146336436272,
AB127.HE11,,,AB127,F04,5,control,PCR Negative,"Respiratory Syncitial Virus, Bovine",Other,,,,21762,0.0,0.0,
AB127.HE5,,,AB127,G04,5,control,PCR Negative,"Respiratory Syncitial Virus, Bovine",Other,,,,21795,0.0,0.0,
AB127.HE9,,,AB127,H04,5,control,PCR Negative,"Respiratory Syncitial Virus, Bovine",Other,,,,21340,0.0,0.0,
AB127.RO1,,,AB127,G04,5,control,PCR Negative,SARS-CoV-2,SC2,,,,21795,0.0,0.0,
AB127.RO15,,,AB127,F04,5,control,PCR Negative,SARS-CoV-2,SC2,,,,21762,0.0,0.0,
AB127.RO6,,,AB127,H04,5,control,PCR Negative,SARS-CoV-2,SC2,,,,21340,0.0,0.0,
AB128.CY12,,,AB128,D05,5,control,PCR Negative,"Respiratory Syncitial Virus, Human",G,,,,22053,0.0,0.0,
AB128.CY19,,,AB128,G05,5,control,PCR Negative,"Respiratory Syncitial Virus, Human",G,,,,21915,0.0,0.0,
AB128.CY24,,,AB128,B05,5,control,PCR Negative,"Respiratory Syncitial Virus, Human",G,,,,21477,0.0,0.0,
AB128.CY26,,,AB128,F05,5,control,PCR Negative,"Respiratory Syncitial Virus, Human",G,,,,22048,0.0,0.0,
AB128.CY31,,,AB128,C05,5,control,PCR Negative,"Respiratory Syncitial Virus, Human",G,,,,21696,0.0,0.0,
AB128.CY5,,,AB128,H05,5,control,PCR Negative,"Respiratory Syncitial Virus, Human",G,,,,21581,0.0,0.0,
AB128.CY6,,,AB128,E05,5,control,PCR Negative,"Respiratory Syncitial Virus, Human",G,,,,21706,0.0,0.0,
AB128.CZ10,,,AB128,E05,5,control,PCR Negative,Influenza Virus B,NEP/NS1,,,,21706,0.0,0.0,
AB128.CZ14,,,AB128,D05,5,control,PCR Negative,Influenza Virus B,NEP/NS1,,,,22053,0.0,0.0,
AB128.CZ17,,,AB128,G05,5,control,PCR Negative,Influenza Virus B,NEP/NS1,,,,21915,0.0,0.0,
AB128.CZ2,,,AB128,H05,5,control,PCR Negative,Influenza Virus B,NEP/NS1,,,,21581,0.0,0.0,
AB128.CZ22,,,AB128,B05,5,control,PCR Negative,Influenza Virus B,NEP/NS1,,,,21477,0.0,0.0,
AB128.CZ30,,,AB128,F05,5,control,PCR Negative,Influenza Virus B,NEP/NS1,,,,22048,0.0,0.0,
AB128.CZ34,,,AB128,C05,5,control,PCR Negative,Influenza Virus B,NEP/NS1,,,,21696,0.0,0.0,
AB128.FA1,,,AB128,H05,5,control,PCR Negative,Influenza Virus A,M,,,,21581,0.0,0.0,
AB128.FA13,,,AB128,D05,5,control,PCR Negative,Influenza Virus A,M,,,,22053,0.0,0.0,
AB128.FA18,,,AB128,G05,5,control,PCR Negative,Influenza Virus A,M,,,,21915,0.0,0.0,
AB128.FA23,,,AB128,B05,5,control,PCR Negative,Influenza Virus A,M,,,,21477,0.0,0.0,
AB128.FA29,,,AB128,F05,5,control,PCR Negative,Influenza Virus A,M,,,,22048,0.0,0.0,
AB128.FA35,,,AB128,C05,5,control,PCR Negative,Influenza Virus A,M,,,,21696,0.0,0.0,
AB128.FA9,,,AB128,E05,5,control,PCR Negative,Influenza Virus A,M,,,,21706,0.0,0.0,
AB128.HE15,,,AB128,D05,5,control,PCR Negative,"Respiratory Syncitial Virus, Bovine",Other,,,,22053,0.0,0.0,
AB128.HE16,,,AB128,G05,5,control,PCR Negative,"Respiratory Syncitial Virus, Bovine",Other,,,,21915,0.0,0.0,
AB128.HE21,,,AB128,B05,5,control,PCR Negative,"Respiratory Syncitial Virus, Bovine",Other,,,,21477,0.0,0.0,
AB128.HE28,,,AB128,F05,5,control,PCR Negative,"Respiratory Syncitial Virus, Bovine",Other,,,,22048,0.0,0.0,
AB128.HE3,,,AB128,H05,5,control,PCR Negative,"Respiratory Syncitial Virus, Bovine",Other,,,,21581,0.0,0.0,
AB128.HE33,,,AB128,C05,5,control,PCR Negative,"Respiratory Syncitial Virus, Bovine",Other,,,,21696,0.0,0.0,
AB128.HE8,,,AB128,E05,5,control,PCR Negative,"Respiratory Syncitial Virus, Bovine",Other,,,,21706,0.0,0.0,
AB128.RO11,,,AB128,D05,5,control,PCR Negative,SARS-CoV-2,SC2,,,,22053,0.0,0.0,
AB128.RO20,,,AB128,G05,5,control,PCR Negative,SARS-CoV-2,SC2,,,,21915,0.0,0.0,
AB128.RO25,,,AB128,B05,5,control,PCR Negative,SARS-CoV-2,SC2,,,,21477,0.0,0.0,
AB128.RO27,,,AB128,F05,5,control,PCR Negative,SARS-CoV-2,SC2,,,,22048,0.0,0.0,
AB128.RO32,,,AB128,C05,5,control,PCR Negative,SARS-CoV-2,SC2,,,,21696,0.0,0.0,
AB128.RO4,,,AB128,H05,5,control,PCR Negative,SARS-CoV-2,SC2,,,,21581,0.0,0.0,
AB128.RO7,,,AB128,E05,5,control,PCR Negative,SARS-CoV-2,SC2,,,,21706,0.0,0.0,
AB129.CY1,,,AB129,E04,5,control,PCR Negative,"Respiratory Syncitial Virus, Human",G,,,,21866,0.0,0.0,
AB129.CY12,,,AB129,H04,5,control,PCR Negative,"Respiratory Syncitial Virus, Human",G,,,,21211,0.0,0.0,
AB129.CY19,,,AB129,F04,5,control,PCR Negative,"Respiratory Syncitial Virus, Human",G,,,,22175,0.0,0.0,
AB129.CY9,,,AB129,G04,5,control,PCR Negative,"Respiratory Syncitial Virus, Human",G,,,,22214,0.0,0.0,
AB129.CZ13,,,AB129,H04,5,control,PCR Negative,Influenza Virus B,NEP/NS1,,,,21211,0.0,0.593163073062897,
AB129.CZ16,,,AB129,F04,5,control,PCR Negative,Influenza Virus B,NEP/NS1,,,,22175,0.0,0.85115259885788,
AB129.CZ4,,,AB129,E04,5,control,PCR Negative,Influenza Virus B,NEP/NS1,,,,21866,0.0,0.632944226264954,
AB129.CZ8,,,AB129,G04,5,control,PCR Negative,Influenza Virus B,NEP/NS1,,,,22214,0.0,0.906322062015533,
AB129.FA15,,,AB129,H04,5,control,PCR Negative,Influenza Virus A,M,,,,21211,0.0,0.0593037195503712,
AB129.FA18,,,AB129,F04,5,control,PCR Negative,Influenza Virus A,M,,,,22175,0.0,0.056725587695837,
AB129.FA2,,,AB129,E04,5,control,PCR Negative,Influenza Virus A,M,,,,21866,0.0,0.0,
AB129.FA6,,,AB129,G04,5,control,PCR Negative,Influenza Virus A,M,,,,22214,0.0,0.0566259995102882,
AB129.HE14,,,AB129,H04,5,control,PCR Negative,"Respiratory Syncitial Virus, Bovine",Other,,,,21211,0.0,0.0,
AB129.HE17,,,AB129,F04,5,control,PCR Negative,"Respiratory Syncitial Virus, Bovine",Other,,,,22175,0.0,0.0,
AB129.HE3,,,AB129,E04,5,control,PCR Negative,"Respiratory Syncitial Virus, Bovine",Other,,,,21866,0.0,0.0575272291898727,
AB129.HE7,,,AB129,G04,5,control,PCR Negative,"Respiratory Syncitial Virus, Bovine",Other,,,,22214,0.0,0.0,
AB129.RO10,,,AB129,G04,5,control,PCR Negative,SARS-CoV-2,SC2,,,,22214,0.0,0.0,
AB129.RO11,,,AB129,H04,5,control,PCR Negative,SARS-CoV-2,SC2,,,,21211,0.0,0.0,
AB129.RO20,,,AB129,F04,5,control,PCR Negative,SARS-CoV-2,SC2,,,,22175,0.0,0.0,
AB129.RO5,,,AB129,E04,5,control,PCR Negative,SARS-CoV-2,SC2,,,,21866,0.0,0.0,
AB13.FA3,,,AB13,C05,5,control,PCR Negative,SARS-CoV-2,N2,,,,16303,0.0,0.308658748865128,
AB13.FA5,,,AB13,E05,5,control,PCR Negative,SARS-CoV-2,N2,,,,21856,0.0,0.0,
AB13.FA7,,,AB13,A05,5,control,PCR Negative,SARS-CoV-2,N2,,,,18950,0.0,0.0663796737790108,
AB13.FA8,,,AB13,B05,5,control,PCR Positive,SARS-CoV-2,N2,LV-SARS_N,,,16754,0.0,1442.50048828125,
AB13.HE1,,,AB13,D05,5,control,PCR Positive,Influenza Virus A,M,GBlock,,,17161,0.0,135.864349365234,
AB13.HE2,,,AB13,C05,5,control,PCR Negative,Influenza Virus A,M,,,,16303,0.0,0.0,
AB13.HE4,,,AB13,E05,5,control,PCR Negative,Influenza Virus A,M,,,,21856,0.0,0.0,
AB13.HE6,,,AB13,A05,5,control,PCR Negative,Influenza Virus A,M,,,,18950,0.0,0.0,
AB130.CY11,,,AB130,H09,5,control,PCR Negative,"Respiratory Syncitial Virus, Human",G,,,,19958,0.0,0.0,
AB130.CY2,,,AB130,E09,5,control,PCR Negative,"Respiratory Syncitial Virus, Human",G,,,,20247,0.0,0.0,
AB130.CY20,,,AB130,D09,5,control,PCR Negative,"Respiratory Syncitial Virus, Human",G,,,,20331,0.0,0.0,
AB130.CY24,,,AB130,C09,5,control,PCR Negative,"Respiratory Syncitial Virus, Human",G,,,,20908,0.0,0.0,
AB130.CY27,,,AB130,F09,5,control,PCR Negative,"Respiratory Syncitial Virus, Human",G,,,,18319,0.0,0.0,
AB130.CY7,,,AB130,G09,5,control,PCR Negative,"Respiratory Syncitial Virus, Human",G,,,,20013,0.0,0.0,
AB130.CZ1,,,AB130,E09,5,control,PCR Negative,Influenza Virus B,NEP/NS1,,,,20247,0.0,0.0621273592114449,
AB130.CZ12,,,AB130,H09,5,control,PCR Negative,Influenza Virus B,NEP/NS1,,,,19958,0.0,0.0630270093679428,
AB130.CZ19,,,AB130,D09,5,control,PCR Negative,Influenza Virus B,NEP/NS1,,,,20331,0.0,0.123744376003742,
AB130.CZ25,,,AB130,C09,5,control,PCR Negative,Influenza Virus B,NEP/NS1,,,,20908,0.0,0.0,
AB130.CZ26,,,AB130,F09,5,control,PCR Negative,Influenza Virus B,NEP/NS1,,,,18319,0.0,0.0,
AB130.CZ6,,,AB130,G09,5,control,PCR Negative,Influenza Virus B,NEP/NS1,,,,20013,0.0,0.0628537982702255,
AB130.FA15,,,AB130,H09,5,control,PCR Negative,Influenza Virus A,M,,,,19958,0.0,0.126057177782059,
AB130.FA17,,,AB130,D09,5,control,PCR Negative,Influenza Virus A,M,,,,20331,0.0,0.0618706680834293,
AB130.FA22,,,AB130,C09,5,control,PCR Negative,Influenza Virus A,M,,,,20908,0.0,0.0,
AB130.FA29,,,AB130,F09,5,control,PCR Negative,Influenza Virus A,M,,,,18319,0.0,0.0,
AB130.FA3,,,AB130,E09,5,control,PCR Negative,Influenza Virus A,M,,,,20247,0.0,0.0,
AB130.FA9,,,AB130,G09,5,control,PCR Negative,Influenza Virus A,M,,,,20013,0.0,0.0,
AB130.HE10,,,AB130,G09,5,control,PCR Negative,"Respiratory Syncitial Virus, Bovine",Other,,,,20013,0.0,0.0,
AB130.HE13,,,AB130,H09,5,control,PCR Negative,"Respiratory Syncitial Virus, Bovine",Other,,,,19958,0.0,0.0,
AB130.HE18,,,AB130,D09,5,control,PCR Negative,"Respiratory Syncitial Virus, Bovine",Other,,,,20331,0.0,0.0618706680834293,
AB130.HE21,,,AB130,C09,5,control,PCR Negative,"Respiratory Syncitial Virus, Bovine",Other,,,,20908,0.0,0.0,
AB130.HE30,,,AB130,F09,5,control,PCR Negative,"Respiratory Syncitial Virus, Bovine",Other,,,,18319,0.0,0.0,
AB130.HE5,,,AB130,E09,5,control,PCR Negative,"Respiratory Syncitial Virus, Bovine",Other,,,,20247,0.0,0.0,
AB130.RO14,,,AB130,H09,5,control,PCR Negative,SARS-CoV-2,SC2,,,,19958,0.0,0.0,
AB130.RO16,,,AB130,D09,5,control,PCR Negative,SARS-CoV-2,SC2,,,,20331,0.0,0.0,
AB130.RO23,,,AB130,C09,5,control,PCR Negative,SARS-CoV-2,SC2,,,,20908,0.0,0.0,
AB130.RO28,,,AB130,F09,5,control,PCR Negative,SARS-CoV-2,SC2,,,,18319,0.0,0.0,
AB130.RO4,,,AB130,E09,5,control,PCR Negative,SARS-CoV-2,SC2,,,,20247,0.0,0.0,
AB130.RO8,,,AB130,G09,5,control,PCR Negative,SARS-CoV-2,SC2,,,,20013,0.0,0.0,
AB131.CY13,,,AB131,C05,5,control,PCR Negative,"Respiratory Syncitial Virus, Human",G,,,,1146,0.0,0.0,
AB131.CY20,,,AB131,D05,5,control,PCR Negative,"Respiratory Syncitial Virus, Human",G,,,,1184,0.0,0.0,
AB131.CY4,,,AB131,A05,5,control,PCR Negative,"Respiratory Syncitial Virus, Human",G,,,,1219,0.0,0.0,
AB131.CY7,,,AB131,B05,5,control,PCR Negative,"Respiratory Syncitial Virus, Human",G,,,,1140,0.0,0.0,
AB131.CZ12,,,AB131,C05,5,control,PCR Negative,Influenza Virus B,NEP/NS1,,,,1146,0.0,0.0,
AB131.CZ19,,,AB131,D05,5,control,PCR Negative,Influenza Virus B,NEP/NS1,,,,1184,0.0,0.0,
AB131.CZ3,,,AB131,A05,5,control,PCR Negative,Influenza Virus B,NEP/NS1,,,,1219,0.0,0.0,
AB131.CZ6,,,AB131,B05,5,control,PCR Negative,Influenza Virus B,NEP/NS1,,,,1140,0.0,0.0,
AB131.FA1,,,AB131,A05,5,control,PCR Negative,Influenza Virus A,M,,,,1219,0.0,0.0,
AB131.FA11,,,AB131,C05,5,control,PCR Negative,Influenza Virus A,M,,,,1146,0.0,0.0,
AB131.FA17,,,AB131,D05,5,control,PCR Negative,Influenza Virus A,M,,,,1184,0.0,0.0,
AB131.FA9,,,AB131,B05,5,control,PCR Negative,Influenza Virus A,M,,,,1140,0.0,0.0,
AB131.HE10,,,AB131,B05,5,control,PCR Negative,"Respiratory Syncitial Virus, Bovine",Other,,,,1140,0.0,0.0,
AB131.HE15,,,AB131,C05,5,control,PCR Negative,"Respiratory Syncitial Virus, Bovine",Other,,,,1146,0.0,0.0,
AB131.HE16,,,AB131,D05,5,control,PCR Negative,"Respiratory Syncitial Virus, Bovine",Other,,,,1184,0.0,0.0,
AB131.HE5,,,AB131,A05,5,control,PCR Negative,"Respiratory Syncitial Virus, Bovine",Other,,,,1219,0.0,0.0,
AB131.RO14,,,AB131,C05,5,control,PCR Negative,SARS-CoV-2,SC2,,,,1146,0.0,0.0,
AB131.RO18,,,AB131,D05,5,control,PCR Negative,SARS-CoV-2,SC2,,,,1184,0.0,0.0,
AB131.RO2,,,AB131,A05,5,control,PCR Negative,SARS-CoV-2,SC2,,,,1219,0.0,0.0,
AB131.RO8,,,AB131,B05,5,control,PCR Negative,SARS-CoV-2,SC2,,,,1140,0.0,0.0,
AB132.CY4,,,AB132,B02,5,control,PCR Negative,"Respiratory Syncitial Virus, Human",G,,,,20905,0.0,0.0,
AB132.CZ5,,,AB132,B02,5,control,PCR Negative,Influenza Virus B,NEP/NS1,,,,20905,0.0,0.0601718127727509,
AB132.FA1,,,AB132,B02,5,control,PCR Negative,Influenza Virus A,M,,,,20905,0.0,0.0601718127727509,
AB132.HE3,,,AB132,B02,5,control,PCR Negative,"Respiratory Syncitial Virus, Bovine",Other,,,,20905,0.0,4.94367265701294,
AB132.RO2,,,AB132,B02,5,control,PCR Negative,SARS-CoV-2,SC2,,,,20905,0.0,0.662048280239105,
AB133.CY3,,,AB133,H04,5,control,PCR Negative,"Respiratory Syncitial Virus, Human",G,,,,18092,0.0,0.0,
AB133.CZ2,,,AB133,H04,5,control,PCR Negative,Influenza Virus B,NEP/NS1,,,,18092,0.0,0.0,
AB133.FA4,,,AB133,H04,5,control,PCR Negative,Influenza Virus A,M,,,,18092,0.0,0.0,
AB133.HE1,,,AB133,H04,5,control,PCR Negative,"Respiratory Syncitial Virus, Bovine",Other,,,,18092,0.0,0.0,
AB133.RO5,,,AB133,H04,5,control,PCR Negative,SARS-CoV-2,SC2,,,,18092,0.0,0.0,
AB134.CY14,,,AB134,F04,5,control,PCR Negative,"Respiratory Syncitial Virus, Human",G,,,,19422,0.0,0.0,
AB134.CY19,,,AB134,H04,5,control,PCR Negative,"Respiratory Syncitial Virus, Human",G,,,,22212,0.0,0.0,
AB134.CY23,,,AB134,D04,5,control,PCR Negative,"Respiratory Syncitial Virus, Human",G,,,,21734,0.0,0.0,
AB134.CY4,,,AB134,E04,5,control,PCR Negative,"Respiratory Syncitial Virus, Human",G,,,,20302,0.0,0.0,
AB134.CY9,,,AB134,G04,5,control,PCR Negative,"Respiratory Syncitial Virus, Human",G,,,,21556,0.0,0.0,
AB134.CZ10,,,AB134,G04,5,control,PCR Negative,Influenza Virus B,NEP/NS1,,,,21556,0.0,0.233434453606606,
AB134.CZ15,,,AB134,F04,5,control,PCR Negative,Influenza Virus B,NEP/NS1,,,,19422,0.0,0.453435182571411,
AB134.CZ20,,,AB134,H04,5,control,PCR Negative,Influenza Virus B,NEP/NS1,,,,22212,0.0,0.283180981874466,
AB134.CZ21,,,AB134,D04,5,control,PCR Negative,Influenza Virus B,NEP/NS1,,,,21734,0.0,0.289409756660461,
AB134.CZ5,,,AB134,E04,5,control,PCR Negative,Influenza Virus B,NEP/NS1,,,,20302,0.0,0.309825748205185,
AB134.FA12,,,AB134,F04,5,control,PCR Negative,Influenza Virus A,M,,,,19422,0.0,0.323865592479706,
AB134.FA17,,,AB134,H04,5,control,PCR Negative,Influenza Virus A,M,,,,22212,0.0,0.169900953769684,
AB134.FA2,,,AB134,E04,5,control,PCR Negative,Influenza Virus A,M,,,,20302,0.0,0.123921148478985,
AB134.FA25,,,AB134,D04,5,control,PCR Negative,Influenza Virus A,M,,,,21734,0.0,0.289409756660461,
AB134.FA8,,,AB134,G04,5,control,PCR Negative,Influenza Virus A,M,,,,21556,0.0,0.233434453606606,
AB134.HE13,,,AB134,F04,5,control,PCR Negative,"Respiratory Syncitial Virus, Bovine",Unk,,,,19422,0.0,0.0,
AB134.HE18,,,AB134,H04,5,control,PCR Negative,"Respiratory Syncitial Virus, Bovine",Unk,,,,22212,0.0,0.0566310957074165,
AB134.HE24,,,AB134,D04,5,control,PCR Negative,"Respiratory Syncitial Virus, Bovine",Unk,,,,21734,0.0,0.0,
AB134.HE3,,,AB134,E04,5,control,PCR Negative,"Respiratory Syncitial Virus, Bovine",Unk,,,,20302,0.0,0.0,
AB134.HE7,,,AB134,G04,5,control,PCR Negative,"Respiratory Syncitial Virus, Bovine",Unk,,,,21556,0.0,0.0,
AB134.RO1,,,AB134,E04,5,control,PCR Negative,SARS-CoV-2,SC2,,,,20302,0.0,0.0,
AB134.RO11,,,AB134,F04,5,control,PCR Negative,SARS-CoV-2,SC2,,,,19422,0.0,0.0,
AB134.RO16,,,AB134,H04,5,control,PCR Negative,SARS-CoV-2,SC2,,,,22212,0.0,0.0,
AB134.RO22,,,AB134,D04,5,control,PCR Negative,SARS-CoV-2,SC2,,,,21734,0.0,0.0,
AB134.RO6,,,AB134,G04,5,control,PCR Negative,SARS-CoV-2,SC2,,,,21556,0.0,0.0,
AB135.CY15,,,AB135,B03,5,control,PCR Negative,"Respiratory Syncitial Virus, Human",G,,,,21012,0.0,0.0,
AB135.CY19,,,AB135,D03,5,control,PCR Negative,"Respiratory Syncitial Virus, Human",G,,,,21804,0.0,0.0,
AB135.CY4,,,AB135,C03,5,control,PCR Negative,"Respiratory Syncitial Virus, Human",G,,,,21185,0.0,0.0,
AB135.CY8,,,AB135,A03,5,control,PCR Negative,"Respiratory Syncitial Virus, Human",G,,,,21354,0.0,0.0,
AB135.CZ10,,,AB135,A03,5,control,PCR Negative,Influenza Virus B,NEP/NS1,,,,21354,0.0,0.0,
AB135.CZ11,,,AB135,B03,5,control,PCR Negative,Influenza Virus B,NEP/NS1,,,,21012,0.0,0.0,
AB135.CZ16,,,AB135,D03,5,control,PCR Negative,Influenza Virus B,NEP/NS1,,,,21804,0.0,0.0,
AB135.CZ2,,,AB135,C03,5,control,PCR Negative,Influenza Virus B,NEP/NS1,,,,21185,0.0,0.0,
AB135.FA14,,,AB135,B03,5,control,PCR Negative,Influenza Virus A,M,,,,21012,0.0,0.0,
AB135.FA20,,,AB135,D03,5,control,PCR Negative,Influenza Virus A,M,,,,21804,0.0,0.173080369830132,
AB135.FA5,,,AB135,C03,5,control,PCR Negative,Influenza Virus A,M,,,,21185,0.0,0.0593765079975128,
AB135.FA7,,,AB135,A03,5,control,PCR Negative,Influenza Virus A,M,,,,21354,0.0,0.058906577527523,
AB135.HE13,,,AB135,B03,5,control,PCR Negative,"Respiratory Syncitial Virus, Bovine",Unk,,,,21012,0.0,0.0,
AB135.HE18,,,AB135,D03,5,control,PCR Negative,"Respiratory Syncitial Virus, Bovine",Unk,,,,21804,0.0,0.0,
AB135.HE3,,,AB135,C03,5,control,PCR Negative,"Respiratory Syncitial Virus, Bovine",Unk,,,,21185,0.0,0.0,
AB135.HE6,,,AB135,A03,5,control,PCR Negative,"Respiratory Syncitial Virus, Bovine",Unk,,,,21354,0.0,0.0,
AB135.RO1,,,AB135,C03,5,control,PCR Negative,SARS-CoV-2,SC2,,,,21185,0.0,0.0,
AB135.RO12,,,AB135,B03,5,control,PCR Negative,SARS-CoV-2,SC2,,,,21012,0.0,0.0,
AB135.RO17,,,AB135,D03,5,control,PCR Negative,SARS-CoV-2,SC2,,,,21804,0.0,0.0,
AB135.RO9,,,AB135,A03,5,control,PCR Negative,SARS-CoV-2,SC2,,,,21354,0.0,0.0,
AB136.CY1,,,AB136,D07,5,control,PCR Negative,"Respiratory Syncitial Virus, Human",G,,,,20963,0.0,0.0,
AB136.CY10,,,AB136,B07,5,control,PCR Negative,"Respiratory Syncitial Virus, Human",G,,,,21142,0.0,0.0,
AB136.CY15,,,AB136,A07,5,control,PCR Negative,"Respiratory Syncitial Virus, Human",G,,,,20659,0.0,0.0,
AB136.CY16,,,AB136,C07,5,control,PCR Negative,"Respiratory Syncitial Virus, Human",G,,,,21530,0.0,0.0,
AB136.CY21,,,AB136,H04,5,control,PCR Positive,"Respiratory Syncitial Virus, Human",G,Oligomer,,,21374,0.0,32.6100730895996,
AB136.CZ11,,,AB136,A07,5,control,PCR Negative,Influenza Virus B,NEP/NS1,,,,20659,0.0,0.0608883313834667,
AB136.CZ20,,,AB136,C07,5,control,PCR Negative,Influenza Virus B,NEP/NS1,,,,21530,0.0,0.0584250278770924,
AB136.CZ25,,,AB136,H04,5,control,PCR Positive,Influenza Virus B,NEP/NS1,Oligomer,,,21374,0.0,22.6241283416748,
AB136.CZ3,,,AB136,D07,5,control,PCR Negative,Influenza Virus B,NEP/NS1,,,,20963,0.0,0.0,
AB136.CZ7,,,AB136,B07,5,control,PCR Negative,Influenza Virus B,NEP/NS1,,,,21142,0.0,0.0594972744584084,
AB136.FA12,,,AB136,A07,5,control,PCR Negative,Influenza Virus A,M,,,,20659,0.0,0.0,
AB136.FA19,,,AB136,C07,5,control,PCR Negative,Influenza Virus A,M,,,,21530,0.0,0.0,
AB136.FA2,,,AB136,D07,5,control,PCR Negative,Influenza Virus A,M,,,,20963,0.0,0.0600053258240223,
AB136.FA24,,,AB136,H04,5,control,PCR Positive,Influenza Virus A,M,Oligomer,,,21374,0.0,26.1041889190674,
AB136.FA6,,,AB136,B07,5,control,PCR Negative,Influenza Virus A,M,,,,21142,0.0,0.0594972744584084,
AB136.HE13,,,AB136,A07,5,control,PCR Negative,"Respiratory Syncitial Virus, Bovine",Unk,,,,20659,0.0,0.0608883313834667,
AB136.HE18,,,AB136,C07,5,control,PCR Negative,"Respiratory Syncitial Virus, Bovine",Unk,,,,21530,0.0,0.0,
AB136.HE22,,,AB136,H04,5,control,PCR Positive,"Respiratory Syncitial Virus, Bovine",Unk,Oligomer,,,21374,0.0,22.1448726654053,
AB136.HE5,,,AB136,D07,5,control,PCR Negative,"Respiratory Syncitial Virus, Bovine",Unk,,,,20963,0.0,0.0,
AB136.HE9,,,AB136,B07,5,control,PCR Negative,"Respiratory Syncitial Virus, Bovine",Unk,,,,21142,0.0,0.0,
AB136.RO14,,,AB136,A07,5,control,PCR Negative,SARS-CoV-2,SC2,,,,20659,0.0,0.0,
AB136.RO17,,,AB136,C07,5,control,PCR Negative,SARS-CoV-2,SC2,,,,21530,0.0,0.0,
AB136.RO23,,,AB136,H04,5,control,PCR Positive,SARS-CoV-2,SC2,Oligomer,,,21374,0.0,22.684045791626,
AB136.RO4,,,AB136,D07,5,control,PCR Negative,SARS-CoV-2,SC2,,,,20963,0.0,0.0,
AB136.RO8,,,AB136,B07,5,control,PCR Negative,SARS-CoV-2,SC2,,,,21142,0.0,0.0,
AB138.CY1,,,AB138,C05,5,control,PCR Negative,"Respiratory Syncitial Virus, Human",G,,,,20181,0.0,0.0,
AB138.CY15,,,AB138,G05,5,control,PCR Negative,"Respiratory Syncitial Virus, Human",G,,,,20925,0.0,0.0,
AB138.CY20,,,AB138,E05,5,control,PCR Positive,"Respiratory Syncitial Virus, Human",G,Oligomer,,,20639,0.0,32.7858428955078,
AB138.CY21,,,AB138,D05,5,control,PCR Negative,"Respiratory Syncitial Virus, Human",G,,,,20531,0.0,0.0,
AB138.CY28,,,AB138,F05,5,control,PCR Negative,"Respiratory Syncitial Virus, Human",G,,,,21536,0.0,0.0,
AB138.CY8,,,AB138,H05,5,control,PCR Negative,"Respiratory Syncitial Virus, Human",G,,,,19647,0.0,0.0,
AB138.CZ10,,,AB138,H05,5,control,PCR Negative,Influenza Virus B,NEP/NS1,,,,19647,0.0,0.192083925008774,
AB138.CZ13,,,AB138,G05,5,control,PCR Negative,Influenza Virus B,NEP/NS1,,,,20925,0.0,0.120231464505196,
AB138.CZ19,,,AB138,E05,5,control,PCR Positive,Influenza Virus B,NEP/NS1,Oligomer,,,20639,0.0,23.7478713989258,
AB138.CZ2,,,AB138,C05,5,control,PCR Negative,Influenza Virus B,NEP/NS1,,,,20181,0.0,0.0623305477201939,
AB138.CZ23,,,AB138,D05,5,control,PCR Negative,Influenza Virus B,NEP/NS1,,,,20531,0.0,0.0,
AB138.CZ27,,,AB138,F05,5,control,PCR Negative,Influenza Virus B,NEP/NS1,,,,21536,0.0,0.0,
AB138.FA12,,,AB138,G05,5,control,PCR Negative,Influenza Virus A,M,,,,20925,0.0,0.0,
AB138.FA16,,,AB138,E05,5,control,PCR Positive,Influenza Virus A,M,Oligomer,,,20639,0.0,28.3522396087646,
AB138.FA25,,,AB138,D05,5,control,PCR Negative,Influenza Virus A,M,,,,20531,0.0,0.0,
AB138.FA29,,,AB138,F05,5,control,PCR Negative,Influenza Virus A,M,,,,21536,0.0,0.0584087520837784,
AB138.FA4,,,AB138,C05,5,control,PCR Negative,Influenza Virus A,M,,,,20181,0.0,0.124664187431335,
AB138.FA7,,,AB138,H05,5,control,PCR Negative,Influenza Virus A,M,,,,19647,0.0,0.0,
AB138.HE11,,,AB138,G05,5,control,PCR Negative,"Respiratory Syncitial Virus, Bovine",Unk,,,,20925,0.0,0.0,
AB138.HE17,,,AB138,E05,5,control,PCR Positive,"Respiratory Syncitial Virus, Bovine",Unk,Oligomer,,,20639,0.0,21.7620048522949,
AB138.HE24,,,AB138,D05,5,control,PCR Negative,"Respiratory Syncitial Virus, Bovine",Unk,,,,20531,0.0,0.0,
AB138.HE30,,,AB138,F05,5,control,PCR Negative,"Respiratory Syncitial Virus, Bovine",Unk,,,,21536,0.0,0.0,
AB138.HE5,,,AB138,C05,5,control,PCR Negative,"Respiratory Syncitial Virus, Bovine",Unk,,,,20181,0.0,0.0,
AB138.HE6,,,AB138,H05,5,control,PCR Negative,"Respiratory Syncitial Virus, Bovine",Unk,,,,19647,0.0,0.0,
AB138.RO14,,,AB138,G05,5,control,PCR Negative,SARS-CoV-2,SC2,,,,20925,0.0,0.0,
AB138.RO18,,,AB138,E05,5,control,PCR Positive,SARS-CoV-2,SC2,Oligomer,,,20639,0.0,23.9342098236084,
AB138.RO22,,,AB138,D05,5,control,PCR Negative,SARS-CoV-2,SC2,,,,20531,0.0,0.0,
AB138.RO26,,,AB138,F05,5,control,PCR Negative,SARS-CoV-2,SC2,,,,21536,0.0,0.0,
AB138.RO3,,,AB138,C05,5,control,PCR Negative,SARS-CoV-2,SC2,,,,20181,0.0,0.0,
AB138.RO9,,,AB138,H05,5,control,PCR Negative,SARS-CoV-2,SC2,,,,19647,0.0,0.0,
AB14.FA1,,,AB14,G02,5,control,PCR Negative,SARS-CoV-2,N1,,,,20818,0.0,0.302145421504974,
AB14.FA5,,,AB14,H02,5,control,PCR Positive,SARS-CoV-2,N1,LV-SARS_N,,,18307,0.0,1165.65515136719,
AB14.FH3,,,AB14,G02,5,control,PCR Negative,SARS-CoV-2,N2,,,,20818,0.0,0.0,
AB14.FH4,,,AB14,H02,5,control,PCR Positive,SARS-CoV-2,N2,LV-SARS_N,,,18307,0.0,1283.85974121094,
AB14.HE2,,,AB14,G02,5,control,PCR Negative,Human,RNase P,,,,20818,0.0,0.0,
AB141.CY4,,,AB141,D04,5,control,PCR Negative,"Respiratory Syncitial Virus, Human",G,,,,20697,0.0,0.0,
AB141.CY6,,,AB141,E04,5,control,PCR Positive,"Respiratory Syncitial Virus, Human",G,Oligomer,,,20719,0.0,51.0474319458008,
AB141.CZ2,,,AB141,D04,5,control,PCR Negative,Influenza Virus B,NEP/NS1,,,,20697,0.0,0.0,
AB141.CZ8,,,AB141,E04,5,control,PCR Positive,Influenza Virus B,NEP/NS1,Oligomer,,,20719,0.0,32.2215118408203,
AB141.FA1,,,AB141,D04,5,control,PCR Negative,Influenza Virus A,M,,,,20697,0.0,0.0,
AB141.FA9,,,AB141,E04,5,control,PCR Positive,Influenza Virus A,M,Oligomer,,,20719,0.0,38.6533660888672,
AB141.HE5,,,AB141,D04,5,control,PCR Negative,"Respiratory Syncitial Virus, Bovine",Unk,,,,20697,0.0,0.0,
AB141.HE7,,,AB141,E04,5,control,PCR Positive,"Respiratory Syncitial Virus, Bovine",Unk,Oligomer,,,20719,0.0,30.4165210723877,
AB141.RO10,,,AB141,E04,5,control,PCR Positive,SARS-CoV-2,SC2,Oligomer,,,20719,0.0,32.0969467163086,
AB141.RO3,,,AB141,D04,5,control,PCR Negative,SARS-CoV-2,SC2,,,,20697,0.0,0.0,
AB15.FA1,,,AB15,H06,5,control,PCR Positive,Influenza Virus A,M,GBlock,,,18269,0.0,22.5083141326904,
AB15.FA3,,,AB15,G06,5,control,PCR Negative,Influenza Virus A,M,,,,19435,0.0,0.0,
AB15.HE2,,,AB15,G06,5,control,PCR Negative,Human,RNase P,,,,19435,0.0,0.0,
AB16.FA1,,,AB16,G10,5,control,PCR Negative,"Respiratory Syncitial Virus, Human",G,,,,19272,0.0,0.0652705579996109,
AB16.FA2,,,AB16,H10,5,control,PCR Positive,"Respiratory Syncitial Virus, Human",G,GBlock,,,17393,0.0,1.44723200798035,
AB17.FA1,,,AB17,H04,5,control,PCR Positive,SARS-CoV-2,N1,LV-SARS_N,,,20411,0.0,0.801401734352112,
AB17.FA5,,,AB17,G04,5,control,PCR Negative,SARS-CoV-2,N1,,,,13657,0.0,0.184221088886261,
AB17.FH2,,,AB17,H04,5,control,PCR Positive,SARS-CoV-2,N2,LV-SARS_N,,,20411,0.0,0.308171004056931,
AB17.FH4,,,AB17,G04,5,control,PCR Negative,SARS-CoV-2,N2,,,,13657,0.0,0.368469178676605,
AB17.HE3,,,AB17,G04,5,control,PCR Negative,Human,RNase P,,,,13657,0.0,0.0,
AB18.FA1,,,AB18,H04,5,control,PCR Positive,"Respiratory Syncitial Virus, Human",G,GBlock,,,20867,0.0,0.241142898797989,
AB18.FA3,,,AB18,G04,5,control,PCR Negative,"Respiratory Syncitial Virus, Human",G,,,,21359,0.0,0.0,
AB18.HE2,,,AB18,H04,5,control,PCR Positive,Influenza Virus A,M,GBlock,,,20867,0.0,38.3128471374512,
AB18.HE4,,,AB18,G04,5,control,PCR Negative,Influenza Virus A,M,,,,21359,0.0,0.117788337171078,
AB19.FA11,,,AB19,G04,5,control,PCR Negative,SARS-CoV-2,N1,,,,15116,0.0,0.0,
AB19.FA3,,,AB19,E04,5,control,PCR Negative,SARS-CoV-2,N1,,,,20037,0.0,0.0,
AB19.FA6,,,AB19,H04,5,control,PCR Negative,SARS-CoV-2,N1,,,,9886,0.0,0.0,
AB19.FA8,,,AB19,F04,5,control,PCR Positive,SARS-CoV-2,N1,LV-SARS_N,,,16398,0.0,38.3182144165039,
AB19.FH2,,,AB19,E04,5,control,PCR Negative,SARS-CoV-2,N2,,,,20037,0.0,0.0,
AB19.FH5,,,AB19,H04,5,control,PCR Negative,SARS-CoV-2,N2,,,,9886,0.0,0.0,
AB19.FH7,,,AB19,F04,5,control,PCR Positive,SARS-CoV-2,N2,LV-SARS_N,,,16398,0.0,42.9132919311523,
AB19.FH9,,,AB19,G04,5,control,PCR Negative,SARS-CoV-2,N2,,,,15116,0.0,0.0,
AB19.HE1,,,AB19,E04,5,control,PCR Negative,Human,RNase P,,,,20037,0.0,0.0,
AB19.HE10,,,AB19,G04,5,control,PCR Negative,Human,RNase P,,,,15116,0.0,0.0,
AB19.HE4,,,AB19,H04,5,control,PCR Negative,Human,RNase P,,,,9886,0.0,0.0,
AB1NOV.FA1,,,AB1NOV,H07,5,control,PCR Negative,Human Norovirus GII,ORF1_2,,,,17888,0.0,0.0,
AB1NOV.FA2,,,AB1NOV,G07,5,control,PCR Positive,Human Norovirus GII,ORF1_2,GBlock,,,18090,0.0,14.5467662811279,
AB2.FA1,,,AB2,H06,5,control,PCR Negative,SARS-CoV-2,N2,,,,17586,0.0,0.071528338,
AB2.FA2,,,AB2,G06,5,control,PCR Positive,SARS-CoV-2,N2,LV-SARS_N,,,17836,,128.7264099,
AB2.FA3,,,AB2,F06,5,control,PCR Negative,SARS-CoV-2,N2,,,,18189,0.0,0.0,
AB20.FA1,,,AB20,G10,5,control,PCR Negative,"Respiratory Syncitial Virus, Human",G,,,,16822,0.0,0.0747770220041275,
AB20.FA4,,,AB20,H10,5,control,PCR Positive,"Respiratory Syncitial Virus, Human",G,GBlock,,,14642,0.0,1.37527596950531,
AB20.FA5,,,AB20,E10,5,control,PCR Negative,"Respiratory Syncitial Virus, Human",G,,,,20587,0.0,0.0,
AB20.HE2,,,AB20,G10,5,control,PCR Negative,Influenza Virus A,M,,,,16822,0.0,0.0747770220041275,
AB20.HE3,,,AB20,F10,5,control,PCR Positive,Influenza Virus A,M,GBlock,,,17983,0.0,46.3803329467773,
AB20.HE6,,,AB20,E10,5,control,PCR Negative,Influenza Virus A,M,,,,20587,0.0,0.0,
AB21.FA2,,,AB21,F01,5,control,PCR Negative,SARS-CoV-2,N1,,,,18603,0.0,0.0676178783178329,
AB21.FA6,,,AB21,H01,5,control,PCR Negative,SARS-CoV-2,N1,,,,17574,0.0,0.0715771839022636,
AB21.FA8,,,AB21,G01,5,control,PCR Positive,SARS-CoV-2,N1,LV-SARS_N,,,18299,0.0,30.2627658843994,
AB21.FH1,,,AB21,F01,5,control,PCR Negative,SARS-CoV-2,N2,,,,18603,0.0,0.135239392518997,
AB21.FH5,,,AB21,H01,5,control,PCR Negative,SARS-CoV-2,N2,,,,17574,0.0,0.286333173513412,
AB21.FH7,,,AB21,G01,5,control,PCR Positive,SARS-CoV-2,N2,LV-SARS_N,,,18299,0.0,33.1530265808105,
AB21.HE3,,,AB21,F01,5,control,PCR Negative,Human,RNase P,,,,18603,0.0,0.0,
AB21.HE4,,,AB21,H01,5,control,PCR Negative,Human,RNase P,,,,17574,0.0,0.0,
AB22.FA2,,,AB22,H07,5,control,PCR Negative,"Respiratory Syncitial Virus, Human",G,,,,16523,0.0,0.0761302262544632,
AB22.FA4,,,AB22,F07,5,control,PCR Negative,"Respiratory Syncitial Virus, Human",G,,,,16456,0.0,0.0,
AB22.FA6,,,AB22,G07,5,control,PCR Positive,"Respiratory Syncitial Virus, Human",G,GBlock,,,14067,0.0,0.357728183269501,
AB22.HE1,,,AB22,H07,5,control,PCR Negative,Influenza Virus A,M,,,,16523,0.0,0.0,
AB22.HE3,,,AB22,F07,5,control,PCR Negative,Influenza Virus A,M,,,,16456,0.0,0.0,
AB22.HE5,,,AB22,G07,5,control,PCR Positive,Influenza Virus A,M,GBlock,,,14067,0.0,8.07359409332275,
AB23.FA1,,,AB23,F04,5,control,PCR Positive,SARS-CoV-2,N1,LV-SARS_N,,,16037,0.0,0.549164652824402,
AB23.FA11,,,AB23,E04,5,control,PCR Negative,SARS-CoV-2,N1,,,,15922,0.0,0.237026765942574,
AB23.FA3,,,AB23,G04,5,control,PCR Negative,SARS-CoV-2,N1,,,,14171,0.0,0.177538692951202,
AB23.FA8,,,AB23,H04,5,control,PCR Negative,SARS-CoV-2,N1,,,,13472,0.0,0.186751037836075,
AB23.FH10,,,AB23,E04,5,control,PCR Negative,SARS-CoV-2,N2,,,,15922,0.0,0.0,
AB23.FH2,,,AB23,F04,5,control,PCR Positive,SARS-CoV-2,N2,LV-SARS_N,,,16037,0.0,0.235326930880547,
AB23.FH4,,,AB23,G04,5,control,PCR Negative,SARS-CoV-2,N2,,,,14171,0.0,0.266317427158356,
AB23.FH7,,,AB23,H04,5,control,PCR Negative,SARS-CoV-2,N2,,,,13472,0.0,0.0,
AB23.HE5,,,AB23,G04,5,control,PCR Negative,Human,RNase P,,,,14171,0.0,0.0,
AB23.HE6,,,AB23,H04,5,control,PCR Negative,Human,RNase P,,,,13472,0.0,0.0,
AB23.HE9,,,AB23,E04,5,control,PCR Negative,Human,RNase P,,,,15922,0.0,0.0,
AB24.FA2,,,AB24,G10,5,control,PCR Negative,"Respiratory Syncitial Virus, Human",G,,,,16887,0.0,0.0,
AB24.FA3,,,AB24,F10,5,control,PCR Positive,"Respiratory Syncitial Virus, Human",G,GBlock,,,16579,0.0,0.45530703663826,
AB24.FA5,,,AB24,E10,5,control,PCR Negative,"Respiratory Syncitial Virus, Human",G,,,,18405,0.0,0.0,
AB24.HE1,,,AB24,G10,5,control,PCR Negative,Influenza Virus A,M,,,,16887,0.0,0.0,
AB24.HE4,,,AB24,H10,5,control,PCR Positive,Influenza Virus A,M,GBlock,,,15827,0.0,18.5748329162598,
AB24.HE6,,,AB24,E10,5,control,PCR Negative,Influenza Virus A,M,,,,18405,0.0,0.0,
AB25.FA2,,,AB25,A05,5,control,PCR Positive,SARS-CoV-2,N1,LV-SARS_N,,,17198,0.0,25.6391124725342,
AB25.FA4,,,AB25,B05,5,control,PCR Negative,SARS-CoV-2,N1,,,,18172,0.0,0.553880095481873,
AB25.FA8,,,AB25,H04,5,control,PCR Negative,SARS-CoV-2,N1,,,,19368,0.0,0.12989741563797,
AB25.FH1,,,AB25,A05,5,control,PCR Positive,SARS-CoV-2,N2,LV-SARS_N,,,17198,0.0,28.104850769043,
AB25.FH3,,,AB25,B05,5,control,PCR Negative,SARS-CoV-2,N2,,,,18172,0.0,0.138447150588036,
AB25.FH7,,,AB25,H04,5,control,PCR Negative,SARS-CoV-2,N2,,,,19368,0.0,0.0,
AB25.HE5,,,AB25,B05,5,control,PCR Negative,Human,RNase P,,,,18172,0.0,0.0,
AB25.HE6,,,AB25,H04,5,control,PCR Negative,Human,RNase P,,,,19368,0.0,0.0,
AB26.FA2,,,AB26,C11,5,control,PCR Negative,"Respiratory Syncitial Virus, Human",G,,,,17873,0.0,0.0,
AB26.FA4,,,AB26,H10,5,control,PCR Negative,"Respiratory Syncitial Virus, Human",G,,,,17510,0.0,0.0718388110399246,
AB26.FA6,,,AB26,B11,5,control,PCR Positive,"Respiratory Syncitial Virus, Human",G,GBlock,,,19373,0.0,1.03928673267365,
AB26.HE1,,,AB26,C11,5,control,PCR Negative,Influenza Virus A,M,,,,17873,0.0,0.0,
AB26.HE3,,,AB26,A11,5,control,PCR Positive,Influenza Virus A,M,GBlock,,,16462,0.0,36.9860534667969,
AB26.HE5,,,AB26,H10,5,control,PCR Negative,Influenza Virus A,M,,,,17510,0.0,1.94108939170837,
AB27.FA2,,,AB27,E08,5,control,PCR Negative,SARS-CoV-2,N1,,,,20699,0.0,0.0607706643640995,
AB27.FA4,,,AB27,F08,5,control,PCR Positive,SARS-CoV-2,N1,LV-SARS_N,,,20508,0.0,0.0,
AB27.FA7,,,AB27,G08,5,control,PCR Negative,SARS-CoV-2,N1,,,,18727,0.0,0.0,
AB27.FA9,,,AB27,H08,5,control,PCR Negative,SARS-CoV-2,N1,,,,21220,0.0,0.0,
AB27.FH1,,,AB27,E08,5,control,PCR Negative,SARS-CoV-2,N2,,,,20699,0.0,0.0,
AB27.FH10,,,AB27,H08,5,control,PCR Negative,SARS-CoV-2,N2,,,,21220,0.0,0.0,
AB27.FH5,,,AB27,F08,5,control,PCR Positive,SARS-CoV-2,N2,LV-SARS_N,,,20508,0.0,0.0,
AB27.FH8,,,AB27,G08,5,control,PCR Negative,SARS-CoV-2,N2,,,,18727,0.0,0.0,
AB27.HE11,,,AB27,H08,5,control,PCR Negative,Human,RNase P,,,,21220,0.0,0.0,
AB27.HE3,,,AB27,E08,5,control,PCR Negative,Human,RNase P,,,,20699,0.0,0.0,
AB27.HE6,,,AB27,G08,5,control,PCR Negative,Human,RNase P,,,,18727,0.0,0.0,
AB28.FA1,,,AB28,E12,5,control,PCR Negative,"Respiratory Syncitial Virus, Human",G,,,,21451,0.0,0.0586402006447315,
AB28.FA4,,,AB28,H12,5,control,PCR Negative,"Respiratory Syncitial Virus, Human",G,,,,19845,0.0,0.0633859038352966,
AB28.FA5,,,AB28,G12,5,control,PCR Negative,"Respiratory Syncitial Virus, Human",G,,,,20092,0.0,0.062606655061245,
AB28.FA8,,,AB28,F12,5,control,PCR Positive,"Respiratory Syncitial Virus, Human",G,GBlock,,,20727,0.0,0.0606885701417923,
AB28.HE2,,,AB28,E12,5,control,PCR Negative,Influenza Virus A,M,,,,21451,0.0,0.0,
AB28.HE3,,,AB28,H12,5,control,PCR Negative,Influenza Virus A,M,,,,19845,0.0,0.0,
AB28.HE6,,,AB28,G12,5,control,PCR Negative,Influenza Virus A,M,,,,20092,0.0,0.0,
AB28.HE7,,,AB28,F12,5,control,PCR Positive,Influenza Virus A,M,GBlock,,,20727,0.0,0.0606885701417923,
AB30.FA1,,,AB30,G05,5,control,PCR Positive,SARS-CoV-2,N1,LV-SARS_N,,,12843,0.0,23.9279747009277,
AB30.FA3,,,AB30,H05,5,control,PCR Negative,SARS-CoV-2,N1,,,,17082,0.0,0.0,
AB30.FA7,,,AB30,F05,5,control,PCR Negative,SARS-CoV-2,N1,,,,12755,0.0,0.0,
AB30.FH2,,,AB30,H05,5,control,PCR Negative,SARS-CoV-2,N2,,,,17082,0.0,0.147281959652901,
AB30.FH5,,,AB30,F05,5,control,PCR Negative,SARS-CoV-2,N2,,,,12755,0.0,0.0986210107803345,
AB30.HE4,,,AB30,H05,5,control,PCR Negative,Human,RNase P,,,,17082,0.0,0.0,
AB30.HE6,,,AB30,F05,5,control,PCR Negative,Human,RNase P,,,,12755,0.0,0.0,
AB31.FA2,,,AB31,F11,5,control,PCR Negative,"Respiratory Syncitial Virus, Human",G,,,,16849,0.0,0.0,
AB31.FA4,,,AB31,H11,5,control,PCR Negative,"Respiratory Syncitial Virus, Human",G,,,,18142,0.0,0.0,
AB31.FA6,,,AB31,G11,5,control,PCR Positive,"Respiratory Syncitial Virus, Human",G,GBlock,,,18531,0.0,0.814809203147888,
AB31.HE1,,,AB31,F11,5,control,PCR Negative,Influenza Virus A,M,,,,16849,0.0,0.0,
AB31.HE3,,,AB31,H11,5,control,PCR Negative,Influenza Virus A,M,,,,18142,0.0,0.0,
AB31.HE5,,,AB31,G11,5,control,PCR Positive,Influenza Virus A,M,GBlock,,,18531,0.0,2.17399835586548,
AB3122025B.FA2,,,AB3122025B,H11,5,control,PCR Negative,Human Norovirus GI,ORF1_2,,,,16586,0.0,70.6577987670898,
AB3122025B.HE1,,,AB3122025B,H11,5,control,PCR Negative,Human Norovirus GII,ORF1_2,,,,16586,0.0,120.402824401855,
AB33.FA2,,,AB33,B10,5,control,PCR Negative,"Respiratory Syncitial Virus, Human",G,,,,19450,0.0,0.0646732151508331,
AB33.FA3,,,AB33,D10,5,control,PCR Negative,"Respiratory Syncitial Virus, Human",G,,,,18461,0.0,0.0681380033493042,
AB33.FA5,,,AB33,C10,5,control,PCR Positive,"Respiratory Syncitial Virus, Human",G,GBlock,,,19615,0.0,0.577280223369598,
AB33.FA7,,,AB33,E10,5,control,PCR Negative,"Respiratory Syncitial Virus, Human",G,,,,18512,0.0,0.0679502785205841,
AB33.HE1,,,AB33,B10,5,control,PCR Negative,Influenza Virus A,M,,,,19450,0.0,0.0646732151508331,
AB33.HE4,,,AB33,D10,5,control,PCR Negative,Influenza Virus A,M,,,,18461,0.0,0.136279702186584,
AB33.HE6,,,AB33,C10,5,control,PCR Positive,Influenza Virus A,M,GBlock,,,19615,0.0,0.513124942779541,
AB33.HE8,,,AB33,E10,5,control,PCR Negative,Influenza Virus A,M,,,,18512,0.0,0.203861862421036,
AB35.FA2,,,AB35,A12,5,control,PCR Negative,SARS-CoV-2,N1,,,,21089,0.0,0.0596468038856983,
AB35.FA4,,,AB35,C12,5,control,PCR Negative,SARS-CoV-2,N1,,,,20997,0.0,0.0599081553518772,
AB35.FA9,,,AB35,B12,5,control,PCR Negative,SARS-CoV-2,N1,,,,21051,0.0,0.0,
AB35.FH1,,,AB35,A12,5,control,PCR Negative,SARS-CoV-2,N2,,,,21089,0.0,0.0,
AB35.FH6,,,AB35,C12,5,control,PCR Negative,SARS-CoV-2,N2,,,,20997,0.0,0.0599081553518772,
AB35.FH7,,,AB35,B12,5,control,PCR Negative,SARS-CoV-2,N2,,,,21051,0.0,0.0,
AB35.HE3,,,AB35,A12,5,control,PCR Negative,Human,RNase P,,,,21089,0.0,0.0596468038856983,
AB35.HE5,,,AB35,C12,5,control,PCR Negative,Human,RNase P,,,,20997,0.0,0.0,
AB35.HE8,,,AB35,B12,5,control,PCR Negative,Human,RNase P,,,,21051,0.0,0.0,
AB36.FA3,,,AB36,G12,5,control,PCR Negative,Influenza Virus A,M,,,,19634,0.0,0.128137484192848,
AB36.FA5,,,AB36,H12,5,control,PCR Negative,Influenza Virus A,M,,,,19199,0.0,0.0,
AB36.FA7,,,AB36,F12,5,control,PCR Negative,Influenza Virus A,M,,,,19492,0.0,0.0645338520407677,
AB36.FH1,,,AB36,G12,5,control,PCR Negative,SARS-CoV-2,N2,,,,19634,0.0,0.128137484192848,
AB36.FH4,,,AB36,H12,5,control,PCR Negative,SARS-CoV-2,N2,,,,19199,0.0,0.0,
AB36.FH9,,,AB36,F12,5,control,PCR Negative,SARS-CoV-2,N2,,,,19492,0.0,0.0645338520407677,
AB36.HE2,,,AB36,G12,5,control,PCR Negative,Human,RNase P,,,,19634,0.0,0.0,
AB36.HE6,,,AB36,H12,5,control,PCR Negative,Human,RNase P,,,,19199,0.0,0.0,
AB36.HE8,,,AB36,F12,5,control,PCR Negative,Human,RNase P,,,,19492,0.0,0.0,
AB37.CY4,,,AB37,G04,5,control,PCR Negative,Influenza Virus B,NEP/NS1,,,,20968,0.0,3.30376195907593,
AB37.CY7,,,AB37,H04,5,control,PCR Negative,Influenza Virus B,NEP/NS1,,,,21284,0.0,3.31390166282654,
AB37.CZ2,,,AB37,G04,5,control,PCR Negative,"Respiratory Syncitial Virus, Human",G,,,,20968,0.0,0.0,
AB37.CZ5,,,AB37,H04,5,control,PCR Negative,"Respiratory Syncitial Virus, Human",G,,,,21284,0.0,0.0,
AB37.FA1,,,AB37,G04,5,control,PCR Negative,SARS-CoV-2,N2,,,,20968,0.0,0.0,
AB37.FA6,,,AB37,H04,5,control,PCR Negative,SARS-CoV-2,N2,,,,21284,0.0,0.0591003187000751,
AB37.HE3,,,AB37,G04,5,control,PCR Negative,Influenza Virus A,M,,,,20968,0.0,0.0,
AB37.HE8,,,AB37,H04,5,control,PCR Negative,Influenza Virus A,M,,,,21284,0.0,0.0,
AB38.CY1,,,AB38,D04,5,control,PCR Negative,Influenza Virus B,NEP/NS1,,,,21988,0.0,25.8349113464355,
AB38.CY7,,,AB38,E04,5,control,PCR Negative,Influenza Virus B,NEP/NS1,,,,21252,0.0,27.7069282531738,
AB38.CY9,,,AB38,C04,5,control,PCR Negative,Influenza Virus B,NEP/NS1,,,,21868,0.0,24.9216194152832,
AB38.CZ12,,,AB38,C04,5,control,PCR Negative,"Respiratory Syncitial Virus, Human",G,,,,21868,0.0,0.0,
AB38.CZ4,,,AB38,D04,5,control,PCR Negative,"Respiratory Syncitial Virus, Human",G,,,,21988,0.0,0.0,
AB38.CZ6,,,AB38,E04,5,control,PCR Negative,"Respiratory Syncitial Virus, Human",G,,,,21252,0.0,0.0,
AB38.FA11,,,AB38,C04,5,control,PCR Negative,SARS-CoV-2,N2,,,,21868,0.0,0.0,
AB38.FA3,,,AB38,D04,5,control,PCR Negative,SARS-CoV-2,N2,,,,21988,0.0,0.0,
AB38.FA5,,,AB38,E04,5,control,PCR Negative,SARS-CoV-2,N2,,,,21252,0.0,0.0,
AB38.HE10,,,AB38,C04,5,control,PCR Negative,Influenza Virus A,M,,,,21868,0.0,0.0,
AB38.HE2,,,AB38,D04,5,control,PCR Negative,Influenza Virus A,M,,,,21988,0.0,0.0,
AB38.HE8,,,AB38,E04,5,control,PCR Negative,Influenza Virus A,M,,,,21252,0.0,0.0,
AB39.CY12,,,AB39,H09,5,control,PCR Negative,Influenza Virus B,NEP/NS1,,,,21419,0.0,10.1417226791382,
AB39.CY3,,,AB39,H05,5,control,PCR Negative,Influenza Virus B,NEP/NS1,,,,21172,0.0,8.70413398742676,
AB39.CY6,,,AB39,G09,5,control,PCR Negative,Influenza Virus B,NEP/NS1,,,,20610,0.0,6.30201721191406,
AB39.CZ2,,,AB39,H05,5,control,PCR Negative,"Respiratory Syncitial Virus, Human",G,,,,21172,0.0,0.0,
AB39.CZ7,,,AB39,G09,5,control,PCR Negative,"Respiratory Syncitial Virus, Human",G,,,,20610,0.0,0.0,
AB39.CZ9,,,AB39,H09,5,control,PCR Negative,"Respiratory Syncitial Virus, Human",G,,,,21419,0.0,0.0,
AB39.FA1,,,AB39,H05,5,control,PCR Negative,SARS-CoV-2,N2,,,,21172,0.0,0.0,
AB39.FA10,,,AB39,H09,5,control,PCR Negative,SARS-CoV-2,N2,,,,21419,0.0,0.0587278082966805,
AB39.FA8,,,AB39,G09,5,control,PCR Negative,SARS-CoV-2,N2,,,,20610,0.0,0.0,
AB39.HE11,,,AB39,H09,5,control,PCR Negative,Influenza Virus A,M,,,,21419,0.0,0.0,
AB39.HE4,,,AB39,H05,5,control,PCR Negative,Influenza Virus A,M,,,,21172,0.0,0.0,
AB39.HE5,,,AB39,G09,5,control,PCR Negative,Influenza Virus A,M,,,,20610,0.0,0.0,
AB40.CY4,,,AB40,A04,5,control,PCR Negative,Influenza Virus B,NEP/NS1,,,,22326,0.0,7.62907791137695,
AB40.CY8,,,AB40,B04,5,control,PCR Negative,Influenza Virus B,NEP/NS1,,,,21403,0.0,8.25487518310547,
AB40.CZ1,,,AB40,A04,5,control,PCR Negative,"Respiratory Syncitial Virus, Human",G,,,,22326,0.0,0.0,
AB40.CZ5,,,AB40,B04,5,control,PCR Negative,"Respiratory Syncitial Virus, Human",G,,,,21403,0.0,0.0,
AB40.FA2,,,AB40,A04,5,control,PCR Negative,SARS-CoV-2,N2,,,,22326,0.0,0.0563419200479984,
AB40.FA6,,,AB40,B04,5,control,PCR Negative,SARS-CoV-2,N2,,,,21403,0.0,0.0,
AB40.HE3,,,AB40,A04,5,control,PCR Negative,Influenza Virus A,M,,,,22326,0.0,0.0,
AB40.HE7,,,AB40,B04,5,control,PCR Negative,Influenza Virus A,M,,,,21403,0.0,0.0,
AB41.CY14,,,AB41,G04,5,control,PCR Negative,"Respiratory Syncitial Virus, Human",G,,,,20061,0.0,14.6950330734253,
AB41.CY19,,,AB41,F04,5,control,PCR Positive,"Respiratory Syncitial Virus, Human",G,Other,,,18487,0.0,0.0,
AB41.CY4,,,AB41,E04,5,control,PCR Negative,"Respiratory Syncitial Virus, Human",G,,,,19789,0.0,0.0,
AB41.CY7,,,AB41,H04,5,control,PCR Negative,"Respiratory Syncitial Virus, Human",G,,,,21078,0.0,0.0,
AB41.CZ15,,,AB41,G04,5,control,PCR Negative,Influenza Virus B,NEP/NS1,,,,20061,0.0,20.7361888885498,
AB41.CZ20,,,AB41,F04,5,control,PCR Positive,Influenza Virus B,NEP/NS1,Other,,,18487,0.0,10.3848810195923,
AB41.CZ5,,,AB41,E04,5,control,PCR Negative,Influenza Virus B,NEP/NS1,,,,19789,0.0,7.01150989532471,
AB41.CZ6,,,AB41,H04,5,control,PCR Negative,Influenza Virus B,NEP/NS1,,,,21078,0.0,9.7650785446167,
AB41.FA12,,,AB41,G04,5,control,PCR Negative,Influenza Virus A,M,,,,20061,0.0,13.7438125610352,
AB41.FA17,,,AB41,F04,5,control,PCR Positive,Influenza Virus A,M,Other,,,18487,0.0,0.0,
AB41.FA2,,,AB41,E04,5,control,PCR Negative,Influenza Virus A,M,,,,19789,0.0,0.0,
AB41.FA9,,,AB41,H04,5,control,PCR Negative,Influenza Virus A,M,,,,21078,0.0,0.0,
AB41.HE13,,,AB41,G04,5,control,PCR Negative,"Respiratory Syncitial Virus, Bovine",Other,,,,20061,0.0,37.4843940734863,
AB41.HE18,,,AB41,F04,5,control,PCR Positive,"Respiratory Syncitial Virus, Bovine",Other,Other,,,18487,0.0,0.0,
AB41.HE3,,,AB41,E04,5,control,PCR Negative,"Respiratory Syncitial Virus, Bovine",Other,,,,19789,0.0,0.0,
AB41.HE8,,,AB41,H04,5,control,PCR Negative,"Respiratory Syncitial Virus, Bovine",Other,,,,21078,0.0,0.0,
AB41.RO1,,,AB41,E04,5,control,PCR Negative,SARS-CoV-2,SC2,,,,19789,0.0,0.0,
AB41.RO10,,,AB41,H04,5,control,PCR Negative,SARS-CoV-2,SC2,,,,21078,0.0,0.0,
AB41.RO11,,,AB41,G04,5,control,PCR Negative,SARS-CoV-2,SC2,,,,20061,0.0,11.5903739929199,
AB41.RO16,,,AB41,F04,5,control,PCR Positive,SARS-CoV-2,SC2,Other,,,18487,0.0,0.0,
AB42.CY15,,,AB42,B05,5,control,PCR Negative,"Respiratory Syncitial Virus, Human",G,,,,20911,0.0,0.0,
AB42.CY17,,,AB42,A05,5,control,PCR Negative,"Respiratory Syncitial Virus, Human",G,,,,21820,0.0,0.0,
AB42.CY2,,,AB42,D05,5,control,PCR Negative,"Respiratory Syncitial Virus, Human",G,,,,16848,0.0,0.0,
AB42.CY9,,,AB42,C05,5,control,PCR Positive,"Respiratory Syncitial Virus, Human",G,GBlock,,,20695,0.0,14.1193466186523,
AB42.CZ13,,,AB42,B05,5,control,PCR Negative,Influenza Virus B,NEP/NS1,,,,20911,0.0,4.94225120544434,
AB42.CZ19,,,AB42,A05,5,control,PCR Negative,Influenza Virus B,NEP/NS1,,,,21820,0.0,3.29018902778625,
AB42.CZ5,,,AB42,D05,5,control,PCR Negative,Influenza Virus B,NEP/NS1,,,,16848,0.0,4.18789052963257,
AB42.CZ7,,,AB42,C05,5,control,PCR Positive,Influenza Virus B,NEP/NS1,GBlock,,,20695,0.0,13.504825592041,
AB42.FA11,,,AB42,B05,5,control,PCR Negative,Influenza Virus A,M,,,,20911,0.0,0.0,
AB42.FA20,,,AB42,A05,5,control,PCR Negative,Influenza Virus A,M,,,,21820,0.0,0.0,
AB42.FA3,,,AB42,D05,5,control,PCR Negative,Influenza Virus A,M,,,,16848,0.0,0.0,
AB42.FA6,,,AB42,C05,5,control,PCR Positive,Influenza Virus A,M,LV-SARS_N,,,20695,0.0,10.0690498352051,
AB42.HE1,,,AB42,D05,5,control,PCR Negative,"Respiratory Syncitial Virus, Bovine",Other,,,,16848,0.0,0.0,
AB42.HE10,,,AB42,C05,5,control,PCR Positive,"Respiratory Syncitial Virus, Bovine",Other,BRSV,,,20695,0.0,31.4489459991455,
AB42.HE14,,,AB42,B05,5,control,PCR Negative,"Respiratory Syncitial Virus, Bovine",Other,,,,20911,0.0,0.0,
AB42.HE16,,,AB42,A05,5,control,PCR Negative,"Respiratory Syncitial Virus, Bovine",Other,,,,21820,0.0,0.0,
AB42.RO12,,,AB42,B05,5,control,PCR Negative,SARS-CoV-2,SC2,,,,20911,0.0,0.0,
AB42.RO18,,,AB42,A05,5,control,PCR Negative,SARS-CoV-2,SC2,,,,21820,0.0,0.0,
AB42.RO4,,,AB42,D05,5,control,PCR Negative,SARS-CoV-2,SC2,,,,16848,0.0,2757.10302734375,
AB42.RO8,,,AB42,C05,5,control,PCR Positive,SARS-CoV-2,SC2,GBlock,,,20695,0.0,7.98761081695557,
AB43.CY3,,,AB43,H04,5,control,PCR Negative,"Respiratory Syncitial Virus, Human",G,,,,20127,0.0,0.0,
AB43.CY6,,,AB43,G04,5,control,PCR Negative,"Respiratory Syncitial Virus, Human",G,,,,22225,0.0,0.0,
AB43.CZ1,,,AB43,H04,5,control,PCR Negative,Influenza Virus B,NEP/NS1,,,,20127,0.0,68.9781494140625,
AB43.CZ9,,,AB43,G04,5,control,PCR Negative,Influenza Virus B,NEP/NS1,,,,22225,0.0,62.9569816589355,
AB43.FA5,,,AB43,H04,5,control,PCR Negative,Influenza Virus A,M,,,,20127,0.0,0.0,
AB43.FA8,,,AB43,G04,5,control,PCR Negative,Influenza Virus A,M,,,,22225,0.0,0.0,
AB43.HE4,,,AB43,H04,5,control,PCR Negative,"Respiratory Syncitial Virus, Bovine",Other,,,,20127,0.0,0.0,
AB43.HE7,,,AB43,G04,5,control,PCR Negative,"Respiratory Syncitial Virus, Bovine",Other,,,,22225,0.0,0.0,
AB43.RO10,,,AB43,G04,5,control,PCR Negative,SARS-CoV-2,SC2,,,,22225,0.0,0.0,
AB43.RO2,,,AB43,H04,5,control,PCR Negative,SARS-CoV-2,SC2,,,,20127,0.0,0.0624977834522724,
AB44.CY10,,,AB44,E04,5,control,PCR Negative,"Respiratory Syncitial Virus, Human",G,,,,21374,0.0,0.0,
AB44.CY14,,,AB44,F04,5,control,PCR Positive,"Respiratory Syncitial Virus, Human",G,GBlock,,,17790,0.0,0.0,
AB44.CY17,,,AB44,H04,5,control,PCR Negative,"Respiratory Syncitial Virus, Human",G,,,,20972,0.0,0.0,
AB44.CY3,,,AB44,G04,5,control,PCR Negative,"Respiratory Syncitial Virus, Human",G,,,,18713,0.0,14.9437274932861,
AB44.CZ12,,,AB44,F04,5,control,PCR Positive,Influenza Virus B,NEP/NS1,GBlock,,,17790,0.0,3.04404306411743,
AB44.CZ18,,,AB44,H04,5,control,PCR Negative,Influenza Virus B,NEP/NS1,,,,20972,0.0,2.22115111351013,
AB44.CZ4,,,AB44,G04,5,control,PCR Negative,Influenza Virus B,NEP/NS1,,,,18713,0.0,13.0405530929565,
AB44.CZ8,,,AB44,E04,5,control,PCR Negative,Influenza Virus B,NEP/NS1,,,,21374,0.0,2.06144094467163,
AB44.FA11,,,AB44,F04,5,control,PCR Positive,Influenza Virus A,M,GBlock,,,17790,0.0,0.0,
AB44.FA19,,,AB44,H04,5,control,PCR Negative,Influenza Virus A,M,,,,20972,0.0,0.0,
AB44.FA5,,,AB44,G04,5,control,PCR Negative,Influenza Virus A,M,,,,18713,0.0,14.3316783905029,
AB44.FA7,,,AB44,E04,5,control,PCR Negative,Influenza Virus A,M,,,,21374,0.0,0.0,
AB44.HE1,,,AB44,G04,5,control,PCR Negative,"Respiratory Syncitial Virus, Bovine",Other,,,,18713,0.0,39.187614440918,
AB44.HE15,,,AB44,F04,5,control,PCR Positive,"Respiratory Syncitial Virus, Bovine",Other,GBlock,,,17790,0.0,0.0,
AB44.HE20,,,AB44,H04,5,control,PCR Negative,"Respiratory Syncitial Virus, Bovine",Other,,,,20972,0.0,0.0,
AB44.HE6,,,AB44,E04,5,control,PCR Negative,"Respiratory Syncitial Virus, Bovine",Other,,,,21374,0.0,0.0,
AB44.RO13,,,AB44,F04,5,control,PCR Positive,SARS-CoV-2,SC2,GBlock,,,17790,0.0,0.0,
AB44.RO16,,,AB44,H04,5,control,PCR Negative,SARS-CoV-2,SC2,,,,20972,0.0,0.0,
AB44.RO2,,,AB44,G04,5,control,PCR Negative,SARS-CoV-2,SC2,,,,18713,0.0,10.3267192840576,
AB44.RO9,,,AB44,E04,5,control,PCR Negative,SARS-CoV-2,SC2,,,,21374,0.0,0.0,
AB45.CY1,,,AB45,A04,5,control,PCR Negative,"Respiratory Syncitial Virus, Human",G,,,,18729,0.0,0.0,
AB45.CY15,,,AB45,H03,5,control,PCR Negative,"Respiratory Syncitial Virus, Human",G,,,,21253,0.0,0.0,
AB45.CY8,,,AB45,B04,5,control,PCR Positive,"Respiratory Syncitial Virus, Human",G,GBlock,,,20484,0.0,11.4119110107422,
AB45.CZ13,,,AB45,H03,5,control,PCR Negative,Influenza Virus B,NEP/NS1,,,,21253,0.0,17.7619876861572,
AB45.CZ3,,,AB45,A04,5,control,PCR Negative,Influenza Virus B,NEP/NS1,,,,18729,0.0,16.3589210510254,
AB45.CZ6,,,AB45,B04,5,control,PCR Positive,Influenza Virus B,NEP/NS1,GBlock,,,20484,0.0,23.7415447235107,
AB45.FA14,,,AB45,H03,5,control,PCR Negative,Influenza Virus A,M,,,,21253,0.0,0.0,
AB45.FA2,,,AB45,A04,5,control,PCR Negative,Influenza Virus A,M,,,,18729,0.0,0.0,
AB45.FA7,,,AB45,B04,5,control,PCR Positive,Influenza Virus A,M,GBlock,,,20484,0.0,10.1112833023071,
AB45.HE10,,,AB45,B04,5,control,PCR Positive,"Respiratory Syncitial Virus, Bovine",Other,GBlock,,,20484,0.0,27.1252536773682,
AB45.HE12,,,AB45,H03,5,control,PCR Negative,"Respiratory Syncitial Virus, Bovine",Other,,,,21253,0.0,0.0,
AB45.HE4,,,AB45,A04,5,control,PCR Negative,"Respiratory Syncitial Virus, Bovine",Other,,,,18729,0.0,0.0,
AB45.RO11,,,AB45,H03,5,control,PCR Negative,SARS-CoV-2,SC2,,,,21253,0.0,0.0,
AB45.RO5,,,AB45,A04,5,control,PCR Negative,SARS-CoV-2,SC2,,,,18729,0.0,0.0,
AB45.RO9,,,AB45,B04,5,control,PCR Positive,SARS-CoV-2,SC2,GBlock,,,20484,0.0,6.95820474624634,
AB46.CY14,,,AB46,D07,5,control,PCR Negative,"Respiratory Syncitial Virus, Human",G,,,,21638,0.0,0.0,
AB46.CY17,,,AB46,H07,5,control,PCR Negative,"Respiratory Syncitial Virus, Human",G,,,,20904,0.0,0.0,
AB46.CY25,,,AB46,F07,5,control,PCR Positive,"Respiratory Syncitial Virus, Human",G,GBlock,,,20735,0.0,7.42282867431641,
AB46.CY5,,,AB46,G07,5,control,PCR Negative,"Respiratory Syncitial Virus, Human",G,,,,21681,0.0,0.0,
AB46.CY9,,,AB46,E07,5,control,PCR Negative,"Respiratory Syncitial Virus, Human",G,,,,21517,0.0,0.0,
AB46.CZ10,,,AB46,E07,5,control,PCR Negative,Influenza Virus B,NEP/NS1,,,,21517,0.0,2.92634987831116,
AB46.CZ15,,,AB46,D07,5,control,PCR Negative,Influenza Virus B,NEP/NS1,,,,21638,0.0,1.91982245445251,
AB46.CZ16,,,AB46,H07,5,control,PCR Negative,Influenza Virus B,NEP/NS1,,,,20904,0.0,4.82309484481812,
AB46.CZ24,,,AB46,F07,5,control,PCR Positive,Influenza Virus B,NEP/NS1,GBlock,,,20735,0.0,8.15531444549561,
AB46.CZ4,,,AB46,G07,5,control,PCR Negative,Influenza Virus B,NEP/NS1,,,,21681,0.0,4.99936389923096,
AB46.FA1,,,AB46,G07,5,control,PCR Negative,Influenza Virus A,M,,,,21681,0.0,0.0,
AB46.FA13,,,AB46,D07,5,control,PCR Negative,Influenza Virus A,M,,,,21638,0.0,0.0,
AB46.FA18,,,AB46,H07,5,control,PCR Negative,Influenza Virus A,M,,,,20904,0.0,0.0,
AB46.FA21,,,AB46,F07,5,control,PCR Positive,Influenza Virus A,M,GBlock,,,20735,0.0,6.32489919662476,
AB46.FA8,,,AB46,E07,5,control,PCR Negative,Influenza Virus A,M,,,,21517,0.0,0.0,
AB46.HE12,,,AB46,D07,5,control,PCR Negative,"Respiratory Syncitial Virus, Bovine",Other,,,,21638,0.0,0.0,
AB46.HE2,,,AB46,G07,5,control,PCR Negative,"Respiratory Syncitial Virus, Bovine",Other,,,,21681,0.0,0.0,
AB46.HE20,,,AB46,H07,5,control,PCR Negative,"Respiratory Syncitial Virus, Bovine",Other,,,,20904,0.0,0.0,
AB46.HE22,,,AB46,F07,5,control,PCR Positive,"Respiratory Syncitial Virus, Bovine",Other,GBlock,,,20735,0.0,18.0243110656738,
AB46.HE6,,,AB46,E07,5,control,PCR Negative,"Respiratory Syncitial Virus, Bovine",Other,,,,21517,0.0,0.0,
AB46.RO11,,,AB46,D07,5,control,PCR Negative,SARS-CoV-2,SC2,,,,21638,0.0,0.0581334084272385,
AB46.RO19,,,AB46,H07,5,control,PCR Negative,SARS-CoV-2,SC2,,,,20904,0.0,0.0,
AB46.RO23,,,AB46,F07,5,control,PCR Positive,SARS-CoV-2,SC2,GBlock,,,20735,0.0,4.25364255905151,
AB46.RO3,,,AB46,G07,5,control,PCR Negative,SARS-CoV-2,SC2,,,,21681,0.0,0.0,
AB46.RO7,,,AB46,E07,5,control,PCR Negative,SARS-CoV-2,SC2,,,,21517,0.0,0.0,
AB47.CY5,,,AB47,H04,5,control,PCR Negative,"Respiratory Syncitial Virus, Human",G,,,,20015,0.0,0.0,
AB47.CZ1,,,AB47,H04,5,control,PCR Negative,Influenza Virus B,NEP/NS1,,,,20015,0.0,21.9348411560059,
AB47.FA4,,,AB47,H04,5,control,PCR Negative,Influenza Virus A,M,,,,20015,0.0,0.0628475174307823,
AB47.HE2,,,AB47,H04,5,control,PCR Negative,"Respiratory Syncitial Virus, Bovine",Other,,,,20015,0.0,0.0,
AB47.RO3,,,AB47,H04,5,control,PCR Negative,SARS-CoV-2,SC2,,,,20015,0.0,0.0,
AB48.CY1,,,AB48,G03,5,control,PCR Negative,"Respiratory Syncitial Virus, Human",G,,,,20802,0.0,0.0,
AB48.CY9,,,AB48,H03,5,control,PCR Positive,"Respiratory Syncitial Virus, Human",G,GBlock,,,20346,0.0,11.7392578125,
AB48.CZ3,,,AB48,G03,5,control,PCR Negative,Influenza Virus B,NEP/NS1,,,,20802,0.0,1.93647539615631,
AB48.CZ6,,,AB48,H03,5,control,PCR Positive,Influenza Virus B,NEP/NS1,GBlock,,,20346,0.0,8.68521022796631,
AB48.FA4,,,AB48,G03,5,control,PCR Negative,Influenza Virus A,M,,,,20802,0.0,0.0,
AB48.FA7,,,AB48,H03,5,control,PCR Positive,Influenza Virus A,M,LV-SARS_N,,,20346,0.0,9.6816349029541,
AB48.HE5,,,AB48,G03,5,control,PCR Negative,"Respiratory Syncitial Virus, Bovine",Other,,,,20802,0.0,0.0,
AB48.HE8,,,AB48,H03,5,control,PCR Positive,"Respiratory Syncitial Virus, Bovine",Other,BRSV,,,20346,0.0,27.7535877227783,
AB48.RO10,,,AB48,H03,5,control,PCR Positive,SARS-CoV-2,SC2,GBlock,,,20346,0.0,6.19759607315063,
AB48.RO2,,,AB48,G03,5,control,PCR Negative,SARS-CoV-2,SC2,,,,20802,0.0,0.0,
AB5.CZ10,,,AB5,D09,5,control,PCR Positive,"Respiratory Syncitial Virus, Human",G,GBlock,,,19948,0.0,0.0,
AB5.CZ3,,,AB5,H04,5,control,PCR Negative,"Respiratory Syncitial Virus, Human",G,,,,21166,0.0,0.0,
AB5.CZ5,,,AB5,E09,5,control,PCR Negative,"Respiratory Syncitial Virus, Human",G,,,,11691,0.0,0.0,
AB5.CZ7,,,AB5,G04,5,control,PCR Negative,"Respiratory Syncitial Virus, Human",G,,,,21559,0.0,0.0,
AB5.FA11,,,AB5,D09,5,control,PCR Positive,SARS-CoV-2,N2,LV-SARS_N,,,19948,0.0,0.0,
AB5.FA2,,,AB5,H04,5,control,PCR Negative,SARS-CoV-2,N2,,,,21166,0.0,0.0,
AB5.FA6,,,AB5,E09,5,control,PCR Negative,SARS-CoV-2,N2,,,,11691,0.0,0.0,
AB5.FA8,,,AB5,G04,5,control,PCR Negative,SARS-CoV-2,N2,,,,21559,0.0,0.0,
AB5.HE1,,,AB5,H04,5,control,PCR Negative,Influenza Virus A,M,,,,21166,0.0,0.0,
AB5.HE12,,,AB5,D09,5,control,PCR Positive,Influenza Virus A,M,GBlock,,,19948,0.0,0.0,
AB5.HE4,,,AB5,E09,5,control,PCR Negative,Influenza Virus A,M,,,,11691,0.0,0.0,
AB5.HE9,,,AB5,G04,5,control,PCR Negative,Influenza Virus A,M,,,,21559,0.0,0.0583464354276657,
AB51.CY1,,,AB51,H04,5,control,PCR Negative,"Respiratory Syncitial Virus, Human",G,,,,21003,0.0,0.0,
AB51.CY11,,,AB51,G04,5,control,PCR Positive,"Respiratory Syncitial Virus, Human",G,GBlock,,,21185,0.0,24.2797451019287,
AB51.CY9,,,AB51,F04,5,control,PCR Negative,"Respiratory Syncitial Virus, Human",G,,,,21546,0.0,0.0583816356956959,
AB51.CZ10,,,AB51,F04,5,control,PCR Negative,Influenza Virus B,NEP/NS1,,,,21546,0.0,1.46035444736481,
AB51.CZ12,,,AB51,G04,5,control,PCR Positive,Influenza Virus B,NEP/NS1,GBlock,,,21185,0.0,12.291127204895,
AB51.CZ2,,,AB51,H04,5,control,PCR Negative,Influenza Virus B,NEP/NS1,,,,21003,0.0,3.59851932525635,
AB51.FA13,,,AB51,G04,5,control,PCR Positive,Influenza Virus A,M,LV-SARS_N,,,21185,0.0,15.1724157333374,
AB51.FA5,,,AB51,H04,5,control,PCR Negative,Influenza Virus A,M,,,,21003,0.0,0.0598910413682461,
AB51.FA6,,,AB51,F04,5,control,PCR Negative,Influenza Virus A,M,,,,21546,0.0,0.0,
AB51.HE15,,,AB51,G04,5,control,PCR Positive,"Respiratory Syncitial Virus, Bovine",Other,BRSV,,,21185,0.0,45.4002571105957,
AB51.HE4,,,AB51,H04,5,control,PCR Negative,"Respiratory Syncitial Virus, Bovine",Other,,,,21003,0.0,0.0,
AB51.HE7,,,AB51,F04,5,control,PCR Negative,"Respiratory Syncitial Virus, Bovine",Other,,,,21546,0.0,0.0,
AB51.RO14,,,AB51,G04,5,control,PCR Positive,SARS-CoV-2,SC2,GBlock,,,21185,0.0,8.63898944854736,
AB51.RO3,,,AB51,H04,5,control,PCR Negative,SARS-CoV-2,SC2,,,,21003,0.0,0.0,
AB51.RO8,,,AB51,F04,5,control,PCR Negative,SARS-CoV-2,SC2,,,,21546,0.0,0.0,
AB52.CY2,,,AB52,H04,5,control,PCR Positive,"Respiratory Syncitial Virus, Human",G,LV-SARS_N,,,21300,0.0,35.8198204040527,
AB52.CY9,,,AB52,G04,5,control,PCR Negative,"Respiratory Syncitial Virus, Human",G,,,,19197,0.0,0.0,
AB52.CZ4,,,AB52,H04,5,control,PCR Positive,Influenza Virus B,NEP/NS1,LV-SARS_N,,,21300,0.0,20.6006469726563,
AB52.CZ7,,,AB52,G04,5,control,PCR Negative,Influenza Virus B,NEP/NS1,,,,19197,0.0,10.3295431137085,
AB52.FA1,,,AB52,H04,5,control,PCR Positive,Influenza Virus A,M,LV-SARS_N,,,21300,0.0,24.9904632568359,
AB52.FA10,,,AB52,G04,5,control,PCR Negative,Influenza Virus A,M,,,,19197,0.0,0.0,
AB52.HE5,,,AB52,H04,5,control,PCR Positive,"Respiratory Syncitial Virus, Bovine",Other,LV-SARS_N,,,21300,0.0,75.4456481933594,
AB52.HE6,,,AB52,G04,5,control,PCR Negative,"Respiratory Syncitial Virus, Bovine",Other,,,,19197,0.0,0.0,
AB52.RO3,,,AB52,H04,5,control,PCR Positive,SARS-CoV-2,SC2,LV-SARS_N,,,21300,0.0,12.940221786499,
AB52.RO8,,,AB52,G04,5,control,PCR Negative,SARS-CoV-2,SC2,,,,19197,0.0,0.0655255690217018,
AB53.CY15,,,AB53,E04,5,control,PCR Positive,"Respiratory Syncitial Virus, Human",G,GBlock,,,18993,0.0,28.5341854095459,
AB53.CY2,,,AB53,D04,5,control,PCR Negative,"Respiratory Syncitial Virus, Human",G,,,,21989,0.0,0.0,
AB53.CY7,,,AB53,F04,5,control,PCR Negative,"Respiratory Syncitial Virus, Human",G,,,,20588,0.0,0.0,
AB53.CZ10,,,AB53,F04,5,control,PCR Negative,Influenza Virus B,NEP/NS1,,,,20588,0.0,2.32382488250732,
AB53.CZ11,,,AB53,E04,5,control,PCR Positive,Influenza Virus B,NEP/NS1,GBlock,,,18993,0.0,13.8513345718384,
AB53.CZ4,,,AB53,D04,5,control,PCR Negative,Influenza Virus B,NEP/NS1,,,,21989,0.0,2.0610363483429,
AB53.FA12,,,AB53,E04,5,control,PCR Positive,Influenza Virus A,M,LV-SARS_N,,,18993,0.0,20.1614646911621,
AB53.FA5,,,AB53,D04,5,control,PCR Negative,Influenza Virus A,M,,,,21989,0.0,0.0,
AB53.FA9,,,AB53,F04,5,control,PCR Negative,Influenza Virus A,M,,,,20588,0.0,0.0,
AB53.HE14,,,AB53,E04,5,control,PCR Positive,"Respiratory Syncitial Virus, Bovine",Other,BRSV,,,18993,0.0,60.7852973937988,
AB53.HE3,,,AB53,D04,5,control,PCR Negative,"Respiratory Syncitial Virus, Bovine",Other,,,,21989,0.0,0.057205431163311,
AB53.HE8,,,AB53,F04,5,control,PCR Negative,"Respiratory Syncitial Virus, Bovine",Other,,,,20588,0.0,0.0,
AB53.RO1,,,AB53,D04,5,control,PCR Negative,SARS-CoV-2,SC2,,,,21989,0.0,0.0,
AB53.RO13,,,AB53,E04,5,control,PCR Positive,SARS-CoV-2,SC2,GBlock,,,18993,0.0,10.574520111084,
AB53.RO6,,,AB53,F04,5,control,PCR Negative,SARS-CoV-2,SC2,,,,20588,0.0,0.0,
AB54.CY11,,,AB54,A01,5,control,PCR Negative,"Respiratory Syncitial Virus, Human",G,,,,20700,0.0,0.0,
AB54.CY3,,,AB54,B01,5,control,PCR Positive,"Respiratory Syncitial Virus, Human",G,GBlock,,,21227,0.0,25.5004940032959,
AB54.CY8,,,AB54,C01,5,control,PCR Negative,"Respiratory Syncitial Virus, Human",G,,,,21680,0.0,0.0,
AB54.CZ12,,,AB54,A01,5,control,PCR Negative,Influenza Virus B,NEP/NS1,,,,20700,0.0,0.182311996817589,
AB54.CZ2,,,AB54,B01,5,control,PCR Positive,Influenza Virus B,NEP/NS1,GBlock,,,21227,0.0,10.8911600112915,
AB54.CZ6,,,AB54,C01,5,control,PCR Negative,Influenza Virus B,NEP/NS1,,,,21680,0.0,0.17407038807869,
AB54.FA1,,,AB54,B01,5,control,PCR Positive,Influenza Virus A,M,LV-SARS_N,,,21227,0.0,21.0335674285889,
AB54.FA13,,,AB54,A01,5,control,PCR Negative,Influenza Virus A,M,,,,20700,0.0,0.0,
AB54.FA7,,,AB54,C01,5,control,PCR Negative,Influenza Virus A,M,,,,21680,0.0,0.0,
AB54.HE14,,,AB54,A01,5,control,PCR Negative,"Respiratory Syncitial Virus, Bovine",Other,,,,20700,0.0,0.0,
AB54.HE4,,,AB54,B01,5,control,PCR Positive,"Respiratory Syncitial Virus, Bovine",Other,BRSV,,,21227,0.0,62.3167915344238,
AB54.HE9,,,AB54,C01,5,control,PCR Negative,"Respiratory Syncitial Virus, Bovine",Other,,,,21680,0.0,0.0,
AB54.RO10,,,AB54,C01,5,control,PCR Negative,SARS-CoV-2,SC2,,,,21680,0.0,0.0,
AB54.RO15,,,AB54,A01,5,control,PCR Negative,SARS-CoV-2,SC2,,,,20700,0.0,0.0,
AB54.RO5,,,AB54,B01,5,control,PCR Positive,SARS-CoV-2,SC2,GBlock,,,21227,0.0,10.7716188430786,
AB55.CY3,,,AB55,G04,5,control,PCR Negative,"Respiratory Syncitial Virus, Human",G,,,,21062,0.0,0.0,
AB55.CY8,,,AB55,H04,5,control,PCR Positive,"Respiratory Syncitial Virus, Human",G,GBlock,,,20822,0.0,36.8408203125,
AB55.CZ4,,,AB55,G04,5,control,PCR Negative,Influenza Virus B,NEP/NS1,,,,21062,0.0,18.6513710021973,
AB55.CZ6,,,AB55,H04,5,control,PCR Positive,Influenza Virus B,NEP/NS1,GBlock,,,20822,0.0,34.1067428588867,
AB55.FA5,,,AB55,G04,5,control,PCR Negative,Influenza Virus A,M,,,,21062,0.0,0.0,
AB55.FA7,,,AB55,H04,5,control,PCR Positive,Influenza Virus A,M,LV-SARS_N,,,20822,0.0,1.45068144798279,
AB55.HE1,,,AB55,G04,5,control,PCR Negative,"Respiratory Syncitial Virus, Bovine",Other,,,,21062,0.0,0.0,
AB55.HE9,,,AB55,H04,5,control,PCR Positive,"Respiratory Syncitial Virus, Bovine",Other,BRSV,,,20822,0.0,79.6752014160156,
AB55.RO10,,,AB55,H04,5,control,PCR Positive,SARS-CoV-2,SC2,GBlock,,,20822,0.0,13.9105758666992,
AB55.RO2,,,AB55,G04,5,control,PCR Negative,SARS-CoV-2,SC2,,,,21062,0.0,0.0,
AB56.CY14,,,AB56,D05,5,control,PCR Negative,"Respiratory Syncitial Virus, Human",G,,,,21285,0.0,0.0,
AB56.CY18,,,AB56,E05,5,control,PCR Negative,"Respiratory Syncitial Virus, Human",G,,,,20146,0.0,0.0,
AB56.CY22,,,AB56,H05,5,control,PCR Negative,"Respiratory Syncitial Virus, Human",G,,,,19801,0.0,0.0,
AB56.CY3,,,AB56,F05,5,control,PCR Positive,"Respiratory Syncitial Virus, Human",G,GBlock,,,20058,0.0,11.0226182937622,
AB56.CY8,,,AB56,G05,5,control,PCR Negative,"Respiratory Syncitial Virus, Human",G,,,,14659,0.0,0.0,
AB56.CZ13,,,AB56,D05,5,control,PCR Negative,Influenza Virus B,NEP/NS1,,,,21285,0.0,5.56734085083008,
AB56.CZ17,,,AB56,E05,5,control,PCR Negative,Influenza Virus B,NEP/NS1,,,,20146,0.0,7.76614904403687,
AB56.CZ2,,,AB56,F05,5,control,PCR Positive,Influenza Virus B,NEP/NS1,GBlock,,,20058,0.0,19.8470802307129,
AB56.CZ23,,,AB56,H05,5,control,PCR Negative,Influenza Virus B,NEP/NS1,,,,19801,0.0,7.64621162414551,
AB56.CZ7,,,AB56,G05,5,control,PCR Negative,Influenza Virus B,NEP/NS1,,,,14659,0.0,9.30158615112305,
AB56.FA12,,,AB56,D05,5,control,PCR Negative,Influenza Virus A,M,,,,21285,0.0,0.0,
AB56.FA20,,,AB56,E05,5,control,PCR Negative,Influenza Virus A,M,,,,20146,0.0,0.0,
AB56.FA24,,,AB56,H05,5,control,PCR Negative,Influenza Virus A,M,,,,19801,0.0,0.0,
AB56.FA5,,,AB56,F05,5,control,PCR Positive,Influenza Virus A,M,LV-SARS_N,,,20058,0.0,13.8092823028564,
AB56.FA9,,,AB56,G05,5,control,PCR Negative,Influenza Virus A,M,,,,14659,0.0,0.0,
AB56.HE1,,,AB56,F05,5,control,PCR Positive,"Respiratory Syncitial Virus, Bovine",Other,BRSV,,,20058,0.0,28.73388671875,
AB56.HE15,,,AB56,D05,5,control,PCR Negative,"Respiratory Syncitial Virus, Bovine",Other,,,,21285,0.0,0.0,
AB56.HE16,,,AB56,E05,5,control,PCR Negative,"Respiratory Syncitial Virus, Bovine",Other,,,,20146,0.0,0.0,
AB56.HE21,,,AB56,H05,5,control,PCR Negative,"Respiratory Syncitial Virus, Bovine",Other,,,,19801,0.0,0.0,
AB56.HE6,,,AB56,G05,5,control,PCR Negative,"Respiratory Syncitial Virus, Bovine",Other,,,,14659,0.0,0.0,
AB56.RO10,,,AB56,G05,5,control,PCR Negative,SARS-CoV-2,SC2,,,,14659,0.0,0.0,
AB56.RO11,,,AB56,D05,5,control,PCR Negative,SARS-CoV-2,SC2,,,,21285,0.0,0.0,
AB56.RO19,,,AB56,E05,5,control,PCR Negative,SARS-CoV-2,SC2,,,,20146,0.0,0.0,
AB56.RO25,,,AB56,H05,5,control,PCR Negative,SARS-CoV-2,SC2,,,,19801,0.0,0.0,
AB56.RO4,,,AB56,F05,5,control,PCR Positive,SARS-CoV-2,SC2,GBlock,,,20058,0.0,12.4151782989502,
AB57.CY1,,,AB57,E04,5,control,PCR Negative,"Respiratory Syncitial Virus, Human",G,,,,20605,0.0,0.0,
AB57.CY12,,,AB57,G04,5,control,PCR Negative,"Respiratory Syncitial Virus, Human",G,,,,19369,0.0,15.8149690628052,
AB57.CY17,,,AB57,H04,5,control,PCR Negative,"Respiratory Syncitial Virus, Human",G,,,,21472,0.0,0.0,
AB57.CY7,,,AB57,F04,5,control,PCR Positive,"Respiratory Syncitial Virus, Human",G,GBlock,,,20083,0.0,0.0,
AB57.CZ10,,,AB57,G04,5,control,PCR Negative,Influenza Virus B,NEP/NS1,,,,19369,0.0,24.5920886993408,
AB57.CZ15,,,AB57,H04,5,control,PCR Negative,Influenza Virus B,NEP/NS1,,,,21472,0.0,9.34911346435547,
AB57.CZ3,,,AB57,E04,5,control,PCR Negative,Influenza Virus B,NEP/NS1,,,,20605,0.0,2.68891477584839,
AB57.CZ9,,,AB57,F04,5,control,PCR Positive,Influenza Virus B,NEP/NS1,GBlock,,,20083,0.0,8.54708194732666,
AB57.FA13,,,AB57,G04,5,control,PCR Negative,Influenza Virus A,M,,,,19369,0.0,14.5660791397095,
AB57.FA16,,,AB57,H04,5,control,PCR Negative,Influenza Virus A,M,,,,21472,0.0,0.0,
AB57.FA2,,,AB57,E04,5,control,PCR Negative,Influenza Virus A,M,,,,20605,0.0,0.0,
AB57.FA5,,,AB57,F04,5,control,PCR Positive,Influenza Virus A,M,LV-SARS_N,,,20083,0.0,0.0,
AB57.HE11,,,AB57,G04,5,control,PCR Negative,"Respiratory Syncitial Virus, Bovine",Other,,,,19369,0.0,37.6394577026367,
AB57.HE14,,,AB57,H04,5,control,PCR Negative,"Respiratory Syncitial Virus, Bovine",Other,,,,21472,0.0,0.0,
AB57.HE4,,,AB57,E04,5,control,PCR Negative,"Respiratory Syncitial Virus, Bovine",Other,,,,20605,0.0,0.0,
AB57.HE8,,,AB57,F04,5,control,PCR Positive,"Respiratory Syncitial Virus, Bovine",Other,BRSV,,,20083,0.0,0.0,
AB57.RO6,,,AB57,F04,5,control,PCR Positive,SARS-CoV-2,SC2,GBlock,,,20083,0.0,0.0,
AB58.CY10,,,AB58,F04,5,control,PCR Negative,"Respiratory Syncitial Virus, Human",G,,,,20734,0.0,0.0,
AB58.CY13,,,AB58,G04,5,control,PCR Positive,"Respiratory Syncitial Virus, Human",G,GBlock,,,20673,0.0,8.97625923156738,
AB58.CY18,,,AB58,H04,5,control,PCR Negative,"Respiratory Syncitial Virus, Human",G,,,,20756,0.0,0.0,
AB58.CY5,,,AB58,E04,5,control,PCR Negative,"Respiratory Syncitial Virus, Human",G,,,,20730,0.0,0.0,
AB58.CZ11,,,AB58,G04,5,control,PCR Positive,Influenza Virus B,NEP/NS1,GBlock,,,20673,0.0,16.8448352813721,
AB58.CZ2,,,AB58,E04,5,control,PCR Negative,Influenza Virus B,NEP/NS1,,,,20730,0.0,8.52377986907959,
AB58.CZ20,,,AB58,H04,5,control,PCR Negative,Influenza Virus B,NEP/NS1,,,,20756,0.0,11.2005453109741,
AB58.CZ7,,,AB58,F04,5,control,PCR Negative,Influenza Virus B,NEP/NS1,,,,20734,0.0,9.98888206481934,
AB58.FA14,,,AB58,G04,5,control,PCR Positive,Influenza Virus A,M,LV-SARS_N,,,20673,0.0,8.60862445831299,
AB58.FA17,,,AB58,H04,5,control,PCR Negative,Influenza Virus A,M,,,,20756,0.0,0.0606037750840187,
AB58.FA3,,,AB58,E04,5,control,PCR Negative,Influenza Virus A,M,,,,20730,0.0,0.0,
AB58.FA9,,,AB58,F04,5,control,PCR Negative,Influenza Virus A,M,,,,20734,0.0,0.0,
AB58.HE1,,,AB58,E04,5,control,PCR Negative,"Respiratory Syncitial Virus, Bovine",Other,,,,20730,0.0,0.0,
AB58.HE12,,,AB58,G04,5,control,PCR Positive,"Respiratory Syncitial Virus, Bovine",Other,BRSV,,,20673,0.0,20.7357997894287,
AB58.HE19,,,AB58,H04,5,control,PCR Negative,"Respiratory Syncitial Virus, Bovine",Other,,,,20756,0.0,0.0,
AB58.HE6,,,AB58,F04,5,control,PCR Negative,"Respiratory Syncitial Virus, Bovine",Other,,,,20734,0.0,0.0,
AB58.RO15,,,AB58,G04,5,control,PCR Positive,SARS-CoV-2,SC2,GBlock,,,20673,0.0,6.95559692382813,
AB58.RO16,,,AB58,H04,5,control,PCR Negative,SARS-CoV-2,SC2,,,,20756,0.0,0.0,
AB58.RO4,,,AB58,E04,5,control,PCR Negative,SARS-CoV-2,SC2,,,,20730,0.0,0.0,
AB58.RO8,,,AB58,F04,5,control,PCR Negative,SARS-CoV-2,SC2,,,,20734,0.0,0.0,
AB59.CY1,,,AB59,H04,5,control,PCR Positive,"Respiratory Syncitial Virus, Human",G,GBlock,,,21099,0.0,10.1158599853516,
AB59.CY8,,,AB59,G04,5,control,PCR Negative,"Respiratory Syncitial Virus, Human",G,,,,20166,0.0,0.0,
AB59.CZ10,,,AB59,G04,5,control,PCR Negative,Influenza Virus B,NEP/NS1,,,,20166,0.0,2.49749231338501,
AB59.CZ4,,,AB59,H04,5,control,PCR Positive,Influenza Virus B,NEP/NS1,GBlock,,,21099,0.0,10.4765033721924,
AB59.FA3,,,AB59,H04,5,control,PCR Positive,Influenza Virus A,M,LV-SARS_N,,,21099,0.0,10.8372497558594,
AB59.FA6,,,AB59,G04,5,control,PCR Negative,Influenza Virus A,M,,,,20166,0.0,0.0,
AB59.HE5,,,AB59,H04,5,control,PCR Positive,"Respiratory Syncitial Virus, Bovine",Other,BRSV,,,21099,0.0,22.3754043579102,
AB59.HE9,,,AB59,G04,5,control,PCR Negative,"Respiratory Syncitial Virus, Bovine",Other,,,,20166,0.0,0.0,
AB59.RO2,,,AB59,H04,5,control,PCR Positive,SARS-CoV-2,SC2,GBlock,,,21099,0.0,8.25418567657471,
AB59.RO7,,,AB59,G04,5,control,PCR Negative,SARS-CoV-2,SC2,,,,20166,0.0,0.0,
AB6.FA2,,,AB6,F04,5,control,PCR Negative,SARS-CoV-2,N2,,,,20067,0.0,0.0,
AB6.FA4,,,AB6,G04,5,control,PCR Positive,SARS-CoV-2,N2,LV-SARS_N,,,18548,0.0,618.345703125,
AB6.FA6,,,AB6,H04,5,control,PCR Negative,SARS-CoV-2,N2,,,,20243,0.0,0.0,
AB6.HE1,,,AB6,F04,5,control,PCR Negative,Influenza Virus A,M,,,,20067,0.0,0.0626846551895142,
AB6.HE3,,,AB6,G04,5,control,PCR Positive,Influenza Virus A,M,GBlock,,,18548,0.0,61.9241027832031,
AB6.HE5,,,AB6,H04,5,control,PCR Negative,Influenza Virus A,M,,,,20243,0.0,0.0,
AB60.CY10,,,AB60,D04,5,control,PCR Negative,"Respiratory Syncitial Virus, Human",G,,,,18408,0.0,0.0,
AB60.CY13,,,AB60,H04,5,control,PCR Negative,"Respiratory Syncitial Virus, Human",G,,,,19310,0.0,0.0,
AB60.CY20,,,AB60,G04,5,control,PCR Negative,"Respiratory Syncitial Virus, Human",G,,,,18659,0.0,0.0,
AB60.CY23,,,AB60,C04,5,control,PCR Negative,"Respiratory Syncitial Virus, Human",G,,,,19675,0.0,0.0,
AB60.CY26,,,AB60,E04,5,control,PCR Positive,"Respiratory Syncitial Virus, Human",G,GBlock,,,19446,0.0,20.016674041748,
AB60.CY3,,,AB60,F04,5,control,PCR Positive,"Respiratory Syncitial Virus, Human",G,GBlock,,,18064,0.0,17.812463760376,
AB60.CZ1,,,AB60,F04,5,control,PCR Positive,Influenza Virus B,NEP/NS1,GBlock,,,18064,0.0,19.5086498260498,
AB60.CZ11,,,AB60,H04,5,control,PCR Negative,Influenza Virus B,NEP/NS1,,,,19310,0.0,2.86944890022278,
AB60.CZ17,,,AB60,G04,5,control,PCR Negative,Influenza Virus B,NEP/NS1,,,,18659,0.0,2.56431102752686,
AB60.CZ21,,,AB60,C04,5,control,PCR Negative,Influenza Virus B,NEP/NS1,,,,19675,0.0,1.02332782745361,
AB60.CZ29,,,AB60,E04,5,control,PCR Positive,Influenza Virus B,NEP/NS1,GBlock,,,19446,0.0,23.6366100311279,
AB60.CZ7,,,AB60,D04,5,control,PCR Negative,Influenza Virus B,NEP/NS1,,,,18408,0.0,0.95701664686203,
AB60.FA14,,,AB60,H04,5,control,PCR Negative,Influenza Virus A,M,,,,19310,0.0,0.0,
AB60.FA19,,,AB60,G04,5,control,PCR Negative,Influenza Virus A,M,,,,18659,0.0,0.0674149319529533,
AB60.FA25,,,AB60,C04,5,control,PCR Negative,Influenza Virus A,M,,,,19675,0.0,0.0,
AB60.FA28,,,AB60,E04,5,control,PCR Positive,Influenza Virus A,M,LV-SARS_N,,,19446,0.0,26.407958984375,
AB60.FA5,,,AB60,F04,5,control,PCR Positive,Influenza Virus A,M,LV-SARS_N,,,18064,0.0,21.7029438018799,
AB60.FA8,,,AB60,D04,5,control,PCR Negative,Influenza Virus A,M,,,,18408,0.0,0.0683341920375824,
AB60.HE12,,,AB60,H04,5,control,PCR Negative,"Respiratory Syncitial Virus, Bovine",Other,,,,19310,0.0,0.0,
AB60.HE16,,,AB60,G04,5,control,PCR Negative,"Respiratory Syncitial Virus, Bovine",Other,,,,18659,0.0,0.0,
AB60.HE2,,,AB60,F04,5,control,PCR Positive,"Respiratory Syncitial Virus, Bovine",Other,BRSV,,,18064,0.0,13.9339818954468,
AB60.HE22,,,AB60,C04,5,control,PCR Negative,"Respiratory Syncitial Virus, Bovine",Other,,,,19675,0.0,0.0,
AB60.HE30,,,AB60,E04,5,control,PCR Positive,"Respiratory Syncitial Virus, Bovine",Other,BRSV,,,19446,0.0,15.0971240997314,
AB60.HE6,,,AB60,D04,5,control,PCR Negative,"Respiratory Syncitial Virus, Bovine",Other,,,,18408,0.0,0.0,
AB60.RO15,,,AB60,H04,5,control,PCR Negative,SARS-CoV-2,SC2,,,,19310,0.0,0.0,
AB60.RO18,,,AB60,G04,5,control,PCR Negative,SARS-CoV-2,SC2,,,,18659,0.0,0.0674149319529533,
AB60.RO24,,,AB60,C04,5,control,PCR Negative,SARS-CoV-2,SC2,,,,19675,0.0,0.0,
AB60.RO27,,,AB60,E04,5,control,PCR Positive,SARS-CoV-2,SC2,GBlock,,,19446,0.0,22.2532234191895,
AB60.RO4,,,AB60,F04,5,control,PCR Positive,SARS-CoV-2,SC2,GBlock,,,18064,0.0,18.3776054382324,
AB60.RO9,,,AB60,D04,5,control,PCR Negative,SARS-CoV-2,SC2,,,,18408,0.0,0.0,
AB61.CY3,,,AB61,H04,5,control,PCR Negative,"Respiratory Syncitial Virus, Human",G,,,,20951,0.0,0.0,
AB61.CZ5,,,AB61,H04,5,control,PCR Negative,Influenza Virus B,NEP/NS1,,,,20951,0.0,0.360281139612198,
AB61.FA1,,,AB61,H04,5,control,PCR Negative,Influenza Virus A,M,,,,20951,0.0,0.0600396953523159,
AB61.HE4,,,AB61,H04,5,control,PCR Negative,"Respiratory Syncitial Virus, Bovine",Other,,,,20951,0.0,0.0,
AB61.RO2,,,AB61,H04,5,control,PCR Negative,SARS-CoV-2,SC2,,,,20951,0.0,0.0,
AB62.CY10,,,AB62,D05,5,control,PCR Negative,"Respiratory Syncitial Virus, Human",G,,,,21093,0.0,0.0,
AB62.CY13,,,AB62,H05,5,control,PCR Positive,"Respiratory Syncitial Virus, Human",G,GBlock,,,21148,0.0,16.4037399291992,
AB62.CY3,,,AB62,C05,5,control,PCR Negative,"Respiratory Syncitial Virus, Human",G,,,,21358,0.0,0.0,
AB62.CZ15,,,AB62,H05,5,control,PCR Positive,Influenza Virus B,NEP/NS1,GBlock,,,21148,0.0,18.997579574585,
AB62.CZ5,,,AB62,C05,5,control,PCR Negative,Influenza Virus B,NEP/NS1,,,,21358,0.0,1.53218114376068,
AB62.CZ7,,,AB62,D05,5,control,PCR Negative,Influenza Virus B,NEP/NS1,,,,21093,0.0,1.43203270435333,
AB62.FA11,,,AB62,H05,5,control,PCR Positive,Influenza Virus A,M,LV-SARS_N,,,21148,0.0,19.1787452697754,
AB62.FA2,,,AB62,C05,5,control,PCR Negative,Influenza Virus A,M,,,,21358,0.0,0.058895543217659,
AB62.FA8,,,AB62,D05,5,control,PCR Negative,Influenza Virus A,M,,,,21093,0.0,0.0,
AB62.HE14,,,AB62,H05,5,control,PCR Positive,"Respiratory Syncitial Virus, Bovine",Other,BRSV,,,21148,0.0,12.8534297943115,
AB62.HE4,,,AB62,C05,5,control,PCR Negative,"Respiratory Syncitial Virus, Bovine",Other,,,,21358,0.0,0.0,
AB62.HE6,,,AB62,D05,5,control,PCR Negative,"Respiratory Syncitial Virus, Bovine",Other,,,,21093,0.0,0.0,
AB62.RO1,,,AB62,C05,5,control,PCR Negative,SARS-CoV-2,SC2,,,,21358,0.0,0.0,
AB62.RO12,,,AB62,H05,5,control,PCR Positive,SARS-CoV-2,SC2,GBlock,,,21148,0.0,15.3195323944092,
AB62.RO9,,,AB62,D05,5,control,PCR Negative,SARS-CoV-2,SC2,,,,21093,0.0,0.0,
AB65.CY5,,,AB65,H04,5,control,PCR Negative,"Respiratory Syncitial Virus, Human",G,,,,20672,0.0,0.0,
AB65.CZ2,,,AB65,H04,5,control,PCR Negative,Influenza Virus B,NEP/NS1,,,,20672,0.0,7.44551801681519,
AB65.FA3,,,AB65,H04,5,control,PCR Negative,Influenza Virus A,M,,,,20672,0.0,1.52213478088379,
AB65.HE1,,,AB65,H04,5,control,PCR Negative,"Respiratory Syncitial Virus, Bovine",Other,,,,20672,0.0,0.0,
AB65.RO4,,,AB65,H04,5,control,PCR Negative,SARS-CoV-2,SC2,,,,20672,0.0,0.0,
AB66.CY1,,,AB66,H03,5,control,PCR Negative,"Respiratory Syncitial Virus, Human",G,,,,21242,0.0,0.0,
AB66.CY10,,,AB66,G03,5,control,PCR Positive,"Respiratory Syncitial Virus, Human",G,GBlock,,,21438,0.0,17.0127563476563,
AB66.CZ2,,,AB66,H03,5,control,PCR Negative,Influenza Virus B,NEP/NS1,,,,21242,0.0,14.8318290710449,
AB66.CZ6,,,AB66,G03,5,control,PCR Positive,Influenza Virus B,NEP/NS1,GBlock,,,21438,0.0,39.757568359375,
AB66.FA5,,,AB66,H03,5,control,PCR Negative,Influenza Virus A,M,,,,21242,0.0,0.0,
AB66.FA9,,,AB66,G03,5,control,PCR Positive,Influenza Virus A,M,LV-SARS_N,,,21438,0.0,23.8708553314209,
AB66.HE3,,,AB66,H03,5,control,PCR Negative,"Respiratory Syncitial Virus, Bovine",Other,,,,21242,0.0,0.0,
AB66.HE7,,,AB66,G03,5,control,PCR Positive,"Respiratory Syncitial Virus, Bovine",Other,BRSV,,,21438,0.0,14.1019334793091,
AB66.RO4,,,AB66,H03,5,control,PCR Negative,SARS-CoV-2,SC2,,,,21242,0.0,0.0,
AB66.RO8,,,AB66,G03,5,control,PCR Positive,SARS-CoV-2,SC2,GBlock,,,21438,0.0,20.5862293243408,
AB67.CY4,,,AB67,H04,5,control,PCR Positive,"Respiratory Syncitial Virus, Human",G,GBlock,,,21595,0.0,19.3110103607178,
AB67.CY6,,,AB67,G04,5,control,PCR Negative,"Respiratory Syncitial Virus, Human",G,,,,20921,0.0,0.0,
AB67.CZ10,,,AB67,G04,5,control,PCR Negative,Influenza Virus B,NEP/NS1,,,,20921,0.0,0.420940905809402,
AB67.CZ3,,,AB67,H04,5,control,PCR Positive,Influenza Virus B,NEP/NS1,GBlock,,,21595,0.0,19.9026393890381,
AB67.FA1,,,AB67,H04,5,control,PCR Positive,Influenza Virus A,M,LV-SARS_N,,,21595,0.0,23.3989219665527,
AB67.FA8,,,AB67,G04,5,control,PCR Negative,Influenza Virus A,M,,,,20921,0.0,0.0,
AB67.HE2,,,AB67,H04,5,control,PCR Positive,"Respiratory Syncitial Virus, Bovine",Other,BRSV,,,21595,0.0,13.4688510894775,
AB67.HE9,,,AB67,G04,5,control,PCR Negative,"Respiratory Syncitial Virus, Bovine",Other,,,,20921,0.0,0.0,
AB67.RO5,,,AB67,H04,5,control,PCR Positive,SARS-CoV-2,SC2,GBlock,,,21595,0.0,20.3169441223145,
AB67.RO7,,,AB67,G04,5,control,PCR Negative,SARS-CoV-2,SC2,,,,20921,0.0,0.0,
AB7.FA3,,,AB7,H03,5,control,PCR Negative,SARS-CoV-2,N2,,,,19678,0.0,0.0639238506555557,
AB7.FA4,,,AB7,H06,5,control,PCR Negative,SARS-CoV-2,N2,,,,21557,0.0,0.116706401109695,
AB7.FA6,,,AB7,F07,5,control,PCR Positive,SARS-CoV-2,N2,LV-SARS_N,,,21302,0.0,1142.09985351563,
AB7.FA8,,,AB7,G03,5,control,PCR Negative,SARS-CoV-2,N2,,,,18623,0.0,0.0675452649593353,
AB7.HE1,,,AB7,G07,5,control,PCR Positive,Influenza Virus A,M,GBlock,,,21088,0.0,48.7712745666504,
AB7.HE2,,,AB7,H03,5,control,PCR Negative,Influenza Virus A,M,,,,19678,0.0,0.0,
AB7.HE5,,,AB7,H06,5,control,PCR Negative,Influenza Virus A,M,,,,21557,0.0,0.0,
AB7.HE7,,,AB7,G03,5,control,PCR Negative,Influenza Virus A,M,,,,18623,0.0,0.0,
AB70.CY5,,,AB70,H07,5,control,PCR Negative,"Respiratory Syncitial Virus, Human",G,,,,18751,0.0,0.0,
AB70.CZ3,,,AB70,H07,5,control,PCR Negative,Influenza Virus B,NEP/NS1,,,,18751,0.0,0.335456609725952,
AB70.FA2,,,AB70,H07,5,control,PCR Negative,Influenza Virus A,M,,,,18751,0.0,0.0,
AB70.HE1,,,AB70,H07,5,control,PCR Negative,"Respiratory Syncitial Virus, Bovine",Other,,,,18751,0.0,0.0,
AB70.RO4,,,AB70,H07,5,control,PCR Negative,SARS-CoV-2,SC2,,,,18751,0.0,0.0,
AB7102024.FA1,,,AB7102024,H12,5,control,PCR Positive,Human Norovirus GI,ORF1_2,GBlock,,,19010,0.0,0.0,
AB7102024.FA4,,,AB7102024,A12,5,control,PCR Negative,Human Norovirus GI,ORF1_2,,,,18769,0.0,15.7129383087158,
AB7102024.HE2,,,AB7102024,H12,5,control,PCR Positive,Human Norovirus GII,ORF1_2,GBlock,,,19010,0.0,2.18545532226563,
AB7102024.HE3,,,AB7102024,A12,5,control,PCR Negative,Human Norovirus GII,ORF1_2,,,,18769,0.0,14.2208919525146,
AB72.CY1,,,AB72,E04,5,control,PCR Negative,"Respiratory Syncitial Virus, Human",G,,,,20087,0.0,0.0,
AB72.CY10,,,AB72,F04,5,control,PCR Positive,"Respiratory Syncitial Virus, Human",G,GBlock,,,19637,0.0,0.0,
AB72.CY15,,,AB72,G04,5,control,PCR Negative,"Respiratory Syncitial Virus, Human",G,,,,19709,0.0,21.3043804168701,
AB72.CY20,,,AB72,H04,5,control,PCR Negative,"Respiratory Syncitial Virus, Human",G,,,,20221,0.0,0.0,
AB72.CZ13,,,AB72,G04,5,control,PCR Negative,Influenza Virus B,NEP/NS1,,,,19709,0.0,18.062967300415,
AB72.CZ16,,,AB72,H04,5,control,PCR Negative,Influenza Virus B,NEP/NS1,,,,20221,0.0,0.0,
AB72.CZ3,,,AB72,E04,5,control,PCR Negative,Influenza Virus B,NEP/NS1,,,,20087,0.0,0.0,
AB72.CZ8,,,AB72,F04,5,control,PCR Positive,Influenza Virus B,NEP/NS1,GBlock,,,19637,0.0,0.0,
AB72.FA12,,,AB72,G04,5,control,PCR Negative,Influenza Virus A,M,,,,19709,0.0,22.0835628509521,
AB72.FA18,,,AB72,H04,5,control,PCR Negative,Influenza Virus A,M,,,,20221,0.0,0.124417565762997,
AB72.FA4,,,AB72,E04,5,control,PCR Negative,Influenza Virus A,M,,,,20087,0.0,0.0,
AB72.FA7,,,AB72,F04,5,control,PCR Positive,Influenza Virus A,M,LV-SARS_N,,,19637,0.0,0.064057320356369,
AB72.HE11,,,AB72,G04,5,control,PCR Negative,"Respiratory Syncitial Virus, Bovine",Other,,,,19709,0.0,14.8944673538208,
AB72.HE17,,,AB72,H04,5,control,PCR Negative,"Respiratory Syncitial Virus, Bovine",Other,,,,20221,0.0,0.0,
AB72.HE5,,,AB72,E04,5,control,PCR Negative,"Respiratory Syncitial Virus, Bovine",Other,,,,20087,0.0,0.0,
AB72.HE6,,,AB72,F04,5,control,PCR Positive,"Respiratory Syncitial Virus, Bovine",Other,BRSV,,,19637,0.0,0.0,
AB72.RO14,,,AB72,G04,5,control,PCR Negative,SARS-CoV-2,SC2,,,,19709,0.0,17.8687477111816,
AB72.RO19,,,AB72,H04,5,control,PCR Negative,SARS-CoV-2,SC2,,,,20221,0.0,0.0,
AB72.RO2,,,AB72,E04,5,control,PCR Negative,SARS-CoV-2,SC2,,,,20087,0.0,0.0,
AB72.RO9,,,AB72,F04,5,control,PCR Positive,SARS-CoV-2,SC2,GBlock,,,19637,0.0,0.0,
AB73.CY5,,,AB73,G04,5,control,PCR Positive,"Respiratory Syncitial Virus, Human",G,GBlock,,,20959,0.0,17.8303050994873,
AB73.CY7,,,AB73,F04,5,control,PCR Negative,"Respiratory Syncitial Virus, Human",G,,,,21046,0.0,0.0,
AB73.CZ4,,,AB73,G04,5,control,PCR Positive,Influenza Virus B,NEP/NS1,GBlock,,,20959,0.0,16.1270389556885,
AB73.CZ6,,,AB73,F04,5,control,PCR Negative,Influenza Virus B,NEP/NS1,,,,21046,0.0,0.239091739058495,
AB73.FA3,,,AB73,G04,5,control,PCR Positive,Influenza Virus A,M,LV-SARS_N,,,20959,0.0,21.4268970489502,
AB73.FA8,,,AB73,F04,5,control,PCR Negative,Influenza Virus A,M,,,,21046,0.0,0.358654648065567,
AB73.HE1,,,AB73,G04,5,control,PCR Positive,"Respiratory Syncitial Virus, Bovine",Other,BRSV,,,20959,0.0,12.9699363708496,
AB73.HE10,,,AB73,F04,5,control,PCR Negative,"Respiratory Syncitial Virus, Bovine",Other,,,,21046,0.0,0.0597686730325222,
AB73.RO2,,,AB73,G04,5,control,PCR Positive,SARS-CoV-2,SC2,GBlock,,,20959,0.0,15.3370199203491,
AB73.RO9,,,AB73,F04,5,control,PCR Negative,SARS-CoV-2,SC2,,,,21046,0.0,0.0,
AB74.CY15,,,AB74,E04,5,control,PCR Positive,"Respiratory Syncitial Virus, Human",G,GBlock,,,17934,0.0,25.3635425567627,
AB74.CY2,,,AB74,D04,5,control,PCR Negative,"Respiratory Syncitial Virus, Human",G,,,,16605,0.0,0.0,
AB74.CY20,,,AB74,G04,5,control,PCR Negative,"Respiratory Syncitial Virus, Human",G,,,,16528,0.0,0.0,
AB74.CY25,,,AB74,C04,5,control,PCR Negative,"Respiratory Syncitial Virus, Human",G,,,,18294,0.0,0.0,
AB74.CY29,,,AB74,B04,5,control,PCR Negative,"Respiratory Syncitial Virus, Human",G,,,,16587,0.0,0.0,
AB74.CY31,,,AB74,F04,5,control,PCR Negative,"Respiratory Syncitial Virus, Human",G,,,,16274,0.0,0.0,
AB74.CY9,,,AB74,H04,5,control,PCR Negative,"Respiratory Syncitial Virus, Human",G,,,,20908,0.0,0.0,
AB74.CZ1,,,AB74,D04,5,control,PCR Negative,Influenza Virus B,NEP/NS1,,,,16605,0.0,0.0757542550563812,
AB74.CZ10,,,AB74,H04,5,control,PCR Negative,Influenza Virus B,NEP/NS1,,,,20908,0.0,0.661953270435333,
AB74.CZ14,,,AB74,E04,5,control,PCR Positive,Influenza Virus B,NEP/NS1,GBlock,,,17934,0.0,21.7189102172852,
AB74.CZ19,,,AB74,G04,5,control,PCR Negative,Influenza Virus B,NEP/NS1,,,,16528,0.0,0.0,
AB74.CZ24,,,AB74,C04,5,control,PCR Negative,Influenza Virus B,NEP/NS1,,,,18294,0.0,0.0687600299715996,
AB74.CZ30,,,AB74,B04,5,control,PCR Negative,Influenza Virus B,NEP/NS1,,,,16587,0.0,0.0758364722132683,
AB74.CZ32,,,AB74,F04,5,control,PCR Negative,Influenza Virus B,NEP/NS1,,,,16274,0.0,0.154594928026199,
AB74.FA11,,,AB74,E04,5,control,PCR Positive,Influenza Virus A,M,LV-SARS_N,,,17934,0.0,28.0143127441406,
AB74.FA18,,,AB74,G04,5,control,PCR Negative,Influenza Virus A,M,,,,16528,0.0,0.304456412792206,
AB74.FA22,,,AB74,C04,5,control,PCR Negative,Influenza Virus A,M,,,,18294,0.0,0.0,
AB74.FA26,,,AB74,B04,5,control,PCR Negative,Influenza Virus A,M,,,,16587,0.0,0.0,
AB74.FA33,,,AB74,F04,5,control,PCR Negative,Influenza Virus A,M,,,,16274,0.0,0.154594928026199,
AB74.FA4,,,AB74,D04,5,control,PCR Negative,Influenza Virus A,M,,,,16605,0.0,0.0,
AB74.FA7,,,AB74,H04,5,control,PCR Negative,Influenza Virus A,M,,,,20908,0.0,0.601761281490326,
AB74.HE13,,,AB74,E04,5,control,PCR Positive,"Respiratory Syncitial Virus, Bovine",Other,BRSV,,,17934,0.0,15.5968790054321,
AB74.HE16,,,AB74,G04,5,control,PCR Negative,"Respiratory Syncitial Virus, Bovine",Other,,,,16528,0.0,0.0,
AB74.HE21,,,AB74,C04,5,control,PCR Negative,"Respiratory Syncitial Virus, Bovine",Other,,,,18294,0.0,0.0,
AB74.HE28,,,AB74,B04,5,control,PCR Negative,"Respiratory Syncitial Virus, Bovine",Other,,,,16587,0.0,0.0,
AB74.HE35,,,AB74,F04,5,control,PCR Negative,"Respiratory Syncitial Virus, Bovine",Other,,,,16274,0.0,0.0,
AB74.HE5,,,AB74,D04,5,control,PCR Negative,"Respiratory Syncitial Virus, Bovine",Other,,,,16605,0.0,0.0,
AB74.HE6,,,AB74,H04,5,control,PCR Negative,"Respiratory Syncitial Virus, Bovine",Other,,,,20908,0.0,0.0,
AB74.RO12,,,AB74,E04,5,control,PCR Positive,SARS-CoV-2,SC2,GBlock,,,17934,0.0,22.2899208068848,
AB74.RO17,,,AB74,G04,5,control,PCR Negative,SARS-CoV-2,SC2,,,,16528,0.0,0.0,
AB74.RO23,,,AB74,C04,5,control,PCR Negative,SARS-CoV-2,SC2,,,,18294,0.0,0.0,
AB74.RO27,,,AB74,B04,5,control,PCR Negative,SARS-CoV-2,SC2,,,,16587,0.0,0.0,
AB74.RO3,,,AB74,D04,5,control,PCR Negative,SARS-CoV-2,SC2,,,,16605,0.0,0.0,
AB74.RO34,,,AB74,F04,5,control,PCR Negative,SARS-CoV-2,SC2,,,,16274,0.0,0.0,
AB74.RO8,,,AB74,H04,5,control,PCR Negative,SARS-CoV-2,SC2,,,,20908,0.0,0.0,
AB75.CY1,,,AB75,H04,5,control,PCR Positive,"Respiratory Syncitial Virus, Human",G,GBlock,,,18855,0.0,20.5814476013184,
AB75.CY6,,,AB75,F04,5,control,PCR Negative,"Respiratory Syncitial Virus, Human",G,,,,21523,0.0,0.0,
AB75.CZ5,,,AB75,H04,5,control,PCR Positive,Influenza Virus B,NEP/NS1,GBlock,,,18855,0.0,16.7896461486816,
AB75.CZ8,,,AB75,F04,5,control,PCR Negative,Influenza Virus B,NEP/NS1,,,,21523,0.0,0.0,
AB75.FA3,,,AB75,H04,5,control,PCR Positive,Influenza Virus A,M,LV-SARS_N,,,18855,0.0,21.5990524291992,
AB75.FA9,,,AB75,F04,5,control,PCR Negative,Influenza Virus A,M,,,,21523,0.0,0.0,
AB75.HE4,,,AB75,H04,5,control,PCR Positive,"Respiratory Syncitial Virus, Bovine",Other,BRSV,,,18855,0.0,14.358081817627,
AB75.HE7,,,AB75,F04,5,control,PCR Negative,"Respiratory Syncitial Virus, Bovine",Other,,,,21523,0.0,0.0,
AB75.RO10,,,AB75,F04,5,control,PCR Negative,SARS-CoV-2,SC2,,,,21523,0.0,0.0,
AB75.RO2,,,AB75,H04,5,control,PCR Positive,SARS-CoV-2,SC2,GBlock,,,18855,0.0,15.6408224105835,
AB76.CY5,,,AB76,H03,5,control,PCR Negative,"Respiratory Syncitial Virus, Human",G,,,,21255,0.0,0.0,
AB76.CZ2,,,AB76,H03,5,control,PCR Negative,Influenza Virus B,NEP/NS1,,,,21255,0.0,0.0591809526085854,
AB76.FA4,,,AB76,H03,5,control,PCR Negative,Influenza Virus A,M,,,,21255,0.0,0.0591809526085854,
AB76.HE1,,,AB76,H03,5,control,PCR Negative,"Respiratory Syncitial Virus, Bovine",Other,,,,21255,0.0,0.0,
AB76.RO3,,,AB76,H03,5,control,PCR Negative,SARS-CoV-2,SC2,,,,21255,0.0,0.0,
AB78.CY4,,,AB78,B05,5,control,PCR Negative,"Respiratory Syncitial Virus, Human",G,,,,20824,0.0,0.0,
AB78.CZ1,,,AB78,B05,5,control,PCR Negative,Influenza Virus B,NEP/NS1,,,,20824,0.0,0.845946252346039,
AB78.FA2,,,AB78,B05,5,control,PCR Negative,Influenza Virus A,M,,,,20824,0.0,0.120814636349678,
AB78.HE5,,,AB78,B05,5,control,PCR Negative,"Respiratory Syncitial Virus, Bovine",Other,,,,20824,0.0,0.0,
AB78.RO3,,,AB78,B05,5,control,PCR Negative,SARS-CoV-2,SC2,,,,20824,0.0,0.0,
AB79.CY5,,,AB79,G04,5,control,PCR Negative,"Respiratory Syncitial Virus, Human",G,,,,22133,0.0,0.0,
AB79.CY9,,,AB79,H04,5,control,PCR Negative,"Respiratory Syncitial Virus, Human",G,,,,21539,0.0,0.0,
AB79.CZ1,,,AB79,G04,5,control,PCR Negative,Influenza Virus B,NEP/NS1,,,,22133,0.0,0.397886574268341,
AB79.CZ6,,,AB79,H04,5,control,PCR Negative,Influenza Virus B,NEP/NS1,,,,21539,0.0,0.584128201007843,
AB79.FA10,,,AB79,H04,5,control,PCR Negative,Influenza Virus A,M,,,,21539,0.0,0.584128201007843,
AB79.FA3,,,AB79,G04,5,control,PCR Negative,Influenza Virus A,M,,,,22133,0.0,0.0,
AB79.HE2,,,AB79,G04,5,control,PCR Negative,"Respiratory Syncitial Virus, Bovine",Other,,,,22133,0.0,0.0,
AB79.HE7,,,AB79,H04,5,control,PCR Negative,"Respiratory Syncitial Virus, Bovine",Other,,,,21539,0.0,0.0,
AB79.RO4,,,AB79,G04,5,control,PCR Negative,SARS-CoV-2,SC2,,,,22133,0.0,0.0,
AB79.RO8,,,AB79,H04,5,control,PCR Negative,SARS-CoV-2,SC2,,,,21539,0.0,0.0,
AB8.FA2,,,AB8,E04,5,control,PCR Negative,SARS-CoV-2,N1,,,,18084,0.0,0.139120906591415,
AB8.FA4,,,AB8,D04,5,control,PCR Positive,SARS-CoV-2,N1,LV-SARS_N,,,16331,0.0,1076.06945800781,
AB8.FH1,,,AB8,E04,5,control,PCR Negative,SARS-CoV-2,N2,,,,18084,0.0,0.0,
AB8.FH5,,,AB8,D04,5,control,PCR Positive,SARS-CoV-2,N2,LV-SARS_N,,,16331,0.0,1192.75341796875,
AB8.HE3,,,AB8,E04,5,control,PCR Negative,Human,RNase P,,,,18084,0.0,0.0695585235953331,
AB82.CY10,,,AB82,C05,5,control,PCR Negative,"Respiratory Syncitial Virus, Human",G,,,,20006,0.0,0.0,
AB82.CY12,,,AB82,D05,5,control,PCR Negative,"Respiratory Syncitial Virus, Human",G,,,,17202,0.0,0.0,
AB82.CY17,,,AB82,B05,5,control,PCR Negative,"Respiratory Syncitial Virus, Human",G,,,,21061,0.0,0.0,
AB82.CY2,,,AB82,G05,5,control,PCR Negative,"Respiratory Syncitial Virus, Human",G,,,,19821,0.0,0.0,
AB82.CY24,,,AB82,H05,5,control,PCR Negative,"Respiratory Syncitial Virus, Human",G,,,,18648,0.0,0.0,
AB82.CY30,,,AB82,E05,5,control,PCR Negative,"Respiratory Syncitial Virus, Human",G,,,,19666,0.0,0.0,
AB82.CY34,,,AB82,F05,5,control,PCR Negative,"Respiratory Syncitial Virus, Human",G,,,,19607,0.0,0.0,
AB82.CZ15,,,AB82,D05,5,control,PCR Negative,Influenza Virus B,NEP/NS1,,,,17202,0.0,0.0,
AB82.CZ20,,,AB82,B05,5,control,PCR Negative,Influenza Virus B,NEP/NS1,,,,21061,0.0,0.0597261004149914,
AB82.CZ21,,,AB82,H05,5,control,PCR Negative,Influenza Virus B,NEP/NS1,,,,18648,0.0,0.0674547031521797,
AB82.CZ28,,,AB82,E05,5,control,PCR Negative,Influenza Virus B,NEP/NS1,,,,19666,0.0,0.0639628618955612,
AB82.CZ31,,,AB82,F05,5,control,PCR Negative,Influenza Virus B,NEP/NS1,,,,19607,0.0,0.0,
AB82.CZ5,,,AB82,G05,5,control,PCR Negative,Influenza Virus B,NEP/NS1,,,,19821,0.0,0.0,
AB82.CZ8,,,AB82,C05,5,control,PCR Negative,Influenza Virus B,NEP/NS1,,,,20006,0.0,0.0,
AB82.FA13,,,AB82,D05,5,control,PCR Negative,Influenza Virus A,M,,,,17202,0.0,0.950958251953125,
AB82.FA18,,,AB82,B05,5,control,PCR Negative,Influenza Virus A,M,,,,21061,0.0,0.597388684749603,
AB82.FA22,,,AB82,H05,5,control,PCR Negative,Influenza Virus A,M,,,,18648,0.0,1.01220059394836,
AB82.FA26,,,AB82,E05,5,control,PCR Negative,Influenza Virus A,M,,,,19666,0.0,0.511793971061707,
AB82.FA32,,,AB82,F05,5,control,PCR Negative,Influenza Virus A,M,,,,19607,0.0,0.577515840530396,
AB82.FA4,,,AB82,G05,5,control,PCR Negative,Influenza Virus A,M,,,,19821,0.0,1.26986193656921,
AB82.FA7,,,AB82,C05,5,control,PCR Negative,Influenza Virus A,M,,,,20006,0.0,0.565995275974274,
AB82.HE1,,,AB82,G05,5,control,PCR Negative,"Respiratory Syncitial Virus, Bovine",Other,,,,19821,0.0,0.0,
AB82.HE11,,,AB82,D05,5,control,PCR Negative,"Respiratory Syncitial Virus, Bovine",Other,,,,17202,0.0,0.0,
AB82.HE16,,,AB82,B05,5,control,PCR Negative,"Respiratory Syncitial Virus, Bovine",Other,,,,21061,0.0,0.0,
AB82.HE25,,,AB82,H05,5,control,PCR Negative,"Respiratory Syncitial Virus, Bovine",Other,,,,18648,0.0,0.0,
AB82.HE29,,,AB82,E05,5,control,PCR Negative,"Respiratory Syncitial Virus, Bovine",Other,,,,19666,0.0,0.0,
AB82.HE35,,,AB82,F05,5,control,PCR Negative,"Respiratory Syncitial Virus, Bovine",Other,,,,19607,0.0,0.0,
AB82.HE9,,,AB82,C05,5,control,PCR Negative,"Respiratory Syncitial Virus, Bovine",Other,,,,20006,0.0,0.0,
AB82.RO14,,,AB82,D05,5,control,PCR Negative,SARS-CoV-2,SC2,,,,17202,0.0,0.0,
AB82.RO19,,,AB82,B05,5,control,PCR Negative,SARS-CoV-2,SC2,,,,21061,0.0,0.0,
AB82.RO23,,,AB82,H05,5,control,PCR Negative,SARS-CoV-2,SC2,,,,18648,0.0,0.0,
AB82.RO27,,,AB82,E05,5,control,PCR Negative,SARS-CoV-2,SC2,,,,19666,0.0,0.0,
AB82.RO3,,,AB82,G05,5,control,PCR Negative,SARS-CoV-2,SC2,,,,19821,0.0,0.0,
AB82.RO33,,,AB82,F05,5,control,PCR Negative,SARS-CoV-2,SC2,,,,19607,0.0,0.0,
AB82.RO6,,,AB82,C05,5,control,PCR Negative,SARS-CoV-2,SC2,,,,20006,0.0,0.0,
AB83.CY1,,,AB83,E05,5,control,PCR Negative,"Respiratory Syncitial Virus, Human",G,,,,17936,0.0,0.0,
AB83.CY14,,,AB83,H05,5,control,PCR Negative,"Respiratory Syncitial Virus, Human",G,,,,19810,0.0,0.0,
AB83.CY19,,,AB83,D05,5,control,PCR Negative,"Respiratory Syncitial Virus, Human",G,,,,19502,0.0,0.0,
AB83.CY22,,,AB83,G05,5,control,PCR Negative,"Respiratory Syncitial Virus, Human",G,,,,17613,0.0,0.0,
AB83.CY8,,,AB83,F05,5,control,PCR Negative,"Respiratory Syncitial Virus, Human",G,,,,17895,0.0,0.0,
AB83.CZ10,,,AB83,F05,5,control,PCR Negative,Influenza Virus B,NEP/NS1,,,,17895,0.0,0.0702931955456734,
AB83.CZ12,,,AB83,H05,5,control,PCR Negative,Influenza Virus B,NEP/NS1,,,,19810,0.0,0.0634979009628296,
AB83.CZ17,,,AB83,D05,5,control,PCR Negative,Influenza Virus B,NEP/NS1,,,,19502,0.0,0.0645007640123367,
AB83.CZ25,,,AB83,G05,5,control,PCR Negative,Influenza Virus B,NEP/NS1,,,,17613,0.0,0.0714186877012253,
AB83.CZ4,,,AB83,E05,5,control,PCR Negative,Influenza Virus B,NEP/NS1,,,,17936,0.0,0.0,
AB83.FA13,,,AB83,H05,5,control,PCR Negative,Influenza Virus A,M,,,,19810,0.0,0.508072972297668,
AB83.FA2,,,AB83,E05,5,control,PCR Negative,Influenza Virus A,M,,,,17936,0.0,0.912027776241302,
AB83.FA20,,,AB83,D05,5,control,PCR Negative,Influenza Virus A,M,,,,19502,0.0,0.903311789035797,
AB83.FA21,,,AB83,G05,5,control,PCR Negative,Influenza Virus A,M,,,,17613,0.0,0.928759396076202,
AB83.FA7,,,AB83,F05,5,control,PCR Negative,Influenza Virus A,M,,,,17895,0.0,0.632780253887177,
AB83.HE11,,,AB83,H05,5,control,PCR Negative,"Respiratory Syncitial Virus, Bovine",Other,,,,19810,0.0,0.0,
AB83.HE16,,,AB83,D05,5,control,PCR Negative,"Respiratory Syncitial Virus, Bovine",Other,,,,19502,0.0,0.0,
AB83.HE24,,,AB83,G05,5,control,PCR Negative,"Respiratory Syncitial Virus, Bovine",Other,,,,17613,0.0,0.0,
AB83.HE5,,,AB83,E05,5,control,PCR Negative,"Respiratory Syncitial Virus, Bovine",Other,,,,17936,0.0,0.0,
AB83.HE9,,,AB83,F05,5,control,PCR Negative,"Respiratory Syncitial Virus, Bovine",Other,,,,17895,0.0,0.0,
AB83.RO15,,,AB83,H05,5,control,PCR Negative,SARS-CoV-2,SC2,,,,19810,0.0,0.0,
AB83.RO18,,,AB83,D05,5,control,PCR Negative,SARS-CoV-2,SC2,,,,19502,0.0,0.0,
AB83.RO23,,,AB83,G05,5,control,PCR Negative,SARS-CoV-2,SC2,,,,17613,0.0,0.0,
AB83.RO3,,,AB83,E05,5,control,PCR Negative,SARS-CoV-2,SC2,,,,17936,0.0,0.0,
AB83.RO6,,,AB83,F05,5,control,PCR Negative,SARS-CoV-2,SC2,,,,17895,0.0,0.0,
AB84.FA1,,,AB84,E05,5,control,PCR Negative,SARS-CoV-2,N2,,,,20690,0.0,0.0,
AB84.FA2,,,AB84,F05,5,control,PCR Negative,SARS-CoV-2,N2,,,,22247,0.0,0.0,
AB84.FA3,,,AB84,G05,5,control,PCR Negative,SARS-CoV-2,N2,,,,22144,0.0,0.0,
AB84.FA4,,,AB84,H05,5,control,PCR Negative,SARS-CoV-2,N2,,,,22181,0.0,0.0567102432250977,
AB85.CY2,,,AB85,H04,5,control,PCR Negative,"Respiratory Syncitial Virus, Human",G,,,,20031,0.0,0.0,
AB85.CZ3,,,AB85,H04,5,control,PCR Negative,Influenza Virus B,NEP/NS1,,,,20031,0.0,0.0627973154187202,
AB85.FA5,,,AB85,H04,5,control,PCR Negative,Influenza Virus A,M,,,,20031,0.0,0.251208066940308,
AB85.HE1,,,AB85,H04,5,control,PCR Negative,"Respiratory Syncitial Virus, Bovine",Other,,,,20031,0.0,0.0,
AB85.RO4,,,AB85,H04,5,control,PCR Negative,SARS-CoV-2,SC2,,,,20031,0.0,0.0,
AB86.CY10,,,AB86,H05,5,control,PCR Negative,"Respiratory Syncitial Virus, Human",G,,,,21068,0.0,0.0,
AB86.CY13,,,AB86,G05,5,control,PCR Positive,"Respiratory Syncitial Virus, Human",G,GBlock,,,21228,0.0,52.5760879516602,
AB86.CY3,,,AB86,F05,5,control,PCR Negative,"Respiratory Syncitial Virus, Human",G,,,,21113,0.0,0.0,
AB86.CZ11,,,AB86,G05,5,control,PCR Positive,Influenza Virus B,NEP/NS1,GBlock,,,21228,0.0,31.2569274902344,
AB86.CZ5,,,AB86,F05,5,control,PCR Negative,Influenza Virus B,NEP/NS1,,,,21113,0.0,0.0,
AB86.CZ8,,,AB86,H05,5,control,PCR Negative,Influenza Virus B,NEP/NS1,,,,21068,0.0,0.11941535025835,
AB86.FA14,,,AB86,G05,5,control,PCR Positive,Influenza Virus A,M,LV-SARS_N,,,21228,0.0,36.369945526123,
AB86.FA2,,,AB86,F05,5,control,PCR Negative,Influenza Virus A,M,,,,21113,0.0,0.47671103477478,
AB86.FA6,,,AB86,H05,5,control,PCR Negative,Influenza Virus A,M,,,,21068,0.0,0.477729439735413,
AB86.HE12,,,AB86,G05,5,control,PCR Positive,"Respiratory Syncitial Virus, Bovine",Other,BRSV,,,21228,0.0,36.2479629516602,
AB86.HE4,,,AB86,F05,5,control,PCR Negative,"Respiratory Syncitial Virus, Bovine",Other,,,,21113,0.0,0.0,
AB86.HE9,,,AB86,H05,5,control,PCR Negative,"Respiratory Syncitial Virus, Bovine",Other,,,,21068,0.0,0.0,
AB86.RO1,,,AB86,F05,5,control,PCR Negative,SARS-CoV-2,SC2,,,,21113,0.0,0.059578999876976,
AB86.RO15,,,AB86,G05,5,control,PCR Positive,SARS-CoV-2,SC2,GBlock,,,21228,0.0,31.0747032165527,
AB86.RO7,,,AB86,H05,5,control,PCR Negative,SARS-CoV-2,SC2,,,,21068,0.0,0.0,
AB87.CY13,,,AB87,D12,5,control,PCR Positive,"Respiratory Syncitial Virus, Human",G,GBlock,,,20961,0.0,55.515983581543,
AB87.CY18,,,AB87,A12,5,control,PCR Negative,"Respiratory Syncitial Virus, Human",G,,,,21119,0.0,0.0,
AB87.CY24,,,AB87,B12,5,control,PCR Negative,"Respiratory Syncitial Virus, Human",G,,,,21928,0.0,0.0,
AB87.CY4,,,AB87,E12,5,control,PCR Negative,"Respiratory Syncitial Virus, Human",G,,,,20951,0.0,0.0,
AB87.CY8,,,AB87,C12,5,control,PCR Negative,"Respiratory Syncitial Virus, Human",G,,,,21611,0.0,0.0,
AB87.CZ12,,,AB87,D12,5,control,PCR Positive,Influenza Virus B,NEP/NS1,GBlock,,,20961,0.0,37.2108879089355,
AB87.CZ17,,,AB87,A12,5,control,PCR Negative,Influenza Virus B,NEP/NS1,,,,21119,0.0,0.536160171031952,
AB87.CZ23,,,AB87,B12,5,control,PCR Negative,Influenza Virus B,NEP/NS1,,,,21928,0.0,0.516375362873077,
AB87.CZ3,,,AB87,E12,5,control,PCR Negative,Influenza Virus B,NEP/NS1,,,,20951,0.0,2.34367418289185,
AB87.CZ9,,,AB87,C12,5,control,PCR Negative,Influenza Virus B,NEP/NS1,,,,21611,0.0,0.640414595603943,
AB87.FA14,,,AB87,D12,5,control,PCR Positive,Influenza Virus A,M,LV-SARS_N,,,20961,0.0,41.5451431274414,
AB87.FA19,,,AB87,A12,5,control,PCR Negative,Influenza Virus A,M,,,,21119,0.0,0.178694680333138,
AB87.FA22,,,AB87,B12,5,control,PCR Negative,Influenza Virus A,M,,,,21928,0.0,0.172101557254791,
AB87.FA5,,,AB87,E12,5,control,PCR Negative,Influenza Virus A,M,,,,20951,0.0,0.180127680301666,
AB87.FA6,,,AB87,C12,5,control,PCR Negative,Influenza Virus A,M,,,,21611,0.0,0.17462620139122,
AB87.HE1,,,AB87,E12,5,control,PCR Negative,"Respiratory Syncitial Virus, Bovine",Other,,,,20951,0.0,0.0,
AB87.HE10,,,AB87,C12,5,control,PCR Negative,"Respiratory Syncitial Virus, Bovine",Other,,,,21611,0.0,0.0,
AB87.HE15,,,AB87,D12,5,control,PCR Positive,"Respiratory Syncitial Virus, Bovine",Other,BRSV,,,20961,0.0,39.4999923706055,
AB87.HE20,,,AB87,A12,5,control,PCR Negative,"Respiratory Syncitial Virus, Bovine",Other,,,,21119,0.0,0.0,
AB87.HE21,,,AB87,B12,5,control,PCR Negative,"Respiratory Syncitial Virus, Bovine",Other,,,,21928,0.0,0.0,
AB87.RO11,,,AB87,D12,5,control,PCR Positive,SARS-CoV-2,SC2,GBlock,,,20961,0.0,36.0370178222656,
AB87.RO16,,,AB87,A12,5,control,PCR Negative,SARS-CoV-2,SC2,,,,21119,0.0,0.0,
AB87.RO2,,,AB87,E12,5,control,PCR Negative,SARS-CoV-2,SC2,,,,20951,0.0,0.0,
AB87.RO25,,,AB87,B12,5,control,PCR Negative,SARS-CoV-2,SC2,,,,21928,0.0,0.0,
AB87.RO7,,,AB87,C12,5,control,PCR Negative,SARS-CoV-2,SC2,,,,21611,0.0,0.0,
AB88.CY1,,,AB88,G05,5,control,PCR Negative,"Respiratory Syncitial Virus, Human",G,,,,20579,0.0,0.0,
AB88.CY12,,,AB88,H05,5,control,PCR Negative,"Respiratory Syncitial Virus, Human",G,,,,21927,0.0,0.0,
AB88.CY17,,,AB88,D05,5,control,PCR Negative,"Respiratory Syncitial Virus, Human",G,,,,21349,0.0,0.0,
AB88.CY24,,,AB88,A05,5,control,PCR Negative,"Respiratory Syncitial Virus, Human",G,,,,21039,0.0,0.0,
AB88.CY26,,,AB88,C05,5,control,PCR Negative,"Respiratory Syncitial Virus, Human",G,,,,20964,0.0,0.0,
AB88.CY31,,,AB88,F05,5,control,PCR Negative,"Respiratory Syncitial Virus, Human",G,,,,21375,0.0,0.0,
AB88.CY36,,,AB88,B05,5,control,PCR Negative,"Respiratory Syncitial Virus, Human",G,,,,21299,0.0,0.0,
AB88.CY6,,,AB88,E05,5,control,PCR Negative,"Respiratory Syncitial Virus, Human",G,,,,21249,0.0,0.0,
AB88.CZ10,,,AB88,E05,5,control,PCR Negative,Influenza Virus B,NEP/NS1,,,,21249,0.0,0.0,
AB88.CZ13,,,AB88,H05,5,control,PCR Negative,Influenza Virus B,NEP/NS1,,,,21927,0.0,0.0,
AB88.CZ18,,,AB88,D05,5,control,PCR Negative,Influenza Virus B,NEP/NS1,,,,21349,0.0,0.0,
AB88.CZ23,,,AB88,A05,5,control,PCR Negative,Influenza Virus B,NEP/NS1,,,,21039,0.0,0.0,
AB88.CZ29,,,AB88,C05,5,control,PCR Negative,Influenza Virus B,NEP/NS1,,,,20964,0.0,0.0,
AB88.CZ34,,,AB88,F05,5,control,PCR Negative,Influenza Virus B,NEP/NS1,,,,21375,0.0,0.0,
AB88.CZ39,,,AB88,B05,5,control,PCR Negative,Influenza Virus B,NEP/NS1,,,,21299,0.0,0.0,
AB88.CZ5,,,AB88,G05,5,control,PCR Negative,Influenza Virus B,NEP/NS1,,,,20579,0.0,0.0,
AB88.FA14,,,AB88,H05,5,control,PCR Negative,Influenza Virus A,M,,,,21927,0.0,0.0,
AB88.FA19,,,AB88,D05,5,control,PCR Negative,Influenza Virus A,M,,,,21349,0.0,0.0,
AB88.FA22,,,AB88,A05,5,control,PCR Negative,Influenza Virus A,M,,,,21039,0.0,0.0,
AB88.FA30,,,AB88,C05,5,control,PCR Negative,Influenza Virus A,M,,,,20964,0.0,0.0,
AB88.FA35,,,AB88,F05,5,control,PCR Negative,Influenza Virus A,M,,,,21375,0.0,0.0,
AB88.FA4,,,AB88,G05,5,control,PCR Negative,Influenza Virus A,M,,,,20579,0.0,0.0,
AB88.FA40,,,AB88,B05,5,control,PCR Negative,Influenza Virus A,M,,,,21299,0.0,0.0,
AB88.FA9,,,AB88,E05,5,control,PCR Negative,Influenza Virus A,M,,,,21249,0.0,0.0,
AB88.HE15,,,AB88,H05,5,control,PCR Negative,"Respiratory Syncitial Virus, Bovine",Other,,,,21927,0.0,0.0,
AB88.HE20,,,AB88,D05,5,control,PCR Negative,"Respiratory Syncitial Virus, Bovine",Other,,,,21349,0.0,0.0,
AB88.HE21,,,AB88,A05,5,control,PCR Negative,"Respiratory Syncitial Virus, Bovine",Other,,,,21039,0.0,0.0,
AB88.HE28,,,AB88,C05,5,control,PCR Negative,"Respiratory Syncitial Virus, Bovine",Other,,,,20964,0.0,0.0,
AB88.HE3,,,AB88,G05,5,control,PCR Negative,"Respiratory Syncitial Virus, Bovine",Other,,,,20579,0.0,0.0,
AB88.HE33,,,AB88,F05,5,control,PCR Negative,"Respiratory Syncitial Virus, Bovine",Other,,,,21375,0.0,0.0,
AB88.HE38,,,AB88,B05,5,control,PCR Negative,"Respiratory Syncitial Virus, Bovine",Other,,,,21299,0.0,0.0,
AB88.HE8,,,AB88,E05,5,control,PCR Negative,"Respiratory Syncitial Virus, Bovine",Other,,,,21249,0.0,0.0,
AB88.RO11,,,AB88,H05,5,control,PCR Negative,SARS-CoV-2,SC2,,,,21927,0.0,0.0,
AB88.RO16,,,AB88,D05,5,control,PCR Negative,SARS-CoV-2,SC2,,,,21349,0.0,0.0,
AB88.RO2,,,AB88,G05,5,control,PCR Negative,SARS-CoV-2,SC2,,,,20579,0.0,0.0,
AB88.RO25,,,AB88,A05,5,control,PCR Negative,SARS-CoV-2,SC2,,,,21039,0.0,0.0,
AB88.RO27,,,AB88,C05,5,control,PCR Negative,SARS-CoV-2,SC2,,,,20964,0.0,0.0,
AB88.RO32,,,AB88,F05,5,control,PCR Negative,SARS-CoV-2,SC2,,,,21375,0.0,0.0,
AB88.RO37,,,AB88,B05,5,control,PCR Negative,SARS-CoV-2,SC2,,,,21299,0.0,0.0,
AB88.RO7,,,AB88,E05,5,control,PCR Negative,SARS-CoV-2,SC2,,,,21249,0.0,0.0,
AB89.CY12,,,AB89,G04,5,control,PCR Negative,"Respiratory Syncitial Virus, Human",G,,,,20772,0.0,0.0,
AB89.CY16,,,AB89,H04,5,control,PCR Negative,"Respiratory Syncitial Virus, Human",G,,,,20960,0.0,0.0,
AB89.CY2,,,AB89,E04,5,control,PCR Negative,"Respiratory Syncitial Virus, Human",G,,,,20505,0.0,0.0,
AB89.CY9,,,AB89,F04,5,control,PCR Negative,"Respiratory Syncitial Virus, Human",G,,,,20993,0.0,0.0,
AB89.CZ14,,,AB89,G04,5,control,PCR Negative,Influenza Virus B,NEP/NS1,,,,20772,0.0,0.121117100119591,
AB89.CZ19,,,AB89,H04,5,control,PCR Negative,Influenza Virus B,NEP/NS1,,,,20960,0.0,0.180050328373909,
AB89.CZ4,,,AB89,E04,5,control,PCR Negative,Influenza Virus B,NEP/NS1,,,,20505,0.0,0.0,
AB89.CZ7,,,AB89,F04,5,control,PCR Negative,Influenza Virus B,NEP/NS1,,,,20993,0.0,0.539378941059113,
AB89.FA10,,,AB89,F04,5,control,PCR Negative,Influenza Virus A,M,,,,20993,0.0,13.9783926010132,
AB89.FA13,,,AB89,G04,5,control,PCR Negative,Influenza Virus A,M,,,,20772,0.0,6.19188976287842,
AB89.FA17,,,AB89,H04,5,control,PCR Negative,Influenza Virus A,M,,,,20960,0.0,8.30910587310791,
AB89.FA3,,,AB89,E04,5,control,PCR Negative,Influenza Virus A,M,,,,20505,0.0,5.59474039077759,
AB89.HE1,,,AB89,E04,5,control,PCR Negative,"Respiratory Syncitial Virus, Bovine",Other,,,,20505,0.0,0.0,
AB89.HE11,,,AB89,G04,5,control,PCR Negative,"Respiratory Syncitial Virus, Bovine",Other,,,,20772,0.0,0.0,
AB89.HE18,,,AB89,H04,5,control,PCR Negative,"Respiratory Syncitial Virus, Bovine",Other,,,,20960,0.0,0.0,
AB89.HE8,,,AB89,F04,5,control,PCR Negative,"Respiratory Syncitial Virus, Bovine",Other,,,,20993,0.0,0.0,
AB89.RO15,,,AB89,G04,5,control,PCR Negative,SARS-CoV-2,SC2,,,,20772,0.0,0.0,
AB89.RO20,,,AB89,H04,5,control,PCR Negative,SARS-CoV-2,SC2,,,,20960,0.0,0.0,
AB89.RO5,,,AB89,E04,5,control,PCR Negative,SARS-CoV-2,SC2,,,,20505,0.0,0.0,
AB89.RO6,,,AB89,F04,5,control,PCR Negative,SARS-CoV-2,SC2,,,,20993,0.0,0.0,
AB90.CY12,,,AB90,G04,5,control,PCR Negative,"Respiratory Syncitial Virus, Human",G,,,,21091,0.0,0.0,
AB90.CY16,,,AB90,E04,5,control,PCR Negative,"Respiratory Syncitial Virus, Human",G,,,,21634,0.0,0.0,
AB90.CY3,,,AB90,H04,5,control,PCR Negative,"Respiratory Syncitial Virus, Human",G,,,,19971,0.0,0.0629859864711761,
AB90.CY7,,,AB90,F04,5,control,PCR Negative,"Respiratory Syncitial Virus, Human",G,,,,20986,0.0,0.0,
AB90.CZ1,,,AB90,H04,5,control,PCR Negative,Influenza Virus B,NEP/NS1,,,,19971,0.0,0.377963244915009,
AB90.CZ13,,,AB90,G04,5,control,PCR Negative,Influenza Virus B,NEP/NS1,,,,21091,0.0,0.417547404766083,
AB90.CZ17,,,AB90,E04,5,control,PCR Negative,Influenza Virus B,NEP/NS1,,,,21634,0.0,0.232592761516571,
AB90.CZ9,,,AB90,F04,5,control,PCR Negative,Influenza Virus B,NEP/NS1,,,,20986,0.0,0.239775374531746,
AB90.FA10,,,AB90,F04,5,control,PCR Negative,Influenza Virus A,M,,,,20986,0.0,1.13934028148651,
AB90.FA14,,,AB90,G04,5,control,PCR Negative,Influenza Virus A,M,,,,21091,0.0,0.536872148513794,
AB90.FA19,,,AB90,E04,5,control,PCR Negative,Influenza Virus A,M,,,,21634,0.0,0.174440532922745,
AB90.FA4,,,AB90,H04,5,control,PCR Negative,Influenza Virus A,M,,,,19971,0.0,0.503976166248322,
AB90.HE15,,,AB90,G04,5,control,PCR Negative,"Respiratory Syncitial Virus, Bovine",Other,,,,21091,0.0,0.0,
AB90.HE20,,,AB90,E04,5,control,PCR Negative,"Respiratory Syncitial Virus, Bovine",Other,,,,21634,0.0,0.0,
AB90.HE5,,,AB90,H04,5,control,PCR Negative,"Respiratory Syncitial Virus, Bovine",Other,,,,19971,0.0,0.0,
AB90.HE6,,,AB90,F04,5,control,PCR Negative,"Respiratory Syncitial Virus, Bovine",Other,,,,20986,0.0,0.0,
AB90.RO11,,,AB90,G04,5,control,PCR Negative,SARS-CoV-2,SC2,,,,21091,0.0,0.0,
AB90.RO18,,,AB90,E04,5,control,PCR Negative,SARS-CoV-2,SC2,,,,21634,0.0,0.0,
AB90.RO2,,,AB90,H04,5,control,PCR Negative,SARS-CoV-2,SC2,,,,19971,0.0,0.0,
AB90.RO8,,,AB90,F04,5,control,PCR Negative,SARS-CoV-2,SC2,,,,20986,0.0,0.0,
AB91.CY15,,,AB91,E04,5,control,PCR Negative,"Respiratory Syncitial Virus, Human",G,,,,18482,0.0,0.0,
AB91.CY18,,,AB91,F04,5,control,PCR Negative,"Respiratory Syncitial Virus, Human",G,,,,18687,0.0,0.0,
AB91.CY21,,,AB91,H04,5,control,PCR Negative,"Respiratory Syncitial Virus, Human",G,,,,16382,0.0,0.0,
AB91.CY4,,,AB91,D04,5,control,PCR Negative,"Respiratory Syncitial Virus, Human",G,,,,18181,0.0,0.0,
AB91.CY8,,,AB91,G04,5,control,PCR Negative,"Respiratory Syncitial Virus, Human",G,,,,17755,0.0,0.0,
AB91.CZ14,,,AB91,E04,5,control,PCR Negative,Influenza Virus B,NEP/NS1,,,,18482,0.0,0.408418744802475,
AB91.CZ17,,,AB91,F04,5,control,PCR Negative,Influenza Virus B,NEP/NS1,,,,18687,0.0,0.269277304410934,
AB91.CZ22,,,AB91,H04,5,control,PCR Negative,Influenza Virus B,NEP/NS1,,,,16382,0.0,0.844898402690887,
AB91.CZ3,,,AB91,D04,5,control,PCR Negative,Influenza Virus B,NEP/NS1,,,,18181,0.0,0.207573637366295,
AB91.CZ9,,,AB91,G04,5,control,PCR Negative,Influenza Virus B,NEP/NS1,,,,17755,0.0,0.566891610622406,
AB91.FA10,,,AB91,G04,5,control,PCR Negative,Influenza Virus A,M,,,,17755,0.0,1.41770839691162,
AB91.FA13,,,AB91,E04,5,control,PCR Negative,Influenza Virus A,M,,,,18482,0.0,0.612677812576294,
AB91.FA16,,,AB91,F04,5,control,PCR Negative,Influenza Virus A,M,,,,18687,0.0,0.67330139875412,
AB91.FA23,,,AB91,H04,5,control,PCR Negative,Influenza Virus A,M,,,,16382,0.0,2.92114901542664,
AB91.FA5,,,AB91,D04,5,control,PCR Negative,Influenza Virus A,M,,,,18181,0.0,0.34597510099411,
AB91.HE11,,,AB91,E04,5,control,PCR Negative,"Respiratory Syncitial Virus, Bovine",Other,,,,18482,0.0,0.0,
AB91.HE2,,,AB91,D04,5,control,PCR Negative,"Respiratory Syncitial Virus, Bovine",Other,,,,18181,0.0,0.0,
AB91.HE20,,,AB91,F04,5,control,PCR Negative,"Respiratory Syncitial Virus, Bovine",Other,,,,18687,0.0,0.0,
AB91.HE25,,,AB91,H04,5,control,PCR Negative,"Respiratory Syncitial Virus, Bovine",Other,,,,16382,0.0,0.0,
AB91.HE7,,,AB91,G04,5,control,PCR Negative,"Respiratory Syncitial Virus, Bovine",Other,,,,17755,0.0,0.0,
AB91.RO1,,,AB91,D04,5,control,PCR Negative,SARS-CoV-2,SC2,,,,18181,0.0,0.138378620147705,
AB91.RO12,,,AB91,E04,5,control,PCR Negative,SARS-CoV-2,SC2,,,,18482,0.0,0.068060576915741,
AB91.RO19,,,AB91,F04,5,control,PCR Negative,SARS-CoV-2,SC2,,,,18687,0.0,0.201952576637268,
AB91.RO24,,,AB91,H04,5,control,PCR Negative,SARS-CoV-2,SC2,,,,16382,0.0,0.153575673699379,
AB91.RO6,,,AB91,G04,5,control,PCR Negative,SARS-CoV-2,SC2,,,,17755,0.0,0.212554425001144,
AB92.CY11,,,AB92,E05,5,control,PCR Negative,"Respiratory Syncitial Virus, Human",G,,,,21028,0.0,0.0,
AB92.CY18,,,AB92,C05,5,control,PCR Negative,"Respiratory Syncitial Virus, Human",G,,,,21521,0.0,0.0,
AB92.CY2,,,AB92,G05,5,control,PCR Negative,"Respiratory Syncitial Virus, Human",G,,,,22000,0.0,0.0,
AB92.CY22,,,AB92,F05,5,control,PCR Negative,"Respiratory Syncitial Virus, Human",G,,,,22230,0.0,0.0,
AB92.CY26,,,AB92,H05,5,control,PCR Negative,"Respiratory Syncitial Virus, Human",G,,,,21563,0.0,0.0,
AB92.CY8,,,AB92,D05,5,control,PCR Negative,"Respiratory Syncitial Virus, Human",G,,,,21385,0.0,0.0,
AB92.CZ14,,,AB92,E05,5,control,PCR Negative,Influenza Virus B,NEP/NS1,,,,21028,0.0,0.0598198361694813,
AB92.CZ20,,,AB92,C05,5,control,PCR Negative,Influenza Virus B,NEP/NS1,,,,21521,0.0,0.116901636123657,
AB92.CZ25,,,AB92,F05,5,control,PCR Negative,Influenza Virus B,NEP/NS1,,,,22230,0.0,0.0565852411091328,
AB92.CZ30,,,AB92,H05,5,control,PCR Negative,Influenza Virus B,NEP/NS1,,,,21563,0.0,0.175014942884445,
AB92.CZ5,,,AB92,G05,5,control,PCR Negative,Influenza Virus B,NEP/NS1,,,,22000,0.0,0.0571768246591091,
AB92.CZ6,,,AB92,D05,5,control,PCR Negative,Influenza Virus B,NEP/NS1,,,,21385,0.0,0.0588211826980114,
AB92.FA1,,,AB92,G05,5,control,PCR Negative,Influenza Virus A,M,,,,22000,0.0,0.0,
AB92.FA12,,,AB92,E05,5,control,PCR Negative,Influenza Virus A,M,,,,21028,0.0,0.179468050599098,
AB92.FA17,,,AB92,C05,5,control,PCR Negative,Influenza Virus A,M,,,,21521,0.0,0.116901636123657,
AB92.FA23,,,AB92,F05,5,control,PCR Negative,Influenza Virus A,M,,,,22230,0.0,0.226356238126755,
AB92.FA27,,,AB92,H05,5,control,PCR Negative,Influenza Virus A,M,,,,21563,0.0,0.408406108617783,
AB92.FA9,,,AB92,D05,5,control,PCR Negative,Influenza Virus A,M,,,,21385,0.0,0.235301241278648,
AB92.HE15,,,AB92,E05,5,control,PCR Negative,"Respiratory Syncitial Virus, Bovine",Other,,,,21028,0.0,0.0,
AB92.HE19,,,AB92,C05,5,control,PCR Negative,"Respiratory Syncitial Virus, Bovine",Other,,,,21521,0.0,0.0,
AB92.HE24,,,AB92,F05,5,control,PCR Negative,"Respiratory Syncitial Virus, Bovine",Other,,,,22230,0.0,0.0,
AB92.HE29,,,AB92,H05,5,control,PCR Negative,"Respiratory Syncitial Virus, Bovine",Other,,,,21563,0.0,0.0,
AB92.HE4,,,AB92,G05,5,control,PCR Negative,"Respiratory Syncitial Virus, Bovine",Other,,,,22000,0.0,0.0,
AB92.HE7,,,AB92,D05,5,control,PCR Negative,"Respiratory Syncitial Virus, Bovine",Other,,,,21385,0.0,0.0,
AB92.RO10,,,AB92,D05,5,control,PCR Negative,SARS-CoV-2,SC2,,,,21385,0.0,0.0,
AB92.RO13,,,AB92,E05,5,control,PCR Negative,SARS-CoV-2,SC2,,,,21028,0.0,0.0,
AB92.RO16,,,AB92,C05,5,control,PCR Negative,SARS-CoV-2,SC2,,,,21521,0.0,0.0,
AB92.RO21,,,AB92,F05,5,control,PCR Negative,SARS-CoV-2,SC2,,,,22230,0.0,0.0,
AB92.RO28,,,AB92,H05,5,control,PCR Negative,SARS-CoV-2,SC2,,,,21563,0.0,0.0,
AB92.RO3,,,AB92,G05,5,control,PCR Negative,SARS-CoV-2,SC2,,,,22000,0.0,0.0,
AB93.CY12,,,AB93,A04,5,control,PCR Negative,"Respiratory Syncitial Virus, Human",G,,,,21621,0.0,0.0,
AB93.CY16,,,AB93,C04,5,control,PCR Negative,"Respiratory Syncitial Virus, Human",G,,,,20776,0.0,0.0,
AB93.CY3,,,AB93,B04,5,control,PCR Negative,"Respiratory Syncitial Virus, Human",G,,,,19258,0.0,0.0,
AB93.CY7,,,AB93,D04,5,control,PCR Negative,"Respiratory Syncitial Virus, Human",G,,,,21327,0.0,0.0,
AB93.CZ10,,,AB93,A04,5,control,PCR Negative,Influenza Virus B,NEP/NS1,,,,21621,0.0,0.0,
AB93.CZ14,,,AB93,C04,5,control,PCR Negative,Influenza Virus B,NEP/NS1,,,,20776,0.0,0.0,
AB93.CZ4,,,AB93,B04,5,control,PCR Negative,Influenza Virus B,NEP/NS1,,,,19258,0.0,0.0,
AB93.CZ8,,,AB93,D04,5,control,PCR Negative,Influenza Virus B,NEP/NS1,,,,21327,0.0,0.0,
AB93.HE11,,,AB93,A04,5,control,PCR Negative,"Respiratory Syncitial Virus, Bovine",Other,,,,21621,0.0,0.0,
AB93.HE15,,,AB93,C04,5,control,PCR Negative,"Respiratory Syncitial Virus, Bovine",Other,,,,20776,0.0,0.0,
AB93.HE2,,,AB93,B04,5,control,PCR Negative,"Respiratory Syncitial Virus, Bovine",Other,,,,19258,0.0,0.0,
AB93.HE6,,,AB93,D04,5,control,PCR Negative,"Respiratory Syncitial Virus, Bovine",Other,,,,21327,0.0,0.0,
AB93.RO1,,,AB93,B04,5,control,PCR Negative,SARS-CoV-2,SC2,,,,19258,0.0,0.0,
AB93.RO13,,,AB93,C04,5,control,PCR Negative,SARS-CoV-2,SC2,,,,20776,0.0,0.0,
AB93.RO5,,,AB93,D04,5,control,PCR Negative,SARS-CoV-2,SC2,,,,21327,0.0,0.0,
AB93.RO9,,,AB93,A04,5,control,PCR Negative,SARS-CoV-2,SC2,,,,21621,0.0,0.0,
AB95.CY10,,,AB95,D05,5,control,PCR Negative,"Respiratory Syncitial Virus, Human",G,,,,20770,0.0,0.0,
AB95.CY14,,,AB95,C05,5,control,PCR Negative,"Respiratory Syncitial Virus, Human",G,,,,21131,0.0,0.0,
AB95.CY5,,,AB95,B05,5,control,PCR Negative,"Respiratory Syncitial Virus, Human",G,,,,21601,0.0,0.0,
AB95.CZ1,,,AB95,B05,5,control,PCR Negative,Influenza Virus B,NEP/NS1,,,,21601,0.0,2.44810962677002,
AB95.CZ12,,,AB95,C05,5,control,PCR Negative,Influenza Virus B,NEP/NS1,,,,21131,0.0,6.50521755218506,
AB95.CZ7,,,AB95,D05,5,control,PCR Negative,Influenza Virus B,NEP/NS1,,,,20770,0.0,6.13162851333618,
AB95.FA13,,,AB95,C05,5,control,PCR Negative,Influenza Virus A,M,,,,21131,0.0,5.72759675979614,
AB95.FA3,,,AB95,B05,5,control,PCR Negative,Influenza Virus A,M,,,,21601,0.0,2.38976573944092,
AB95.FA6,,,AB95,D05,5,control,PCR Negative,Influenza Virus A,M,,,,20770,0.0,5.15828657150269,
AB95.HE15,,,AB95,C05,5,control,PCR Negative,"Respiratory Syncitial Virus, Bovine",Other,,,,21131,0.0,0.0,
AB95.HE4,,,AB95,B05,5,control,PCR Negative,"Respiratory Syncitial Virus, Bovine",Other,,,,21601,0.0,0.0,
AB95.HE9,,,AB95,D05,5,control,PCR Negative,"Respiratory Syncitial Virus, Bovine",Other,,,,20770,0.0,0.0,
AB95.RO11,,,AB95,C05,5,control,PCR Negative,SARS-CoV-2,SC2,,,,21131,0.0,0.0,
AB95.RO2,,,AB95,B05,5,control,PCR Negative,SARS-CoV-2,SC2,,,,21601,0.0,0.0,
AB95.RO8,,,AB95,D05,5,control,PCR Negative,SARS-CoV-2,SC2,,,,20770,0.0,0.0,
AB96.CY10,,,AB96,A12,5,control,PCR Negative,"Respiratory Syncitial Virus, Human",G,,,,20960,0.0,0.0,
AB96.CY4,,,AB96,H04,5,control,PCR Negative,"Respiratory Syncitial Virus, Human",G,,,,21946,0.0,0.0,
AB96.CZ3,,,AB96,H04,5,control,PCR Negative,Influenza Virus B,NEP/NS1,,,,21946,0.0,0.286613702774048,
AB96.CZ7,,,AB96,A12,5,control,PCR Negative,Influenza Virus B,NEP/NS1,,,,20960,0.0,0.0600139126181602,
AB96.FA1,,,AB96,H04,5,control,PCR Negative,Influenza Virus A,M,,,,21946,0.0,14.7012100219727,
AB96.FA6,,,AB96,A12,5,control,PCR Negative,Influenza Virus A,M,,,,20960,0.0,9.63883304595947,
AB96.HE5,,,AB96,H04,5,control,PCR Negative,"Respiratory Syncitial Virus, Bovine",Other,,,,21946,0.0,0.0,
AB96.HE9,,,AB96,A12,5,control,PCR Negative,"Respiratory Syncitial Virus, Bovine",Other,,,,20960,0.0,0.0,
AB96.RO2,,,AB96,H04,5,control,PCR Negative,SARS-CoV-2,SC2,,,,21946,0.0,0.0,
AB96.RO8,,,AB96,A12,5,control,PCR Negative,SARS-CoV-2,SC2,,,,20960,0.0,0.0,
AB97.CY2,,,AB97,E04,5,control,PCR Negative,"Respiratory Syncitial Virus, Human",G,,,,20735,0.0,0.0,
AB97.CY6,,,AB97,F04,5,control,PCR Negative,"Respiratory Syncitial Virus, Human",G,,,,21361,0.0,0.0,
AB97.CZ3,,,AB97,E04,5,control,PCR Negative,Influenza Virus B,NEP/NS1,,,,20735,0.0,0.182004243135452,
AB97.CZ9,,,AB97,F04,5,control,PCR Negative,Influenza Virus B,NEP/NS1,,,,21361,0.0,0.176670089364052,
AB97.FA10,,,AB97,F04,5,control,PCR Negative,Influenza Virus A,M,,,,21361,0.0,14.4508504867554,
AB97.FA5,,,AB97,E04,5,control,PCR Negative,Influenza Virus A,M,,,,20735,0.0,10.1718530654907,
AB97.HE1,,,AB97,E04,5,control,PCR Negative,"Respiratory Syncitial Virus, Bovine",Other,,,,20735,0.0,0.0606651529669762,
AB97.HE7,,,AB97,F04,5,control,PCR Negative,"Respiratory Syncitial Virus, Bovine",Other,,,,21361,0.0,0.0588872767984867,
AB97.RO4,,,AB97,E04,5,control,PCR Negative,SARS-CoV-2,SC2,,,,20735,0.0,0.0,
AB97.RO8,,,AB97,F04,5,control,PCR Negative,SARS-CoV-2,SC2,,,,21361,0.0,0.0,
AB98.CY14,,,AB98,E04,5,control,PCR Negative,"Respiratory Syncitial Virus, Human",G,,,,21083,0.0,0.0,
AB98.CY16,,,AB98,H04,5,control,PCR Negative,"Respiratory Syncitial Virus, Human",G,,,,21904,0.0,0.0,
AB98.CY4,,,AB98,G04,5,control,PCR Negative,"Respiratory Syncitial Virus, Human",G,,,,21991,0.0,0.0,
AB98.CY7,,,AB98,F04,5,control,PCR Negative,"Respiratory Syncitial Virus, Human",G,,,,21363,0.0,0.0,
AB98.CZ13,,,AB98,E04,5,control,PCR Negative,Influenza Virus B,NEP/NS1,,,,21083,0.0,2.92685842514038,
AB98.CZ17,,,AB98,H04,5,control,PCR Negative,Influenza Virus B,NEP/NS1,,,,21904,0.0,2.52929019927979,
AB98.CZ5,,,AB98,G04,5,control,PCR Negative,Influenza Virus B,NEP/NS1,,,,21991,0.0,2.29004049301147,
AB98.CZ6,,,AB98,F04,5,control,PCR Negative,Influenza Virus B,NEP/NS1,,,,21363,0.0,3.95118474960327,
AB98.FA15,,,AB98,E04,5,control,PCR Negative,Influenza Virus A,M,,,,21083,0.0,8.38058662414551,
AB98.FA18,,,AB98,H04,5,control,PCR Negative,Influenza Virus A,M,,,,21904,0.0,7.42986869812012,
AB98.FA3,,,AB98,G04,5,control,PCR Negative,Influenza Virus A,M,,,,21991,0.0,7.51546669006348,
AB98.FA8,,,AB98,F04,5,control,PCR Negative,Influenza Virus A,M,,,,21363,0.0,10.3465023040771,
AB98.HE1,,,AB98,G04,5,control,PCR Negative,"Respiratory Syncitial Virus, Bovine",Other,,,,21991,0.0,0.0,
AB98.HE10,,,AB98,F04,5,control,PCR Negative,"Respiratory Syncitial Virus, Bovine",Other,,,,21363,0.0,0.0,
AB98.HE11,,,AB98,E04,5,control,PCR Negative,"Respiratory Syncitial Virus, Bovine",Other,,,,21083,0.0,0.0,
AB98.HE20,,,AB98,H04,5,control,PCR Negative,"Respiratory Syncitial Virus, Bovine",Other,,,,21904,0.0,0.0,
AB98.RO12,,,AB98,E04,5,control,PCR Negative,SARS-CoV-2,SC2,,,,21083,0.0,0.0596637800335884,
AB98.RO19,,,AB98,H04,5,control,PCR Negative,SARS-CoV-2,SC2,,,,21904,0.0,0.0,
AB98.RO2,,,AB98,G04,5,control,PCR Negative,SARS-CoV-2,SC2,,,,21991,0.0,0.0572002269327641,
AB98.RO9,,,AB98,F04,5,control,PCR Negative,SARS-CoV-2,SC2,,,,21363,0.0,0.0,
AB99.CY4,,,AB99,H03,5,control,PCR Negative,"Respiratory Syncitial Virus, Human",G,,,,10793,0.0,0.0,
AB99.CY6,,,AB99,G03,5,control,PCR Negative,"Respiratory Syncitial Virus, Human",G,,,,14669,0.0,0.0,
AB99.CZ5,,,AB99,H03,5,control,PCR Negative,Influenza Virus B,NEP/NS1,,,,10793,0.0,0.0,
AB99.CZ7,,,AB99,G03,5,control,PCR Negative,Influenza Virus B,NEP/NS1,,,,14669,0.0,0.0,
AB99.FA3,,,AB99,H03,5,control,PCR Negative,Influenza Virus A,M,,,,10793,0.0,0.0,
AB99.FA8,,,AB99,G03,5,control,PCR Negative,Influenza Virus A,M,,,,14669,0.0,0.428821325302124,
AB99.HE1,,,AB99,H03,5,control,PCR Negative,"Respiratory Syncitial Virus, Bovine",Other,,,,10793,0.0,0.0,
AB99.HE9,,,AB99,G03,5,control,PCR Negative,"Respiratory Syncitial Virus, Bovine",Other,,,,14669,0.0,0.0,
AB99.RO10,,,AB99,G03,5,control,PCR Negative,SARS-CoV-2,SC2,,,,14669,0.0,0.0,
AB99.RO2,,,AB99,H03,5,control,PCR Negative,SARS-CoV-2,SC2,,,,10793,0.0,0.0,
AP0.1.FA1,,,AP0.1,,5,control,PCR Negative,SARS-CoV-2,N1,,,,,0.0,0.0,
AP0.1.FA2,,,AP0.1,,5,control,PCR Positive,SARS-CoV-2,N1,LV-SARS_N,,,,,1714.019012,
AP0.1.FA3,,,AP0.1,,5,control,PCR Negative,SARS-CoV-2,N1,,,,,0.0,0.0,
AP0.1.FA4,,,AP0.1,,5,control,PCR Positive,SARS-CoV-2,N1,LV-SARS_N,,,,,1714.019012,
AP0.1.FH3,,,AP0.1,,5,control,PCR Negative,SARS-CoV-2,N2,,,,,0.0,0.0,
AP0.1.FH4,,,AP0.1,,5,control,PCR Positive,SARS-CoV-2,N2,LV-SARS_N,,,,,1783.141785,
AP0.1.FH5,,,AP0.1,,5,control,PCR Negative,SARS-CoV-2,N2,,,,,0.0,0.0,
AP0.1.FH6,,,AP0.1,,5,control,PCR Positive,SARS-CoV-2,N2,LV-SARS_N,,,,,1783.141785,
AP0.2.FA1,,,AP0.2,,5,control,PCR Negative,SARS-CoV-2,N1,,,,,0.0,0.0,
AP0.2.FA2,,,AP0.2,,5,control,PCR Positive,SARS-CoV-2,N1,LV-SARS_N,,,,,1685.59967,
AP0.2.FA3,,,AP0.2,,5,control,PCR Negative,SARS-CoV-2,N1,,,,,0.0,0.0,
AP0.2.FA4,,,AP0.2,,5,control,PCR Positive,SARS-CoV-2,N1,LV-SARS_N,,,,,1685.59967,
AP0.2.FH3,,,AP0.2,,5,control,PCR Negative,SARS-CoV-2,N2,,,,,0.0,1.36802882,
AP0.2.FH4,,,AP0.2,,5,control,PCR Positive,SARS-CoV-2,N2,LV-SARS_N,,,,,1874.414978,
AP0.2.FH5,,,AP0.2,,5,control,PCR Negative,SARS-CoV-2,N2,,,,,0.0,1.36802882,
AP0.2.FH6,,,AP0.2,,5,control,PCR Positive,SARS-CoV-2,N2,LV-SARS_N,,,,,1874.414978,
AP0.3.FA1,,,AP0.3,,5,control,PCR Negative,SARS-CoV-2,N1,,,,,0.0,0.0,
AP0.3.FA2,,,AP0.3,,5,control,PCR Positive,SARS-CoV-2,N1,LV-SARS_N,,,,,1047.2155,
AP0.3.FA3,,,AP0.3,,5,control,PCR Negative,SARS-CoV-2,N1,,,,,0.0,0.0,
AP0.3.FA4,,,AP0.3,,5,control,PCR Positive,SARS-CoV-2,N1,LV-SARS_N,,,,,1047.2155,
AP0.3.FH3,,,AP0.3,,5,control,PCR Negative,SARS-CoV-2,N2,,,,,0.0,0.0,
AP0.3.FH4,,,AP0.3,,5,control,PCR Positive,SARS-CoV-2,N2,LV-SARS_N,,,,,1082.352142,
AP0.3.FH5,,,AP0.3,,5,control,PCR Negative,SARS-CoV-2,N2,,,,,0.0,0.0,
AP0.3.FH6,,,AP0.3,,5,control,PCR Positive,SARS-CoV-2,N2,LV-SARS_N,,,,,1082.352142,
AP0.4.FA1,,,AP0.4,,5,control,PCR Negative,SARS-CoV-2,N1,,,,,0.0,0.0,
AP0.4.FA2,,,AP0.4,,5,control,PCR Positive,SARS-CoV-2,N1,LV-SARS_N,,,,,3138.026123,
AP0.4.FA3,,,AP0.4,,5,control,PCR Negative,SARS-CoV-2,N1,,,,,0.0,0.0,
AP0.4.FA4,,,AP0.4,,5,control,PCR Positive,SARS-CoV-2,N1,LV-SARS_N,,,,,3138.026123,
AP0.4.FH3,,,AP0.4,,5,control,PCR Negative,SARS-CoV-2,N2,,,,,0.0,0.0,
AP0.4.FH4,,,AP0.4,,5,control,PCR Positive,SARS-CoV-2,N2,LV-SARS_N,,,,,3336.080627,
AP0.4.FH5,,,AP0.4,,5,control,PCR Negative,SARS-CoV-2,N2,,,,,0.0,0.0,
AP0.4.FH6,,,AP0.4,,5,control,PCR Positive,SARS-CoV-2,N2,LV-SARS_N,,,,,3336.080627,
AP0.5.FA1,,,AP0.5,,5,control,PCR Negative,SARS-CoV-2,N1,,,,,0.0,0.0,
AP0.5.FA2,,,AP0.5,,5,control,PCR Positive,SARS-CoV-2,N1,LV-SARS_N,,,,,3138.026123,
AP0.5.FA3,,,AP0.5,,5,control,PCR Negative,SARS-CoV-2,N1,,,,,0.0,0.0,
AP0.5.FA4,,,AP0.5,,5,control,PCR Positive,SARS-CoV-2,N1,LV-SARS_N,,,,,3138.026123,
AP0.5.FH3,,,AP0.5,,5,control,PCR Negative,SARS-CoV-2,N2,,,,,0.0,0.0,
AP0.5.FH4,,,AP0.5,,5,control,PCR Positive,SARS-CoV-2,N2,LV-SARS_N,,,,,3336.080627,
AP0.5.FH5,,,AP0.5,,5,control,PCR Negative,SARS-CoV-2,N2,,,,,0.0,0.0,
AP0.5.FH6,,,AP0.5,,5,control,PCR Positive,SARS-CoV-2,N2,LV-SARS_N,,,,,3336.080627,
AP0.6.FA1,,,AP0.6,,5,control,PCR Negative,SARS-CoV-2,N1,,,,,0.0,0.0,
AP0.6.FA2,,,AP0.6,,5,control,PCR Positive,SARS-CoV-2,N1,LV-SARS_N,,,,,10.75138807,
AP0.6.FA3,,,AP0.6,,5,control,PCR Negative,SARS-CoV-2,N1,,,,,0.0,0.0,
AP0.6.FA4,,,AP0.6,,5,control,PCR Positive,SARS-CoV-2,N1,LV-SARS_N,,,,,10.75138807,
AP0.6.FH3,,,AP0.6,,5,control,PCR Negative,SARS-CoV-2,N2,,,,,0.0,0.0,
AP0.6.FH4,,,AP0.6,,5,control,PCR Positive,SARS-CoV-2,N2,LV-SARS_N,,,,,2.687386274,
AP0.6.FH5,,,AP0.6,,5,control,PCR Negative,SARS-CoV-2,N2,,,,,0.0,0.0,
AP0.6.FH6,,,AP0.6,,5,control,PCR Positive,SARS-CoV-2,N2,LV-SARS_N,,,,,2.687386274,
AP0.FA1,,,AP0,,5,control,PCR Negative,SARS-CoV-2,N1,,,,,0.0,0.0,
AP0.FA2,,,AP0,,5,control,PCR Positive,SARS-CoV-2,N1,LV-SARS_N,,,,,2236.361694,
AP0.FA3,,,AP0,,5,control,PCR Negative,SARS-CoV-2,N1,,,,,0.0,0.0,
AP0.FA4,,,AP0,,5,control,PCR Positive,SARS-CoV-2,N1,LV-SARS_N,,,,,2236.361694,
AP0.FH3,,,AP0,,5,control,PCR Negative,SARS-CoV-2,N2,,,,,0.0,0.0,
AP0.FH4,,,AP0,,5,control,PCR Positive,SARS-CoV-2,N2,LV-SARS_N,,,,,2276.707153,
AP0.FH5,,,AP0,,5,control,PCR Negative,SARS-CoV-2,N2,,,,,0.0,0.0,
AP0.FH6,,,AP0,,5,control,PCR Positive,SARS-CoV-2,N2,LV-SARS_N,,,,,2276.707153,
AP10.FA1,,,AP10,,5,control,PCR Negative,SARS-CoV-2,N1,,,,,0.0,0.0,
AP10.FA2,,,AP10,,5,control,PCR Positive,SARS-CoV-2,N1,LV-SARS_N,,,,,1097.667847,
AP10.FA3,,,AP10,,5,control,PCR Negative,SARS-CoV-2,N1,,,,,0.0,0.0,
AP10.FA4,,,AP10,,5,control,PCR Positive,SARS-CoV-2,N1,LV-SARS_N,,,,,1097.667847,
AP10.FH3,,,AP10,,5,control,PCR Negative,SARS-CoV-2,N2,,,,,0.0,0.0,
AP10.FH4,,,AP10,,5,control,PCR Positive,SARS-CoV-2,N2,LV-SARS_N,,,,,1200.682373,
AP10.FH5,,,AP10,,5,control,PCR Negative,SARS-CoV-2,N2,,,,,0.0,0.0,
AP10.FH6,,,AP10,,5,control,PCR Positive,SARS-CoV-2,N2,LV-SARS_N,,,,,1200.682373,
AP100.FA1,,,AP100,,5,control,PCR Negative,SARS-CoV-2,N1,,,,,0.0,0.0,
AP100.FA3,,,AP100,,5,control,PCR Positive,SARS-CoV-2,N1,LV-SARS_N,,,,,45.41981888,
AP100.FH2,,,AP100,,5,control,PCR Negative,SARS-CoV-2,N2,,,,,0.0,0.0,
AP100.FH4,,,AP100,,5,control,PCR Positive,SARS-CoV-2,N2,LV-SARS_N,,,,,51.60425568,
AP102.FA1,,,AP102,,5,control,PCR Negative,SARS-CoV-2,N1,,,,,0.0,0.0,
AP102.FA3,,,AP102,,5,control,PCR Positive,SARS-CoV-2,N1,LV-SARS_N,,,,,20.0,
AP102.FH2,,,AP102,,5,control,PCR Negative,SARS-CoV-2,N2,,,,,0.0,0.0,
AP102.FH4,,,AP102,,5,control,PCR Positive,SARS-CoV-2,N2,LV-SARS_N,,,,,20.0,
AP103.FA1,,,AP103,,5,control,PCR Negative,SARS-CoV-2,N1,,,,,0.0,0.0,
AP103.FA3,,,AP103,,5,control,PCR Positive,SARS-CoV-2,N1,LV-SARS_N,,,,,34.8670311,
AP103.FH2,,,AP103,,5,control,PCR Negative,SARS-CoV-2,N2,,,,,0.0,0.0,
AP103.FH4,,,AP103,,5,control,PCR Positive,SARS-CoV-2,N2,LV-SARS_N,,,,,33.3345871,
AP104.FA1,,,AP104,,5,control,PCR Negative,SARS-CoV-2,N1,,,,,0.0,0.0,
AP104.FA3,,,AP104,,5,control,PCR Positive,SARS-CoV-2,N1,LV-SARS_N,,,,,23.64836692,
AP104.FH2,,,AP104,,5,control,PCR Negative,SARS-CoV-2,N2,,,,,0.0,0.0,
AP104.FH4,,,AP104,,5,control,PCR Positive,SARS-CoV-2,N2,LV-SARS_N,,,,,31.37975692,
AP105.FA1,,,AP105,,5,control,PCR Negative,SARS-CoV-2,N1,,,,,0.0,0.242477521,
AP105.FA3,,,AP105,,5,control,PCR Positive,SARS-CoV-2,N1,LV-SARS_N,,,,,20.57869338,
AP105.FH2,,,AP105,,5,control,PCR Negative,SARS-CoV-2,N2,,,,,0.0,0.0,
AP105.FH4,,,AP105,,5,control,PCR Positive,SARS-CoV-2,N2,LV-SARS_N,,,,,26.76988984,
AP106.FA1,,,AP106,,5,control,PCR Negative,SARS-CoV-2,N1,,,,,0.0,0.0,
AP106.FA3,,,AP106,,5,control,PCR Positive,SARS-CoV-2,N1,LV-SARS_N,,,,,20.75220108,
AP106.FH2,,,AP106,,5,control,PCR Negative,SARS-CoV-2,N2,,,,,0.0,0.33050409,
AP106.FH4,,,AP106,,5,control,PCR Positive,SARS-CoV-2,N2,LV-SARS_N,,,,,24.17590714,
AP107.FA1,,,AP107,,5,control,PCR Negative,SARS-CoV-2,N1,,,,,0.0,0.0,
AP107.FA3,,,AP107,,5,control,PCR Positive,SARS-CoV-2,N1,LV-SARS_N,,,,,60.18925476,
AP107.FH2,,,AP107,,5,control,PCR Negative,SARS-CoV-2,N2,,,,,0.0,0.0,
AP107.FH4,,,AP107,,5,control,PCR Positive,SARS-CoV-2,N2,LV-SARS_N,,,,,66.45989228,
AP108.FA1,,,AP108,,5,control,PCR Negative,SARS-CoV-2,N1,,,,,0.0,1.405034542,
AP108.FA3,,,AP108,,5,control,PCR Positive,SARS-CoV-2,N1,LV-SARS_N,,,,,49.58996582,
AP108.FH2,,,AP108,,5,control,PCR Negative,SARS-CoV-2,N2,,,,,0.0,0.280973345,
AP108.FH4,,,AP108,,5,control,PCR Positive,SARS-CoV-2,N2,LV-SARS_N,,,,,59.0822792,
AP109.FA1,,,AP109,,5,control,PCR Negative,SARS-CoV-2,N1,,,,,0.0,0.0,
AP109.FA3,,,AP109,,5,control,PCR Positive,SARS-CoV-2,N1,LV-SARS_N,,,,,52.5936699,
AP109.FH2,,,AP109,,5,control,PCR Negative,SARS-CoV-2,N2,,,,,0.0,0.377149463,
AP109.FH4,,,AP109,,5,control,PCR Positive,SARS-CoV-2,N2,LV-SARS_N,,,,,50.1765213,
AP11.FA1,,,AP11,,5,control,PCR Negative,SARS-CoV-2,N1,,,,,0.0,0.0,
AP11.FA2,,,AP11,,5,control,PCR Positive,SARS-CoV-2,N1,LV-SARS_N,,,,,1355.395355,
AP11.FA3,,,AP11,,5,control,PCR Negative,SARS-CoV-2,N1,,,,,0.0,0.0,
AP11.FA4,,,AP11,,5,control,PCR Positive,SARS-CoV-2,N1,LV-SARS_N,,,,,1355.395355,
AP11.FH3,,,AP11,,5,control,PCR Negative,SARS-CoV-2,N2,,,,,0.0,1548.404388,
AP11.FH4,,,AP11,,5,control,PCR Positive,SARS-CoV-2,N2,LV-SARS_N,,,,,0.0,
AP11.FH5,,,AP11,,5,control,PCR Negative,SARS-CoV-2,N2,,,,,0.0,1548.404388,
AP11.FH6,,,AP11,,5,control,PCR Positive,SARS-CoV-2,N2,LV-SARS_N,,,,,0.0,
AP110.FA1,,,AP110,,5,control,PCR Negative,SARS-CoV-2,N1,,,,,0.0,0.534243345,
AP110.FA3,,,AP110,,5,control,PCR Positive,SARS-CoV-2,N1,LV-SARS_N,,,,,57.7719078,
AP110.FH2,,,AP110,,5,control,PCR Negative,SARS-CoV-2,N2,,,,,0.0,0.267114073,
AP110.FH4,,,AP110,,5,control,PCR Positive,SARS-CoV-2,N2,LV-SARS_N,,,,,65.2301178,
AP111.FA1,,,AP111,,5,control,PCR Negative,SARS-CoV-2,N1,,,,,0.0,0.0,
AP111.FA3,,,AP111,,5,control,PCR Positive,SARS-CoV-2,N1,LV-SARS_N,,,,,36.77645112,
AP111.FH2,,,AP111,,5,control,PCR Negative,SARS-CoV-2,N2,,,,,0.0,0.403713167,
AP111.FH4,,,AP111,,5,control,PCR Positive,SARS-CoV-2,N2,LV-SARS_N,,,,,43.99634552,
AP112.FA1,,,AP112,,5,control,PCR Negative,SARS-CoV-2,N1,,,,,0.0,0.54444176,
AP112.FA3,,,AP112,,5,control,PCR Positive,SARS-CoV-2,N1,LV-SARS_N,,,,,23.39542388,
AP112.FH2,,,AP112,,5,control,PCR Negative,SARS-CoV-2,N2,,,,,0.0,0.0,
AP112.FH4,,,AP112,,5,control,PCR Positive,SARS-CoV-2,N2,LV-SARS_N,,,,,25.59472084,
AP113.FA1,,,AP113,,5,control,PCR Negative,SARS-CoV-2,N1,,,,,0.0,0.223754004,
AP113.FA3,,,AP113,,5,control,PCR Positive,SARS-CoV-2,N1,LV-SARS_N,,,,,40.04348754,
AP113.FH2,,,AP113,,5,control,PCR Negative,SARS-CoV-2,N2,,,,,0.0,0.447518647,
AP113.FH4,,,AP113,,5,control,PCR Positive,SARS-CoV-2,N2,LV-SARS_N,,,,,46.48218536,
AP114.FA1,,,AP114,,5,control,PCR Negative,SARS-CoV-2,N1,,,,,0.0,0.229504868,
AP114.FA3,,,AP114,,5,control,PCR Positive,SARS-CoV-2,N1,LV-SARS_N,,,,,68.39355468,
AP114.FH2,,,AP114,,5,control,PCR Negative,SARS-CoV-2,N2,,,,,0.0,0.229504868,
AP114.FH4,,,AP114,,5,control,PCR Positive,SARS-CoV-2,N2,LV-SARS_N,,,,,77.50608062,
AP115.FA1,,,AP115,,5,control,PCR Negative,SARS-CoV-2,N1,,,,,0.0,0.0,
AP115.FA3,,,AP115,,5,control,PCR Positive,SARS-CoV-2,N1,LV-SARS_N,,,,,44.72042084,
AP115.FH2,,,AP115,,5,control,PCR Negative,SARS-CoV-2,N2,,,,,0.0,0.0,
AP115.FH4,,,AP115,,5,control,PCR Positive,SARS-CoV-2,N2,LV-SARS_N,,,,,51.20179748,
AP116.FA1,,,AP116,,5,control,PCR Negative,SARS-CoV-2,N1,,,,,0.0,0.245449603,
AP116.FA3,,,AP116,,5,control,PCR Positive,SARS-CoV-2,N1,LV-SARS_N,,,,,46.9300232,
AP116.FH2,,,AP116,,5,control,PCR Negative,SARS-CoV-2,N2,,,,,0.0,0.0,
AP116.FH4,,,AP116,,5,control,PCR Positive,SARS-CoV-2,N2,LV-SARS_N,,,,,52.49770356,
AP117.FA1,,,AP117,,5,control,PCR Negative,SARS-CoV-2,N1,,,,,0.0,0.0,
AP117.FA3,,,AP117,,5,control,PCR Positive,SARS-CoV-2,N1,LV-SARS_N,,,,,62.51414108,
AP117.FH2,,,AP117,,5,control,PCR Negative,SARS-CoV-2,N2,,,,,0.0,0.0,
AP117.FH4,,,AP117,,5,control,PCR Positive,SARS-CoV-2,N2,LV-SARS_N,,,,,68.1955719,
AP118.FA1,,,AP118,,5,control,PCR Negative,SARS-CoV-2,N1,,,,,0.0,0.743327439,
AP118.FA3,,,AP118,,5,control,PCR Positive,SARS-CoV-2,N1,LV-SARS_N,,,,,51.03213882,
AP118.FH2,,,AP118,,5,control,PCR Negative,SARS-CoV-2,N2,,,,,0.0,1.238944292,
AP118.FH4,,,AP118,,5,control,PCR Positive,SARS-CoV-2,N2,LV-SARS_N,,,,,57.7071495,
AP119.FA1,,,AP119,,5,control,PCR Negative,SARS-CoV-2,N1,,,,,0.0,0.0,
AP119.FA3,,,AP119,,5,control,PCR Positive,SARS-CoV-2,N1,LV-SARS_N,,,,,56.9620285,
AP119.FH2,,,AP119,,5,control,PCR Negative,SARS-CoV-2,N2,,,,,0.0,0.0,
AP119.FH4,,,AP119,,5,control,PCR Positive,SARS-CoV-2,N2,LV-SARS_N,,,,,60.14689254,
AP12.FA1,,,AP12,,5,control,PCR Negative,SARS-CoV-2,N1,,,,,0.0,0.0,
AP12.FA2,,,AP12,,5,control,PCR Positive,SARS-CoV-2,N1,LV-SARS_N,,,,,1593.187866,
AP12.FA3,,,AP12,,5,control,PCR Negative,SARS-CoV-2,N1,,,,,0.0,0.0,
AP12.FA4,,,AP12,,5,control,PCR Positive,SARS-CoV-2,N1,LV-SARS_N,,,,,1593.187866,
AP12.FH3,,,AP12,,5,control,PCR Negative,SARS-CoV-2,N2,,,,,0.0,0.0,
AP12.FH4,,,AP12,,5,control,PCR Positive,SARS-CoV-2,N2,LV-SARS_N,,,,,2077.493896,
AP12.FH5,,,AP12,,5,control,PCR Negative,SARS-CoV-2,N2,,,,,0.0,0.0,
AP12.FH6,,,AP12,,5,control,PCR Positive,SARS-CoV-2,N2,LV-SARS_N,,,,,2077.493896,
AP120.FA1,,,AP120,,5,control,PCR Negative,SARS-CoV-2,N1,,,,,0.0,0.0,
AP120.FA3,,,AP120,,5,control,PCR Positive,SARS-CoV-2,N1,LV-SARS_N,,,,,47.31959534,
AP120.FH2,,,AP120,,5,control,PCR Negative,SARS-CoV-2,N2,,,,,0.0,0.49426347,
AP120.FH4,,,AP120,,5,control,PCR Positive,SARS-CoV-2,N2,LV-SARS_N,,,,,55.93098068,
AP121.FA1,,,AP121,,5,control,PCR Negative,SARS-CoV-2,N1,,,,,0.0,0.321780741,
AP121.FA3,,,AP121,,5,control,PCR Positive,SARS-CoV-2,N1,LV-SARS_N,,,,,54.19751358,
AP121.FH2,,,AP121,,5,control,PCR Negative,SARS-CoV-2,N2,,,,,0.0,0.0,
AP121.FH4,,,AP121,,5,control,PCR Positive,SARS-CoV-2,N2,LV-SARS_N,,,,,57.13613892,
AP122.FA1,,,AP122,,5,control,PCR Negative,SARS-CoV-2,N1,,,,,0.0,1.020577431,
AP122.FA3,,,AP122,,5,control,PCR Positive,SARS-CoV-2,N1,LV-SARS_N,,,,,39.5744629,
AP122.FH2,,,AP122,,5,control,PCR Negative,SARS-CoV-2,N2,,,,,0.0,0.510260999,
AP122.FH4,,,AP122,,5,control,PCR Positive,SARS-CoV-2,N2,LV-SARS_N,,,,,50.67816162,
AP123.FA1,,,AP123,,5,control,PCR Negative,SARS-CoV-2,N1,,,,,0.0,0.0,
AP123.FA3,,,AP123,,5,control,PCR Positive,SARS-CoV-2,N1,LV-SARS_N,,,,,56.16432952,
AP123.FH2,,,AP123,,5,control,PCR Negative,SARS-CoV-2,N2,,,,,0.0,0.0,
AP123.FH4,,,AP123,,5,control,PCR Positive,SARS-CoV-2,N2,LV-SARS_N,,,,,63.73038102,
AP124.FA1,,,AP124,,5,control,PCR Negative,SARS-CoV-2,N1,,,,,0.0,0.0,
AP124.FA3,,,AP124,,5,control,PCR Positive,SARS-CoV-2,N1,LV-SARS_N,,,,,49.8671074,
AP124.FH2,,,AP124,,5,control,PCR Negative,SARS-CoV-2,N2,,,,,0.0,0.0,
AP124.FH4,,,AP124,,5,control,PCR Positive,SARS-CoV-2,N2,LV-SARS_N,,,,,61.72230912,
AP127.FA1,,,AP127,,5,control,PCR Negative,SARS-CoV-2,N1,,,,,0.0,0.0,
AP127.FA3,,,AP127,,5,control,PCR Positive,SARS-CoV-2,N1,LV-SARS_N,,,,,0.748768032,
AP127.FH2,,,AP127,,5,control,PCR Negative,SARS-CoV-2,N2,,,,,0.0,0.227849141,
AP127.FH4,,,AP127,,5,control,PCR Positive,SARS-CoV-2,N2,LV-SARS_N,,,,,1.497655272,
AP128.FA1,,,AP128,,5,control,PCR Negative,SARS-CoV-2,N1,,,,,0.0,0.23265925,
AP128.FA3,,,AP128,,5,control,PCR Positive,SARS-CoV-2,N1,LV-SARS_N,,,,,0.466922879,
AP128.FH2,,,AP128,,5,control,PCR Negative,SARS-CoV-2,N2,,,,,0.0,0.465330005,
AP128.FH4,,,AP128,,5,control,PCR Positive,SARS-CoV-2,N2,LV-SARS_N,,,,,0.466922879,
AP129.FA1,,,AP129,,5,control,PCR Negative,SARS-CoV-2,N1,,,,,0.0,0.0,
AP129.FA3,,,AP129,,5,control,PCR Positive,SARS-CoV-2,N1,LV-SARS_N,,,,,0.913497448,
AP129.FH2,,,AP129,,5,control,PCR Negative,SARS-CoV-2,N2,,,,,0.0,0.267372072,
AP129.FH4,,,AP129,,5,control,PCR Positive,SARS-CoV-2,N2,LV-SARS_N,,,,,1.370312691,
AP13.FA1,,,AP13,,5,control,PCR Negative,SARS-CoV-2,N1,,,,,0.0,0.0,
AP13.FA2,,,AP13,,5,control,PCR Positive,SARS-CoV-2,N1,LV-SARS_N,,,,,1707.766876,
AP13.FA3,,,AP13,,5,control,PCR Negative,SARS-CoV-2,N1,,,,,0.0,0.0,
AP13.FA4,,,AP13,,5,control,PCR Positive,SARS-CoV-2,N1,LV-SARS_N,,,,,1707.766876,
AP13.FH3,,,AP13,,5,control,PCR Negative,SARS-CoV-2,N2,,,,,0.0,0.0,
AP13.FH4,,,AP13,,5,control,PCR Positive,SARS-CoV-2,N2,LV-SARS_N,,,,,1836.244965,
AP13.FH5,,,AP13,,5,control,PCR Negative,SARS-CoV-2,N2,,,,,0.0,0.0,
AP13.FH6,,,AP13,,5,control,PCR Positive,SARS-CoV-2,N2,LV-SARS_N,,,,,1836.244965,
AP130.FA1,,,AP130,,5,control,PCR Negative,SARS-CoV-2,N1,,,,,0.0,0.0,
AP130.FA3,,,AP130,,5,control,PCR Positive,SARS-CoV-2,N1,LV-SARS_N,,,,,0.0,
AP130.FH2,,,AP130,,5,control,PCR Negative,SARS-CoV-2,N2,,,,,0.0,0.439843208,
AP130.FH4,,,AP130,,5,control,PCR Positive,SARS-CoV-2,N2,LV-SARS_N,,,,,0.455885917,
AP131.FA1,,,AP131,,5,control,PCR Negative,SARS-CoV-2,N1,,,,,0.0,0.0,
AP131.FA3,,,AP131,,5,control,PCR Positive,SARS-CoV-2,N1,LV-SARS_N,,,,,0.0,
AP131.FH2,,,AP131,,5,control,PCR Negative,SARS-CoV-2,N2,,,,,0.0,0.245872781,
AP131.FH4,,,AP131,,5,control,PCR Positive,SARS-CoV-2,N2,LV-SARS_N,,,,,0.0,
AP132.FA1,,,AP132,,5,control,PCR Negative,SARS-CoV-2,N1,,,,,0.0,0.0,
AP132.FA3,,,AP132,,5,control,PCR Positive,SARS-CoV-2,N1,LV-SARS_N,,,,,47.16387176,
AP132.FH2,,,AP132,,5,control,PCR Negative,SARS-CoV-2,N2,,,,,0.0,0.0,
AP132.FH4,,,AP132,,5,control,PCR Positive,SARS-CoV-2,N2,LV-SARS_N,,,,,62.33418274,
AP133.FA1,,,AP133,,5,control,PCR Negative,SARS-CoV-2,N1,,,,,0.0,0.0,
AP133.FA3,,,AP133,,5,control,PCR Positive,SARS-CoV-2,N1,LV-SARS_N,,,,,39.43220902,
AP133.FH2,,,AP133,,5,control,PCR Negative,SARS-CoV-2,N2,,,,,0.0,0.265936673,
AP133.FH4,,,AP133,,5,control,PCR Positive,SARS-CoV-2,N2,LV-SARS_N,,,,,40.6854744,
AP134.FA1,,,AP134,,5,control,PCR Negative,SARS-CoV-2,N1,,,,,0.0,0.0,
AP134.FA3,,,AP134,,5,control,PCR Positive,SARS-CoV-2,N1,LV-SARS_N,,,,,41.80308914,
AP134.FH2,,,AP134,,5,control,PCR Negative,SARS-CoV-2,N2,,,,,0.0,0.0,
AP134.FH4,,,AP134,,5,control,PCR Positive,SARS-CoV-2,N2,LV-SARS_N,,,,,48.52618026,
AP135.FA1,,,AP135,,5,control,PCR Negative,SARS-CoV-2,N1,,,,,0.0,0.0,
AP135.FA3,,,AP135,,5,control,PCR Positive,SARS-CoV-2,N1,LV-SARS_N,,,,,38.14008332,
AP135.FH2,,,AP135,,5,control,PCR Negative,SARS-CoV-2,N2,,,,,0.0,0.0,
AP135.FH4,,,AP135,,5,control,PCR Positive,SARS-CoV-2,N2,LV-SARS_N,,,,,42.31957626,
AP136.FA1,,,AP136,,5,control,PCR Negative,SARS-CoV-2,N1,,,,,0.0,0.0,
AP136.FA3,,,AP136,,5,control,PCR Positive,SARS-CoV-2,N1,LV-SARS_N,,,,,33.8443489,
AP136.FH2,,,AP136,,5,control,PCR Negative,SARS-CoV-2,N2,,,,,0.0,0.0,
AP136.FH4,,,AP136,,5,control,PCR Positive,SARS-CoV-2,N2,LV-SARS_N,,,,,41.82806016,
AP137.FA1,,,AP137,,5,control,PCR Negative,SARS-CoV-2,N1,,,,,0.0,0.0,
AP137.FA3,,,AP137,,5,control,PCR Positive,SARS-CoV-2,N1,LV-SARS_N,,,,,36.50039292,
AP137.FH2,,,AP137,,5,control,PCR Negative,SARS-CoV-2,N2,,,,,0.0,0.0,
AP137.FH4,,,AP137,,5,control,PCR Positive,SARS-CoV-2,N2,LV-SARS_N,,,,,47.66563796,
AP139.FA1,,,AP139,,5,control,PCR Negative,SARS-CoV-2,N1,,,,,0.0,0.0,
AP139.FA3,,,AP139,,5,control,PCR Positive,SARS-CoV-2,N1,LV-SARS_N,,,,,30.10194016,
AP139.FH2,,,AP139,,5,control,PCR Negative,SARS-CoV-2,N2,,,,,0.0,0.0,
AP139.FH4,,,AP139,,5,control,PCR Positive,SARS-CoV-2,N2,LV-SARS_N,,,,,35.63772964,
AP14.FA1,,,AP14,,5,control,PCR Negative,SARS-CoV-2,N1,,,,,0.0,0.0,
AP14.FA2,,,AP14,,5,control,PCR Positive,SARS-CoV-2,N1,LV-SARS_N,,,,,2152.007294,
AP14.FA3,,,AP14,,5,control,PCR Negative,SARS-CoV-2,N1,,,,,0.0,0.0,
AP14.FA4,,,AP14,,5,control,PCR Positive,SARS-CoV-2,N1,LV-SARS_N,,,,,2152.007294,
AP14.FH3,,,AP14,,5,control,PCR Negative,SARS-CoV-2,N2,,,,,0.0,0.0,
AP14.FH4,,,AP14,,5,control,PCR Positive,SARS-CoV-2,N2,LV-SARS_N,,,,,2493.552246,
AP14.FH5,,,AP14,,5,control,PCR Negative,SARS-CoV-2,N2,,,,,0.0,0.0,
AP14.FH6,,,AP14,,5,control,PCR Positive,SARS-CoV-2,N2,LV-SARS_N,,,,,2493.552246,
AP142.FA1,,,AP142,,5,control,PCR Negative,SARS-CoV-2,N1,,,,,0.0,0.0,
AP142.FH2,,,AP142,,5,control,PCR Negative,SARS-CoV-2,N2,,,,,0.0,0.0,
AP143.FA1,,,AP143,,5,control,PCR Negative,SARS-CoV-2,N1,,,,,0.0,0.0,
AP143.FA3,,,AP143,,5,control,PCR Positive,SARS-CoV-2,N1,LV-SARS_N,,,,,28.21592904,
AP143.FH2,,,AP143,,5,control,PCR Negative,SARS-CoV-2,N2,,,,,0.0,0.0,
AP143.FH4,,,AP143,,5,control,PCR Positive,SARS-CoV-2,N2,LV-SARS_N,,,,,30.4145546,
AP146.FA1,,,AP146,,5,control,PCR Negative,SARS-CoV-2,N1,,,,,0.0,0.0,
AP146.FA3,,,AP146,,5,control,PCR Positive,SARS-CoV-2,N1,LV-SARS_N,,,,,27.62306404,
AP146.FH2,,,AP146,,5,control,PCR Negative,SARS-CoV-2,N2,,,,,0.0,0.0,
AP146.FH4,,,AP146,,5,control,PCR Positive,SARS-CoV-2,N2,LV-SARS_N,,,,,33.26992034,
AP149.FA1,,,AP149,,5,control,PCR Negative,SARS-CoV-2,N1,,,,,0.0,0.0,
AP149.FA3,,,AP149,,5,control,PCR Positive,SARS-CoV-2,N1,LV-SARS_N,,,,,26.49434852,
AP149.FH2,,,AP149,,5,control,PCR Negative,SARS-CoV-2,N2,,,,,0.0,0.0,
AP149.FH4,,,AP149,,5,control,PCR Positive,SARS-CoV-2,N2,LV-SARS_N,,,,,8.378116608,
AP15.FA1,,,AP15,,5,control,PCR Negative,SARS-CoV-2,N1,,,,,0.0,0.0,
AP15.FA2,,,AP15,,5,control,PCR Positive,SARS-CoV-2,N1,LV-SARS_N,,,,,1707.766876,
AP15.FA3,,,AP15,,5,control,PCR Negative,SARS-CoV-2,N1,,,,,0.0,0.0,
AP15.FA4,,,AP15,,5,control,PCR Positive,SARS-CoV-2,N1,LV-SARS_N,,,,,1707.766876,
AP15.FH3,,,AP15,,5,control,PCR Negative,SARS-CoV-2,N2,,,,,0.0,0.0,
AP15.FH4,,,AP15,,5,control,PCR Positive,SARS-CoV-2,N2,LV-SARS_N,,,,,1836.244965,
AP15.FH5,,,AP15,,5,control,PCR Negative,SARS-CoV-2,N2,,,,,0.0,0.0,
AP15.FH6,,,AP15,,5,control,PCR Positive,SARS-CoV-2,N2,LV-SARS_N,,,,,1836.244965,
AP150.FA1,,,AP150,,5,control,PCR Negative,SARS-CoV-2,N1,,,,,0.0,0.0,
AP150.FA3,,,AP150,,5,control,PCR Positive,SARS-CoV-2,N1,LV-SARS_N,,,,,22.5510559,
AP150.FH2,,,AP150,,5,control,PCR Negative,SARS-CoV-2,N2,,,,,0.0,0.0,
AP150.FH4,,,AP150,,5,control,PCR Positive,SARS-CoV-2,N2,LV-SARS_N,,,,,24.84074402,
AP153.FA1,,,AP153,,5,control,PCR Negative,SARS-CoV-2,N1,,,,,0.0,0.0,
AP153.FA3,,,AP153,,5,control,PCR Positive,SARS-CoV-2,N1,LV-SARS_N,,,,,23.97444344,
AP153.FH2,,,AP153,,5,control,PCR Negative,SARS-CoV-2,N2,,,,,0.0,0.42852819,
AP153.FH4,,,AP153,,5,control,PCR Positive,SARS-CoV-2,N2,LV-SARS_N,,,,,30.53417968,
AP156.FA1,,,AP156,,5,control,PCR Negative,SARS-CoV-2,N1,,,,,0.0,0.0,
AP156.FH2,,,AP156,,5,control,PCR Negative,SARS-CoV-2,N2,,,,,0.0,0.23306255,
AP157.FA1,,,AP157,,5,control,PCR Negative,SARS-CoV-2,N1,,,,,0.0,0.576701283,
AP157.FA3,,,AP157,,5,control,PCR Positive,SARS-CoV-2,N1,LV-SARS_N,,,,,49.66244506,
AP157.FH2,,,AP157,,5,control,PCR Negative,SARS-CoV-2,N2,,,,,0.0,0.576701283,
AP157.FH4,,,AP157,,5,control,PCR Positive,SARS-CoV-2,N2,LV-SARS_N,,,,,52.68088532,
AP158.FA1,,,AP158,,5,control,PCR Negative,SARS-CoV-2,N1,,,,,0.0,0.28164494,
AP158.FA3,,,AP158,,5,control,PCR Positive,SARS-CoV-2,N1,LV-SARS_N,,,,,47.05833816,
AP158.FH2,,,AP158,,5,control,PCR Negative,SARS-CoV-2,N2,,,,,0.0,0.0,
AP158.FH4,,,AP158,,5,control,PCR Positive,SARS-CoV-2,N2,LV-SARS_N,,,,,55.45808792,
AP159.FA1,,,AP159,,5,control,PCR Negative,SARS-CoV-2,N1,,,,,0.0,0.300322115,
AP159.FA3,,,AP159,,5,control,PCR Positive,SARS-CoV-2,N1,LV-SARS_N,,,,,41.4507904,
AP159.FH2,,,AP159,,5,control,PCR Negative,SARS-CoV-2,N2,,,,,0.0,0.300322115,
AP159.FH4,,,AP159,,5,control,PCR Positive,SARS-CoV-2,N2,LV-SARS_N,,,,,55.2289772,
AP16.FA1,,,AP16,,5,control,PCR Negative,SARS-CoV-2,N1,,,,,0.0,0.0,
AP16.FA2,,,AP16,,5,control,PCR Positive,SARS-CoV-2,N1,LV-SARS_N,,,,,1040.980072,
AP16.FA3,,,AP16,,5,control,PCR Negative,SARS-CoV-2,N1,,,,,0.0,0.0,
AP16.FA4,,,AP16,,5,control,PCR Positive,SARS-CoV-2,N1,LV-SARS_N,,,,,1040.980072,
AP16.FH3,,,AP16,,5,control,PCR Negative,SARS-CoV-2,N2,,,,,0.0,0.0,
AP16.FH4,,,AP16,,5,control,PCR Positive,SARS-CoV-2,N2,LV-SARS_N,,,,,1205.935364,
AP16.FH5,,,AP16,,5,control,PCR Negative,SARS-CoV-2,N2,,,,,0.0,0.0,
AP16.FH6,,,AP16,,5,control,PCR Positive,SARS-CoV-2,N2,LV-SARS_N,,,,,1205.935364,
AP162.FA1,,,AP162,,5,control,PCR Negative,SARS-CoV-2,N1,,,,,0.0,0.0,
AP162.FA3,,,AP162,,5,control,PCR Positive,SARS-CoV-2,N1,LV-SARS_N,,,,,43.24032974,
AP162.FH2,,,AP162,,5,control,PCR Negative,SARS-CoV-2,N2,,,,,0.0,0.0,
AP162.FH4,,,AP162,,5,control,PCR Positive,SARS-CoV-2,N2,LV-SARS_N,,,,,52.8693657,
AP165.FA1,,,AP165,,5,control,PCR Negative,SARS-CoV-2,N1,,,,,0.0,0.807550967,
AP165.FA3,,,AP165,,5,control,PCR Positive,SARS-CoV-2,N1,LV-SARS_N,,,,,42.87487412,
AP165.FH2,,,AP165,,5,control,PCR Negative,SARS-CoV-2,N2,,,,,0.0,0.0,
AP165.FH4,,,AP165,,5,control,PCR Positive,SARS-CoV-2,N2,LV-SARS_N,,,,,50.6091919,
AP167.FA1,,,AP167,,5,control,PCR Negative,SARS-CoV-2,N1,,,,,0.0,0.0,
AP167.FA3,,,AP167,,5,control,PCR Positive,SARS-CoV-2,N1,LV-SARS_N,,,,,47.91618348,
AP167.FH2,,,AP167,,5,control,PCR Negative,SARS-CoV-2,N2,,,,,0.0,0.0,
AP167.FH4,,,AP167,,5,control,PCR Positive,SARS-CoV-2,N2,LV-SARS_N,,,,,54.51179122,
AP17.FA1,,,AP17,,5,control,PCR Negative,SARS-CoV-2,N1,,,,,0.0,0.0,
AP17.FA2,,,AP17,,5,control,PCR Positive,SARS-CoV-2,N1,LV-SARS_N,,,,,560.2787018,
AP17.FA3,,,AP17,,5,control,PCR Negative,SARS-CoV-2,N1,,,,,0.0,0.0,
AP17.FA4,,,AP17,,5,control,PCR Positive,SARS-CoV-2,N1,LV-SARS_N,,,,,560.2787018,
AP17.FH3,,,AP17,,5,control,PCR Negative,SARS-CoV-2,N2,,,,,0.0,0.0,
AP17.FH4,,,AP17,,5,control,PCR Positive,SARS-CoV-2,N2,LV-SARS_N,,,,,653.7683868,
AP17.FH5,,,AP17,,5,control,PCR Negative,SARS-CoV-2,N2,,,,,0.0,0.0,
AP17.FH6,,,AP17,,5,control,PCR Positive,SARS-CoV-2,N2,LV-SARS_N,,,,,653.7683868,
AP171.FA1,,,AP171,,5,control,PCR Negative,SARS-CoV-2,N1,,,,,0.0,0.0,
AP171.FA3,,,AP171,,5,control,PCR Positive,SARS-CoV-2,N1,LV-SARS_N,,,,,39.81601716,
AP171.FH2,,,AP171,,5,control,PCR Negative,SARS-CoV-2,N2,,,,,0.0,0.270748049,
AP171.FH4,,,AP171,,5,control,PCR Positive,SARS-CoV-2,N2,LV-SARS_N,,,,,48.15082932,
AP172.FA1,,,AP172,,5,control,PCR Negative,SARS-CoV-2,N1,,,,,0.0,0.243612289,
AP172.FA3,,,AP172,,5,control,PCR Positive,SARS-CoV-2,N1,LV-SARS_N,,,,,39.20339202,
AP172.FH2,,,AP172,,5,control,PCR Negative,SARS-CoV-2,N2,,,,,0.0,0.0,
AP172.FH4,,,AP172,,5,control,PCR Positive,SARS-CoV-2,N2,LV-SARS_N,,,,,39.94602584,
AP175.FA1,,,AP175,,5,control,PCR Negative,SARS-CoV-2,N1,,,,,0.0,0.0,
AP175.FA3,,,AP175,,5,control,PCR Positive,SARS-CoV-2,N1,LV-SARS_N,,,,,29.04881668,
AP175.FH2,,,AP175,,5,control,PCR Negative,SARS-CoV-2,N2,,,,,0.0,0.0,
AP175.FH4,,,AP175,,5,control,PCR Positive,SARS-CoV-2,N2,LV-SARS_N,,,,,34.05391312,
AP176.FA1,,,AP176,,5,control,PCR Negative,SARS-CoV-2,N1,,,,,0.0,0.0,
AP176.FA3,,,AP176,,5,control,PCR Positive,SARS-CoV-2,N1,LV-SARS_N,,,,,28.60123444,
AP176.FH2,,,AP176,,5,control,PCR Negative,SARS-CoV-2,N2,,,,,0.0,0.0,
AP176.FH4,,,AP176,,5,control,PCR Positive,SARS-CoV-2,N2,LV-SARS_N,,,,,38.69757462,
AP178.FA1,,,AP178,,5,control,PCR Negative,SARS-CoV-2,N1,,,,,0.0,0.0,
AP178.FA3,,,AP178,,5,control,PCR Positive,SARS-CoV-2,N1,LV-SARS_N,,,,,33.29496766,
AP178.FH2,,,AP178,,5,control,PCR Negative,SARS-CoV-2,N2,,,,,0.0,0.0,
AP178.FH4,,,AP178,,5,control,PCR Positive,SARS-CoV-2,N2,LV-SARS_N,,,,,38.18593216,
AP179.FA1,,,AP179,,5,control,PCR Negative,SARS-CoV-2,N1,,,,,0.0,0.0,
AP179.FA3,,,AP179,,5,control,PCR Positive,SARS-CoV-2,N1,LV-SARS_N,,,,,0.314298451,
AP179.FH2,,,AP179,,5,control,PCR Negative,SARS-CoV-2,N2,,,,,0.0,0.0,
AP179.FH4,,,AP179,,5,control,PCR Positive,SARS-CoV-2,N2,LV-SARS_N,,,,,0.314298451,
AP180.FA1,,,AP180,,5,control,PCR Negative,SARS-CoV-2,N1,,,,,0.0,0.0,
AP180.FA3,,,AP180,,5,control,PCR Positive,SARS-CoV-2,N1,LV-SARS_N,,,,,0.420953482,
AP180.FH2,,,AP180,,5,control,PCR Negative,SARS-CoV-2,N2,,,,,0.0,0.0,
AP180.FH4,,,AP180,,5,control,PCR Positive,SARS-CoV-2,N2,LV-SARS_N,,,,,0.841942191,
AP184.FA1,,,AP184,,5,control,PCR Negative,SARS-CoV-2,N1,,,,,0.0,0.0,
AP184.FA3,,,AP184,,5,control,PCR Positive,SARS-CoV-2,N1,LV-SARS_N,,,,,52.24702072,
AP184.FH2,,,AP184,,5,control,PCR Negative,SARS-CoV-2,N2,,,,,0.0,0.0,
AP184.FH4,,,AP184,,5,control,PCR Positive,SARS-CoV-2,N2,LV-SARS_N,,,,,60.83421708,
AP187.FA1,,,AP187,,5,control,PCR Negative,SARS-CoV-2,N1,,,,,0.0,0.0,
AP187.FA3,,,AP187,,5,control,PCR Positive,SARS-CoV-2,N1,LV-SARS_N,,,,,40.01966858,
AP187.FH2,,,AP187,,5,control,PCR Negative,SARS-CoV-2,N2,,,,,0.0,0.0,
AP187.FH4,,,AP187,,5,control,PCR Positive,SARS-CoV-2,N2,LV-SARS_N,,,,,47.8104248,
AP19.FA1,,,AP19,,5,control,PCR Negative,SARS-CoV-2,N1,,,,,0.0,0.0,
AP19.FA2,,,AP19,,5,control,PCR Positive,SARS-CoV-2,N1,LV-SARS_N,,,,,1166.6,
AP19.FA3,,,AP19,,5,control,PCR Negative,SARS-CoV-2,N1,,,,,0.0,0.0,
AP19.FA4,,,AP19,,5,control,PCR Positive,SARS-CoV-2,N1,LV-SARS_N,,,,,1166.6,
AP19.FH3,,,AP19,,5,control,PCR Negative,SARS-CoV-2,N2,,,,,0.0,0.0,
AP19.FH4,,,AP19,,5,control,PCR Positive,SARS-CoV-2,N2,LV-SARS_N,,,,,1342.8,
AP19.FH5,,,AP19,,5,control,PCR Negative,SARS-CoV-2,N2,,,,,0.0,0.0,
AP19.FH6,,,AP19,,5,control,PCR Positive,SARS-CoV-2,N2,LV-SARS_N,,,,,1342.8,
AP190.FA1,,,AP190,,5,control,PCR Negative,SARS-CoV-2,N1,,,,,0.0,0.0,
AP190.FA3,,,AP190,,5,control,PCR Positive,SARS-CoV-2,N1,LV-SARS_N,,,,,26.55275344,
AP190.FH2,,,AP190,,5,control,PCR Negative,SARS-CoV-2,N2,,,,,0.0,0.246030495,
AP190.FH4,,,AP190,,5,control,PCR Positive,SARS-CoV-2,N2,LV-SARS_N,,,,,36.40129852,
AP191.FA1,,,AP191,,5,control,PCR Negative,SARS-CoV-2,N1,,,,,0.0,0.0,
AP191.FA3,,,AP191,,5,control,PCR Positive,SARS-CoV-2,N1,LV-SARS_N,,,,,33.3931694,
AP191.FH2,,,AP191,,5,control,PCR Negative,SARS-CoV-2,N2,,,,,0.0,0.0,
AP191.FH4,,,AP191,,5,control,PCR Positive,SARS-CoV-2,N2,LV-SARS_N,,,,,42.974926,
AP195.FA1,,,AP195,,5,control,PCR Negative,SARS-CoV-2,N1,,,,,0.0,0.0,
AP195.FA3,,,AP195,,5,control,PCR Positive,SARS-CoV-2,N1,LV-SARS_N,,,,,29.92736054,
AP195.FH2,,,AP195,,5,control,PCR Negative,SARS-CoV-2,N2,,,,,0.0,0.0,
AP195.FH4,,,AP195,,5,control,PCR Positive,SARS-CoV-2,N2,LV-SARS_N,,,,,40.35205842,
AP198.FA1,,,AP198,,5,control,PCR Negative,SARS-CoV-2,N1,,,,,0.0,0.0,
AP198.FA3,,,AP198,,5,control,PCR Positive,SARS-CoV-2,N1,LV-SARS_N,,,,,37.75175476,
AP198.FH2,,,AP198,,5,control,PCR Negative,SARS-CoV-2,N2,,,,,0.0,0.0,
AP198.FH4,,,AP198,,5,control,PCR Positive,SARS-CoV-2,N2,LV-SARS_N,,,,,38.01491546,
AP20.FA1,,,AP20,,5,control,PCR Negative,SARS-CoV-2,N1,,,,,0.0,0.0,
AP20.FA2,,,AP20,,5,control,PCR Positive,SARS-CoV-2,N1,LV-SARS_N,,,,,1193.4,
AP20.FA3,,,AP20,,5,control,PCR Negative,SARS-CoV-2,N1,,,,,0.0,0.0,
AP20.FA4,,,AP20,,5,control,PCR Positive,SARS-CoV-2,N1,LV-SARS_N,,,,,1193.4,
AP20.FH3,,,AP20,,5,control,PCR Negative,SARS-CoV-2,N2,,,,,0.0,0.0,
AP20.FH4,,,AP20,,5,control,PCR Positive,SARS-CoV-2,N2,LV-SARS_N,,,,,1245.0,
AP20.FH5,,,AP20,,5,control,PCR Negative,SARS-CoV-2,N2,,,,,0.0,0.0,
AP20.FH6,,,AP20,,5,control,PCR Positive,SARS-CoV-2,N2,LV-SARS_N,,,,,1245.0,
AP201.FA1,,,AP201,,5,control,PCR Negative,SARS-CoV-2,N1,,,,,0.0,0.0,
AP201.FA3,,,AP201,,5,control,PCR Positive,SARS-CoV-2,N1,LV-SARS_N,,,,,50.2463646,
AP201.FH2,,,AP201,,5,control,PCR Negative,SARS-CoV-2,N2,,,,,0.0,0.306300581,
AP201.FH4,,,AP201,,5,control,PCR Positive,SARS-CoV-2,N2,LV-SARS_N,,,,,62.88674926,
AP202.FA1,,,AP202,,5,control,PCR Negative,SARS-CoV-2,N1,,,,,0.0,0.0,
AP202.FA3,,,AP202,,5,control,PCR Positive,SARS-CoV-2,N1,LV-SARS_N,,,,,72.4958725,
AP202.FH2,,,AP202,,5,control,PCR Negative,SARS-CoV-2,N2,,,,,0.0,0.259935737,
AP202.FH4,,,AP202,,5,control,PCR Positive,SARS-CoV-2,N2,LV-SARS_N,,,,,88.09059906,
AP206.FA1,,,AP206,,5,control,PCR Negative,SARS-CoV-2,N1,,,,,0.0,0.0,
AP206.FA3,,,AP206,,5,control,PCR Positive,SARS-CoV-2,N1,LV-SARS_N,,,,,49.06724166,
AP206.FH2,,,AP206,,5,control,PCR Negative,SARS-CoV-2,N2,,,,,0.0,0.0,
AP206.FH4,,,AP206,,5,control,PCR Positive,SARS-CoV-2,N2,LV-SARS_N,,,,,60.505085,
AP209.FA1,,,AP209,,5,control,PCR Negative,SARS-CoV-2,N1,,,,,0.0,0.0,
AP209.FA3,,,AP209,,5,control,PCR Positive,SARS-CoV-2,N1,LV-SARS_N,,,,,35.04847336,
AP209.FH2,,,AP209,,5,control,PCR Negative,SARS-CoV-2,N2,,,,,0.0,0.0,
AP209.FH4,,,AP209,,5,control,PCR Positive,SARS-CoV-2,N2,LV-SARS_N,,,,,39.08609008,
AP21.FA1,,,AP21,,5,control,PCR Negative,SARS-CoV-2,N1,,,,,0.0,0.0,
AP21.FA2,,,AP21,,5,control,PCR Positive,SARS-CoV-2,N1,LV-SARS_N,,,,,1109.141006,
AP21.FA3,,,AP21,,5,control,PCR Negative,SARS-CoV-2,N1,,,,,0.0,0.0,
AP21.FA4,,,AP21,,5,control,PCR Positive,SARS-CoV-2,N1,LV-SARS_N,,,,,1109.141006,
AP21.FH3,,,AP21,,5,control,PCR Negative,SARS-CoV-2,N2,,,,,0.0,1229.36615,
AP21.FH4,,,AP21,,5,control,PCR Positive,SARS-CoV-2,N2,LV-SARS_N,,,,,0.0,
AP21.FH5,,,AP21,,5,control,PCR Negative,SARS-CoV-2,N2,,,,,0.0,1229.36615,
AP21.FH6,,,AP21,,5,control,PCR Positive,SARS-CoV-2,N2,LV-SARS_N,,,,,0.0,
AP210.FA1,,,AP210,,5,control,PCR Negative,SARS-CoV-2,N1,,,,,0.0,0.0,
AP210.FA3,,,AP210,,5,control,PCR Positive,SARS-CoV-2,N1,LV-SARS_N,,,,,49.05614472,
AP210.FH2,,,AP210,,5,control,PCR Negative,SARS-CoV-2,N2,,,,,0.0,0.263612837,
AP210.FH4,,,AP210,,5,control,PCR Positive,SARS-CoV-2,N2,LV-SARS_N,,,,,56.44121552,
AP213.FA1,,,AP213,,5,control,PCR Negative,SARS-CoV-2,N1,,,,,0.0,0.0,
AP213.FA3,,,AP213,,5,control,PCR Positive,SARS-CoV-2,N1,LV-SARS_N,,,,,49.81201172,
AP213.FH2,,,AP213,,5,control,PCR Negative,SARS-CoV-2,N2,,,,,0.0,0.0,
AP213.FH4,,,AP213,,5,control,PCR Positive,SARS-CoV-2,N2,LV-SARS_N,,,,,53.15041352,
AP214.FA1,,,AP214,,5,control,PCR Negative,SARS-CoV-2,N1,,,,,0.0,0.0,
AP214.FA3,,,AP214,,5,control,PCR Positive,SARS-CoV-2,N1,LV-SARS_N,,,,,40.68943024,
AP214.FH2,,,AP214,,5,control,PCR Negative,SARS-CoV-2,N2,,,,,0.0,0.0,
AP214.FH4,,,AP214,,5,control,PCR Positive,SARS-CoV-2,N2,LV-SARS_N,,,,,49.17007828,
AP216.FA1,,,AP216,,5,control,PCR Negative,SARS-CoV-2,N1,,,,,0.0,0.225206301,
AP216.FA3,,,AP216,,5,control,PCR Positive,SARS-CoV-2,N1,LV-SARS_N,,,,,37.95578766,
AP216.FH2,,,AP216,,5,control,PCR Negative,SARS-CoV-2,N2,,,,,0.0,0.0,
AP216.FH4,,,AP216,,5,control,PCR Positive,SARS-CoV-2,N2,LV-SARS_N,,,,,44.03665162,
AP217.FA1,,,AP217,,5,control,PCR Negative,SARS-CoV-2,N1,,,,,0.0,0.246706039,
AP217.FA3,,,AP217,,5,control,PCR Positive,SARS-CoV-2,N1,LV-SARS_N,,,,,41.10783768,
AP217.FH2,,,AP217,,5,control,PCR Negative,SARS-CoV-2,N2,,,,,0.0,0.0,
AP217.FH4,,,AP217,,5,control,PCR Positive,SARS-CoV-2,N2,LV-SARS_N,,,,,45.86310196,
AP218.FA1,,,AP218,,5,control,PCR Negative,SARS-CoV-2,N1,,,,,0.0,0.0,
AP218.FA3,,,AP218,,5,control,PCR Positive,SARS-CoV-2,N1,LV-SARS_N,,,,,46.6138649,
AP218.FH2,,,AP218,,5,control,PCR Negative,SARS-CoV-2,N2,,,,,0.0,0.0,
AP218.FH4,,,AP218,,5,control,PCR Positive,SARS-CoV-2,N2,LV-SARS_N,,,,,53.4054718,
AP219.FA1,,,AP219,,5,control,PCR Negative,SARS-CoV-2,N1,,,,,0.0,0.0,
AP219.FA3,,,AP219,,5,control,PCR Positive,SARS-CoV-2,N1,LV-SARS_N,,,,,37.27414704,
AP219.FH2,,,AP219,,5,control,PCR Negative,SARS-CoV-2,N2,,,,,0.0,0.0,
AP219.FH4,,,AP219,,5,control,PCR Positive,SARS-CoV-2,N2,LV-SARS_N,,,,,44.32782746,
AP22.FA1,,,AP22,,5,control,PCR Negative,SARS-CoV-2,N1,,,,,0.0,0.0,
AP22.FA2,,,AP22,,5,control,PCR Positive,SARS-CoV-2,N1,LV-SARS_N,,,,,1092.976303,
AP22.FA3,,,AP22,,5,control,PCR Negative,SARS-CoV-2,N1,,,,,0.0,0.0,
AP22.FA4,,,AP22,,5,control,PCR Positive,SARS-CoV-2,N1,LV-SARS_N,,,,,1092.976303,
AP22.FH3,,,AP22,,5,control,PCR Negative,SARS-CoV-2,N2,,,,,0.0,0.0,
AP22.FH4,,,AP22,,5,control,PCR Positive,SARS-CoV-2,N2,LV-SARS_N,,,,,1279.930573,
AP22.FH5,,,AP22,,5,control,PCR Negative,SARS-CoV-2,N2,,,,,0.0,0.0,
AP22.FH6,,,AP22,,5,control,PCR Positive,SARS-CoV-2,N2,LV-SARS_N,,,,,1279.930573,
AP220.FA1,,,AP220,,5,control,PCR Negative,SARS-CoV-2,N1,,,,,0.0,0.0,
AP220.FA3,,,AP220,,5,control,PCR Positive,SARS-CoV-2,N1,LV-SARS_N,,,,,37.25302506,
AP220.FH2,,,AP220,,5,control,PCR Negative,SARS-CoV-2,N2,,,,,0.0,0.0,
AP220.FH4,,,AP220,,5,control,PCR Positive,SARS-CoV-2,N2,LV-SARS_N,,,,,39.70998002,
AP221.FA1,,,AP221,,5,control,PCR Negative,SARS-CoV-2,N1,,,,,0.0,0.0,
AP221.FA3,,,AP221,,5,control,PCR Positive,SARS-CoV-2,N1,LV-SARS_N,,,,,38.12815856,
AP221.FH2,,,AP221,,5,control,PCR Negative,SARS-CoV-2,N2,,,,,0.0,0.0,
AP221.FH4,,,AP221,,5,control,PCR Positive,SARS-CoV-2,N2,LV-SARS_N,,,,,45.52423858,
AP222.FA1,,,AP222,,5,control,PCR Negative,SARS-CoV-2,N1,,,,,0.0,0.0,
AP222.FA3,,,AP222,,5,control,PCR Positive,SARS-CoV-2,N1,LV-SARS_N,,,,,37.64505004,
AP222.FH2,,,AP222,,5,control,PCR Negative,SARS-CoV-2,N2,,,,,0.0,0.0,
AP222.FH4,,,AP222,,5,control,PCR Positive,SARS-CoV-2,N2,LV-SARS_N,,,,,42.9659233,
AP223.FA1,,,AP223,,5,control,PCR Negative,SARS-CoV-2,N1,,,,,0.0,0.313867092,
AP223.FA3,,,AP223,,5,control,PCR Positive,SARS-CoV-2,N1,LV-SARS_N,,,,,37.4339981,
AP223.FH2,,,AP223,,5,control,PCR Negative,SARS-CoV-2,N2,,,,,0.0,0.313867092,
AP223.FH4,,,AP223,,5,control,PCR Positive,SARS-CoV-2,N2,LV-SARS_N,,,,,43.21787262,
AP224.FA1,,,AP224,,5,control,PCR Negative,SARS-CoV-2,N1,,,,,0.0,0.0,
AP224.FA3,,,AP224,,5,control,PCR Positive,SARS-CoV-2,N1,LV-SARS_N,,,,,5.975083352,
AP224.FH2,,,AP224,,5,control,PCR Negative,SARS-CoV-2,N2,,,,,0.0,0.0,
AP224.FH4,,,AP224,,5,control,PCR Positive,SARS-CoV-2,N2,LV-SARS_N,,,,,7.113999366,
AP225.FA1,,,AP225,,5,control,PCR Negative,SARS-CoV-2,N1,,,,,0.0,0.0,
AP225.FA3,,,AP225,,5,control,PCR Positive,SARS-CoV-2,N1,LV-SARS_N,,,,,56.35195542,
AP225.FH2,,,AP225,,5,control,PCR Negative,SARS-CoV-2,N2,,,,,0.0,0.0,
AP225.FH4,,,AP225,,5,control,PCR Positive,SARS-CoV-2,N2,LV-SARS_N,,,,,54.5158043,
AP226.FA1,,,AP226,,5,control,PCR Negative,SARS-CoV-2,N1,,,,,0.0,0.0,
AP226.FA3,,,AP226,,5,control,PCR Positive,SARS-CoV-2,N1,LV-SARS_N,,,,,46.46154404,
AP226.FH2,,,AP226,,5,control,PCR Negative,SARS-CoV-2,N2,,,,,0.0,0.0,
AP226.FH4,,,AP226,,5,control,PCR Positive,SARS-CoV-2,N2,LV-SARS_N,,,,,54.331707,
AP227.FA1,,,AP227,,5,control,PCR Negative,SARS-CoV-2,N1,,,,,0.0,0.0,
AP227.FA3,,,AP227,,5,control,PCR Positive,SARS-CoV-2,N1,LV-SARS_N,,,,,54.50141144,
AP227.FH2,,,AP227,,5,control,PCR Negative,SARS-CoV-2,N2,,,,,0.0,0.0,
AP227.FH4,,,AP227,,5,control,PCR Positive,SARS-CoV-2,N2,LV-SARS_N,,,,,51.54750442,
AP228.FA1,,,AP228,,5,control,PCR Negative,SARS-CoV-2,N1,,,,,0.0,0.280858874,
AP228.FA3,,,AP228,,5,control,PCR Positive,SARS-CoV-2,N1,LV-SARS_N,,,,,31.62294198,
AP228.FH2,,,AP228,,5,control,PCR Negative,SARS-CoV-2,N2,,,,,0.0,0.0,
AP228.FH4,,,AP228,,5,control,PCR Positive,SARS-CoV-2,N2,LV-SARS_N,,,,,38.4796791,
AP229.FA1,,,AP229,,5,control,PCR Negative,SARS-CoV-2,N1,,,,,0.0,0.297498703,
AP229.FA3,,,AP229,,5,control,PCR Positive,SARS-CoV-2,N1,LV-SARS_N,,,,,37.39986802,
AP229.FH2,,,AP229,,5,control,PCR Negative,SARS-CoV-2,N2,,,,,0.0,0.297498703,
AP229.FH4,,,AP229,,5,control,PCR Positive,SARS-CoV-2,N2,LV-SARS_N,,,,,38.59173202,
AP23.FA1,,,AP23,,5,control,PCR Negative,SARS-CoV-2,N1,,,,,0.0,0.0,
AP23.FA2,,,AP23,,5,control,PCR Positive,SARS-CoV-2,N1,LV-SARS_N,,,,,1030.216827,
AP23.FA3,,,AP23,,5,control,PCR Negative,SARS-CoV-2,N1,,,,,0.0,0.0,
AP23.FA4,,,AP23,,5,control,PCR Positive,SARS-CoV-2,N1,LV-SARS_N,,,,,1030.216827,
AP23.FH3,,,AP23,,5,control,PCR Negative,SARS-CoV-2,N2,,,,,0.0,0.0,
AP23.FH4,,,AP23,,5,control,PCR Positive,SARS-CoV-2,N2,LV-SARS_N,,,,,1109.431686,
AP23.FH5,,,AP23,,5,control,PCR Negative,SARS-CoV-2,N2,,,,,0.0,0.0,
AP23.FH6,,,AP23,,5,control,PCR Positive,SARS-CoV-2,N2,LV-SARS_N,,,,,1109.431686,
AP230.FA1,,,AP230,,5,control,PCR Negative,SARS-CoV-2,N1,,,,,0.0,0.0,
AP230.FA3,,,AP230,,5,control,PCR Positive,SARS-CoV-2,N1,LV-SARS_N,,,,,1.353813052,
AP230.FH2,,,AP230,,5,control,PCR Negative,SARS-CoV-2,N2,,,,,0.0,0.0,
AP230.FH4,,,AP230,,5,control,PCR Positive,SARS-CoV-2,N2,LV-SARS_N,,,,,0.541481555,
AP231.FA1,,,AP231,,5,control,PCR Negative,SARS-CoV-2,N1,,,,,0.0,0.0,
AP231.FA3,,,AP231,,5,control,PCR Positive,SARS-CoV-2,N1,LV-SARS_N,,,,,0.489893049,
AP231.FH2,,,AP231,,5,control,PCR Negative,SARS-CoV-2,N2,,,,,0.0,0.0,
AP231.FH4,,,AP231,,5,control,PCR Positive,SARS-CoV-2,N2,LV-SARS_N,,,,,0.489893049,
AP235.FA1,,,AP235,,5,control,PCR Negative,SARS-CoV-2,N1,,,,,0.0,0.0,
AP235.FA3,,,AP235,,5,control,PCR Positive,SARS-CoV-2,N1,LV-SARS_N,,,,,0.552178085,
AP235.FH2,,,AP235,,5,control,PCR Negative,SARS-CoV-2,N2,,,,,0.0,0.274739742,
AP235.FH4,,,AP235,,5,control,PCR Positive,SARS-CoV-2,N2,LV-SARS_N,,,,,0.552178085,
AP236.FA1,,,AP236,,5,control,PCR Negative,SARS-CoV-2,N1,,,,,0.0,0.515913486,
AP236.FA3,,,AP236,,5,control,PCR Positive,SARS-CoV-2,N1,LV-SARS_N,,,,,0.258400559,
AP236.FH2,,,AP236,,5,control,PCR Negative,SARS-CoV-2,N2,,,,,0.0,0.0,
AP236.FH4,,,AP236,,5,control,PCR Positive,SARS-CoV-2,N2,LV-SARS_N,,,,,0.258400559,
AP237.FA1,,,AP237,,5,control,PCR Negative,SARS-CoV-2,N1,,,,,0.0,0.890915692,
AP237.FH2,,,AP237,,5,control,PCR Negative,SARS-CoV-2,N2,,,,,0.0,0.445438147,
AP238.FA1,,,AP238,,5,control,PCR Negative,SARS-CoV-2,N1,,,,,0.0,0.0,
AP238.FA3,,,AP238,,5,control,PCR Positive,SARS-CoV-2,N1,LV-SARS_N,,,,,0.268007904,
AP238.FH2,,,AP238,,5,control,PCR Negative,SARS-CoV-2,N2,,,,,0.0,0.0,
AP238.FH4,,,AP238,,5,control,PCR Positive,SARS-CoV-2,N2,LV-SARS_N,,,,,0.0,
AP24.FA1,,,AP24,,5,control,PCR Negative,SARS-CoV-2,N1,,,,,0.0,0.0,
AP24.FA2,,,AP24,,5,control,PCR Positive,SARS-CoV-2,N1,LV-SARS_N,,,,,0.0,
AP24.FA3,,,AP24,,5,control,PCR Negative,SARS-CoV-2,N1,,,,,0.0,0.0,
AP24.FA4,,,AP24,,5,control,PCR Positive,SARS-CoV-2,N1,LV-SARS_N,,,,,0.0,
AP24.FH3,,,AP24,,5,control,PCR Negative,SARS-CoV-2,N2,,,,,0.0,0.0,
AP24.FH4,,,AP24,,5,control,PCR Positive,SARS-CoV-2,N2,LV-SARS_N,,,,,0.0,
AP24.FH5,,,AP24,,5,control,PCR Negative,SARS-CoV-2,N2,,,,,0.0,0.0,
AP24.FH6,,,AP24,,5,control,PCR Positive,SARS-CoV-2,N2,LV-SARS_N,,,,,0.0,
AP240.FA1,,,AP240,,5,control,PCR Negative,SARS-CoV-2,N1,,,,,0.0,0.0,
AP240.FH2,,,AP240,,5,control,PCR Negative,SARS-CoV-2,N2,,,,,0.0,0.0,
AP241.FA1,,,AP241,,5,control,PCR Negative,SARS-CoV-2,N1,,,,,0.0,0.821885586,
AP241.FH2,,,AP241,,5,control,PCR Negative,SARS-CoV-2,N2,,,,,0.0,0.273946941,
AP242.FA1,,,AP242,,5,control,PCR Negative,SARS-CoV-2,N1,,,,,0.0,0.0,
AP242.FH2,,,AP242,,5,control,PCR Negative,SARS-CoV-2,N2,,,,,0.0,0.0,
AP244.FA1,,,AP244,,5,control,PCR Negative,SARS-CoV-2,N1,,,,,0.0,0.0,
AP244.FH2,,,AP244,,5,control,PCR Negative,SARS-CoV-2,N2,,,,,0.0,0.0,
AP245.FA1,,,AP245,,5,control,PCR Negative,SARS-CoV-2,N1,,,,,0.0,0.0,
AP245.FH2,,,AP245,,5,control,PCR Negative,SARS-CoV-2,N2,,,,,0.0,0.0,
AP246.FA1,,,AP246,,5,control,PCR Negative,SARS-CoV-2,N1,,,,,0.0,0.0,
AP246.FH2,,,AP246,,5,control,PCR Negative,SARS-CoV-2,N2,,,,,0.0,0.0,
AP247.FA1,,,AP247,,5,control,PCR Negative,SARS-CoV-2,N1,,,,,0.0,0.0,
AP247.FH2,,,AP247,,5,control,PCR Negative,SARS-CoV-2,N2,,,,,0.0,0.0,
AP248.FA1,,,AP248,,5,control,PCR Negative,SARS-CoV-2,N1,,,,,0.0,0.0,
AP248.FH2,,,AP248,,5,control,PCR Negative,SARS-CoV-2,N2,,,,,0.0,0.664261222,
AP25.FA1,,,AP25,,5,control,PCR Negative,SARS-CoV-2,N1,,,,,0.0,0.0,
AP25.FA2,,,AP25,,5,control,PCR Positive,SARS-CoV-2,N1,LV-SARS_N,,,,,584.9592972,
AP25.FA3,,,AP25,,5,control,PCR Negative,SARS-CoV-2,N1,,,,,0.0,0.0,
AP25.FA4,,,AP25,,5,control,PCR Positive,SARS-CoV-2,N1,LV-SARS_N,,,,,584.9592972,
AP25.FH3,,,AP25,,5,control,PCR Negative,SARS-CoV-2,N2,,,,,0.0,0.0,
AP25.FH4,,,AP25,,5,control,PCR Positive,SARS-CoV-2,N2,LV-SARS_N,,,,,645.5539703,
AP25.FH5,,,AP25,,5,control,PCR Negative,SARS-CoV-2,N2,,,,,0.0,0.0,
AP25.FH6,,,AP25,,5,control,PCR Positive,SARS-CoV-2,N2,LV-SARS_N,,,,,645.5539703,
AP250.FA1,,,AP250,,5,control,PCR Negative,SARS-CoV-2,N1,,,,,0.0,0.0,
AP250.FH2,,,AP250,,5,control,PCR Negative,SARS-CoV-2,N2,,,,,0.0,0.0,
AP251.FA1,,,AP251,,5,control,PCR Negative,SARS-CoV-2,N1,,,,,0.0,0.0,
AP251.FA3,,,AP251,,5,control,PCR Positive,SARS-CoV-2,N1,LV-SARS_N,,,,,6.252186298,
AP251.FH2,,,AP251,,5,control,PCR Negative,SARS-CoV-2,N2,,,,,0.0,0.0,
AP251.FH4,,,AP251,,5,control,PCR Positive,SARS-CoV-2,N2,LV-SARS_N,,,,,6.773552894,
AP252.FA1,,,AP252,,5,control,PCR Negative,SARS-CoV-2,N1,,,,,0.0,0.0,
AP252.FA3,,,AP252,,5,control,PCR Positive,SARS-CoV-2,N1,LV-SARS_N,,,,,3.759219408,
AP252.FH2,,,AP252,,5,control,PCR Negative,SARS-CoV-2,N2,,,,,0.0,0.0,
AP252.FH4,,,AP252,,5,control,PCR Positive,SARS-CoV-2,N2,LV-SARS_N,,,,,3.4906106,
AP255.FA1,,,AP255,,5,control,PCR Negative,SARS-CoV-2,N1,,,,,0.0,0.0,
AP255.FA3,,,AP255,,5,control,PCR Positive,SARS-CoV-2,N1,LV-SARS_N,,,,,4.02226162,
AP255.FH2,,,AP255,,5,control,PCR Negative,SARS-CoV-2,N2,,,,,0.0,0.0,
AP255.FH4,,,AP255,,5,control,PCR Positive,SARS-CoV-2,N2,LV-SARS_N,,,,,6.437162876,
AP256.FA1,,,AP256,,5,control,PCR Negative,SARS-CoV-2,N1,,,,,0.0,0.561670721,
AP256.FH2,,,AP256,,5,control,PCR Negative,SARS-CoV-2,N2,,,,,0.0,0.0,
AP257.FA1,,,AP257,,5,control,PCR Negative,SARS-CoV-2,N1,,,,,0.0,0.283741504,
AP257.FA3,,,AP257,,5,control,PCR Positive,SARS-CoV-2,N1,LV-SARS_N,,,,,2086.033692,
AP257.FH2,,,AP257,,5,control,PCR Negative,SARS-CoV-2,N2,,,,,0.0,0.0,
AP257.FH4,,,AP257,,5,control,PCR Positive,SARS-CoV-2,N2,LV-SARS_N,,,,,2081.553466,
AP258.FA1,,,AP258,,5,control,PCR Negative,SARS-CoV-2,N1,,,,,0.0,0.0,
AP258.FA3,,,AP258,,5,control,PCR Positive,SARS-CoV-2,N1,LV-SARS_N,,,,,316.5682984,
AP258.FH2,,,AP258,,5,control,PCR Negative,SARS-CoV-2,N2,,,,,0.0,0.0,
AP258.FH4,,,AP258,,5,control,PCR Positive,SARS-CoV-2,N2,LV-SARS_N,,,,,247.2751618,
AP259.FA1,,,AP259,,5,control,PCR Negative,SARS-CoV-2,N1,,,,,0.0,0.256883383,
AP259.FA3,,,AP259,,5,control,PCR Positive,SARS-CoV-2,N1,LV-SARS_N,,,,,4022.373292,
AP259.FH2,,,AP259,,5,control,PCR Negative,SARS-CoV-2,N2,,,,,0.0,0.0,
AP259.FH4,,,AP259,,5,control,PCR Positive,SARS-CoV-2,N2,LV-SARS_N,,,,,4251.967286,
AP260.FA1,,,AP260,,5,control,PCR Negative,SARS-CoV-2,N1,,,,,0.0,0.2598418,
AP260.FA3,,,AP260,,5,control,PCR Positive,SARS-CoV-2,N1,LV-SARS_N,,,,,4657.136718,
AP260.FH2,,,AP260,,5,control,PCR Negative,SARS-CoV-2,N2,,,,,0.0,0.0,
AP260.FH4,,,AP260,,5,control,PCR Positive,SARS-CoV-2,N2,LV-SARS_N,,,,,5269.077636,
AP261.FA1,,,AP261,,5,control,PCR Negative,SARS-CoV-2,N1,,,,,0.0,0.312793911,
AP261.FA3,,,AP261,,5,control,PCR Positive,SARS-CoV-2,N1,LV-SARS_N,,,,,3983.25879,
AP261.FH2,,,AP261,,5,control,PCR Negative,SARS-CoV-2,N2,,,,,0.0,0.0,
AP261.FH4,,,AP261,,5,control,PCR Positive,SARS-CoV-2,N2,LV-SARS_N,,,,,4425.621582,
AP263.FA1,,,AP263,,5,control,PCR Negative,SARS-CoV-2,N1,,,,,0.0,0.0,
AP263.FA3,,,AP263,,5,control,PCR Positive,SARS-CoV-2,N1,LV-SARS_N,,,,,364.5102844,
AP263.FH2,,,AP263,,5,control,PCR Negative,SARS-CoV-2,N2,,,,,0.0,0.0,
AP263.FH4,,,AP263,,5,control,PCR Positive,SARS-CoV-2,N2,LV-SARS_N,,,,,375.2318116,
AP264.FA1,,,AP264,,5,control,PCR Negative,SARS-CoV-2,N1,,,,,0.0,0.0,
AP264.FA3,,,AP264,,5,control,PCR Positive,SARS-CoV-2,N1,LV-SARS_N,,,,,448.9376832,
AP264.FH2,,,AP264,,5,control,PCR Negative,SARS-CoV-2,N2,,,,,0.0,0.0,
AP264.FH4,,,AP264,,5,control,PCR Positive,SARS-CoV-2,N2,LV-SARS_N,,,,,521.9853516,
AP27.FA1,,,AP27,,5,control,PCR Negative,SARS-CoV-2,N1,,,,,0.0,0.0,
AP27.FA2,,,AP27,,5,control,PCR Positive,SARS-CoV-2,N1,LV-SARS_N,,,,,721.9914246,
AP27.FA3,,,AP27,,5,control,PCR Negative,SARS-CoV-2,N1,,,,,0.0,0.0,
AP27.FA4,,,AP27,,5,control,PCR Positive,SARS-CoV-2,N1,LV-SARS_N,,,,,721.9914246,
AP27.FH3,,,AP27,,5,control,PCR Negative,SARS-CoV-2,N2,,,,,0.0,0.0,
AP27.FH4,,,AP27,,5,control,PCR Positive,SARS-CoV-2,N2,LV-SARS_N,,,,,850.2881622,
AP27.FH5,,,AP27,,5,control,PCR Negative,SARS-CoV-2,N2,,,,,0.0,0.0,
AP27.FH6,,,AP27,,5,control,PCR Positive,SARS-CoV-2,N2,LV-SARS_N,,,,,850.2881622,
AP28.FA1,,,AP28,,5,control,PCR Negative,SARS-CoV-2,N1,,,,,0.0,0.0,
AP28.FA2,,,AP28,,5,control,PCR Positive,SARS-CoV-2,N1,LV-SARS_N,,,,,368.7264633,
AP28.FA3,,,AP28,,5,control,PCR Negative,SARS-CoV-2,N1,,,,,0.0,0.0,
AP28.FA4,,,AP28,,5,control,PCR Positive,SARS-CoV-2,N1,LV-SARS_N,,,,,368.7264633,
AP28.FH3,,,AP28,,5,control,PCR Negative,SARS-CoV-2,N2,,,,,0.0,0.0,
AP28.FH4,,,AP28,,5,control,PCR Positive,SARS-CoV-2,N2,LV-SARS_N,,,,,319.8027611,
AP28.FH5,,,AP28,,5,control,PCR Negative,SARS-CoV-2,N2,,,,,0.0,0.0,
AP28.FH6,,,AP28,,5,control,PCR Positive,SARS-CoV-2,N2,LV-SARS_N,,,,,319.8027611,
AP30.FA1,,,AP30,,5,control,PCR Negative,SARS-CoV-2,N1,,,,,0.0,0.0,
AP30.FA2,,,AP30,,5,control,PCR Positive,SARS-CoV-2,N1,LV-SARS_N,,,,,337.9396439,
AP30.FA3,,,AP30,,5,control,PCR Negative,SARS-CoV-2,N1,,,,,0.0,0.0,
AP30.FA4,,,AP30,,5,control,PCR Positive,SARS-CoV-2,N1,LV-SARS_N,,,,,337.9396439,
AP30.FH3,,,AP30,,5,control,PCR Negative,SARS-CoV-2,N2,,,,,0.0,0.0,
AP30.FH4,,,AP30,,5,control,PCR Positive,SARS-CoV-2,N2,LV-SARS_N,,,,,381.3004303,
AP30.FH5,,,AP30,,5,control,PCR Negative,SARS-CoV-2,N2,,,,,0.0,0.0,
AP30.FH6,,,AP30,,5,control,PCR Positive,SARS-CoV-2,N2,LV-SARS_N,,,,,381.3004303,
AP32.FA1,,,AP32,,5,control,PCR Negative,SARS-CoV-2,N1,,,,,0.0,0.0,
AP32.FA2,,,AP32,,5,control,PCR Positive,SARS-CoV-2,N1,LV-SARS_N,,,,,35.78905106,
AP32.FA3,,,AP32,,5,control,PCR Negative,SARS-CoV-2,N1,,,,,0.0,0.0,
AP32.FA4,,,AP32,,5,control,PCR Positive,SARS-CoV-2,N1,LV-SARS_N,,,,,35.78905106,
AP32.FH3,,,AP32,,5,control,PCR Negative,SARS-CoV-2,N2,,,,,0.0,0.0,
AP32.FH4,,,AP32,,5,control,PCR Positive,SARS-CoV-2,N2,LV-SARS_N,,,,,33.90405893,
AP32.FH5,,,AP32,,5,control,PCR Negative,SARS-CoV-2,N2,,,,,0.0,0.0,
AP32.FH6,,,AP32,,5,control,PCR Positive,SARS-CoV-2,N2,LV-SARS_N,,,,,33.90405893,
AP33.FA1,,,AP33,,5,control,PCR Negative,SARS-CoV-2,N1,,,,,0.0,0.0,
AP33.FA2,,,AP33,,5,control,PCR Positive,SARS-CoV-2,N1,LV-SARS_N,,,,,252.158165,
AP33.FA3,,,AP33,,5,control,PCR Negative,SARS-CoV-2,N1,,,,,0.0,0.0,
AP33.FA4,,,AP33,,5,control,PCR Positive,SARS-CoV-2,N1,LV-SARS_N,,,,,252.158165,
AP33.FH3,,,AP33,,5,control,PCR Negative,SARS-CoV-2,N2,,,,,0.0,0.0,
AP33.FH4,,,AP33,,5,control,PCR Positive,SARS-CoV-2,N2,LV-SARS_N,,,,,0.0,
AP33.FH5,,,AP33,,5,control,PCR Negative,SARS-CoV-2,N2,,,,,0.0,0.0,
AP33.FH6,,,AP33,,5,control,PCR Positive,SARS-CoV-2,N2,LV-SARS_N,,,,,0.0,
AP35.FA1,,,AP35,,5,control,PCR Negative,SARS-CoV-2,N1,,,,,0.0,0.0,
AP35.FA2,,,AP35,,5,control,PCR Positive,SARS-CoV-2,N1,LV-SARS_N,,,,,268.774395,
AP35.FA3,,,AP35,,5,control,PCR Negative,SARS-CoV-2,N1,,,,,0.0,0.0,
AP35.FA4,,,AP35,,5,control,PCR Positive,SARS-CoV-2,N1,LV-SARS_N,,,,,268.774395,
AP35.FH3,,,AP35,,5,control,PCR Negative,SARS-CoV-2,N2,,,,,0.0,0.0,
AP35.FH4,,,AP35,,5,control,PCR Positive,SARS-CoV-2,N2,LV-SARS_N,,,,,344.1727829,
AP35.FH5,,,AP35,,5,control,PCR Negative,SARS-CoV-2,N2,,,,,0.0,0.0,
AP35.FH6,,,AP35,,5,control,PCR Positive,SARS-CoV-2,N2,LV-SARS_N,,,,,344.1727829,
AP36.FA1,,,AP36,,5,control,PCR Negative,SARS-CoV-2,N1,,,,,0.0,0.0,
AP36.FA2,,,AP36,,5,control,PCR Positive,SARS-CoV-2,N1,LV-SARS_N,,,,,475.984993,
AP36.FA3,,,AP36,,5,control,PCR Negative,SARS-CoV-2,N1,,,,,0.0,0.0,
AP36.FA4,,,AP36,,5,control,PCR Positive,SARS-CoV-2,N1,LV-SARS_N,,,,,475.984993,
AP36.FH3,,,AP36,,5,control,PCR Negative,SARS-CoV-2,N2,,,,,0.0,0.0,
AP36.FH4,,,AP36,,5,control,PCR Positive,SARS-CoV-2,N2,LV-SARS_N,,,,,0.0,
AP36.FH5,,,AP36,,5,control,PCR Negative,SARS-CoV-2,N2,,,,,0.0,0.0,
AP36.FH6,,,AP36,,5,control,PCR Positive,SARS-CoV-2,N2,LV-SARS_N,,,,,0.0,
AP38.FA1,,,AP38,,5,control,PCR Negative,SARS-CoV-2,N1,,,,,0.0,0.0,
AP38.FA2,,,AP38,,5,control,PCR Positive,SARS-CoV-2,N1,LV-SARS_N,,,,,317.8815842,
AP38.FA3,,,AP38,,5,control,PCR Negative,SARS-CoV-2,N1,,,,,0.0,0.0,
AP38.FA4,,,AP38,,5,control,PCR Positive,SARS-CoV-2,N1,LV-SARS_N,,,,,317.8815842,
AP38.FH3,,,AP38,,5,control,PCR Negative,SARS-CoV-2,N2,,,,,0.0,0.0,
AP38.FH4,,,AP38,,5,control,PCR Positive,SARS-CoV-2,N2,LV-SARS_N,,,,,336.8869781,
AP38.FH5,,,AP38,,5,control,PCR Negative,SARS-CoV-2,N2,,,,,0.0,0.0,
AP38.FH6,,,AP38,,5,control,PCR Positive,SARS-CoV-2,N2,LV-SARS_N,,,,,336.8869781,
AP39.FA1,,,AP39,,5,control,PCR Negative,SARS-CoV-2,N1,,,,,0.0,0.0,
AP39.FA2,,,AP39,,5,control,PCR Positive,SARS-CoV-2,N1,LV-SARS_N,,,,,323.3415222,
AP39.FA3,,,AP39,,5,control,PCR Negative,SARS-CoV-2,N1,,,,,0.0,0.0,
AP39.FA4,,,AP39,,5,control,PCR Positive,SARS-CoV-2,N1,LV-SARS_N,,,,,323.3415222,
AP39.FH3,,,AP39,,5,control,PCR Negative,SARS-CoV-2,N2,,,,,0.0,0.0,
AP39.FH4,,,AP39,,5,control,PCR Positive,SARS-CoV-2,N2,LV-SARS_N,,,,,395.6662369,
AP39.FH5,,,AP39,,5,control,PCR Negative,SARS-CoV-2,N2,,,,,0.0,0.0,
AP39.FH6,,,AP39,,5,control,PCR Positive,SARS-CoV-2,N2,LV-SARS_N,,,,,395.6662369,
AP4.FA1,,,AP4,,5,control,PCR Negative,SARS-CoV-2,N1,,,,,0.0,0.0,
AP4.FA2,,,AP4,,5,control,PCR Positive,SARS-CoV-2,N1,LV-SARS_N,,,,,2835.271912,
AP4.FA3,,,AP4,,5,control,PCR Negative,SARS-CoV-2,N1,,,,,0.0,0.0,
AP4.FA4,,,AP4,,5,control,PCR Positive,SARS-CoV-2,N1,LV-SARS_N,,,,,2835.271912,
AP4.FH3,,,AP4,,5,control,PCR Negative,SARS-CoV-2,N2,,,,,0.0,0.0,
AP4.FH4,,,AP4,,5,control,PCR Positive,SARS-CoV-2,N2,LV-SARS_N,,,,,3151.898499,
AP4.FH5,,,AP4,,5,control,PCR Negative,SARS-CoV-2,N2,,,,,0.0,0.0,
AP4.FH6,,,AP4,,5,control,PCR Positive,SARS-CoV-2,N2,LV-SARS_N,,,,,3151.898499,
AP40.FA1,,,AP40,,5,control,PCR Negative,SARS-CoV-2,N1,,,,,0.0,0.0,
AP40.FA2,,,AP40,,5,control,PCR Positive,SARS-CoV-2,N1,LV-SARS_N,,,,,335.9238052,
AP40.FA3,,,AP40,,5,control,PCR Negative,SARS-CoV-2,N1,,,,,0.0,0.0,
AP40.FA4,,,AP40,,5,control,PCR Positive,SARS-CoV-2,N1,LV-SARS_N,,,,,335.9238052,
AP40.FH3,,,AP40,,5,control,PCR Negative,SARS-CoV-2,N2,,,,,0.0,0.0,
AP40.FH4,,,AP40,,5,control,PCR Positive,SARS-CoV-2,N2,LV-SARS_N,,,,,415.0937271,
AP40.FH5,,,AP40,,5,control,PCR Negative,SARS-CoV-2,N2,,,,,0.0,0.0,
AP40.FH6,,,AP40,,5,control,PCR Positive,SARS-CoV-2,N2,LV-SARS_N,,,,,415.0937271,
AP41.FA1,,,AP41,,5,control,PCR Negative,SARS-CoV-2,N1,,,,,0.0,0.0,
AP41.FA2,,,AP41,,5,control,PCR Positive,SARS-CoV-2,N1,LV-SARS_N,,,,,288.2053566,
AP41.FA3,,,AP41,,5,control,PCR Negative,SARS-CoV-2,N1,,,,,0.0,0.0,
AP41.FA4,,,AP41,,5,control,PCR Positive,SARS-CoV-2,N1,LV-SARS_N,,,,,288.2053566,
AP41.FH3,,,AP41,,5,control,PCR Negative,SARS-CoV-2,N2,,,,,0.0,0.0,
AP41.FH4,,,AP41,,5,control,PCR Positive,SARS-CoV-2,N2,LV-SARS_N,,,,,352.25811,
AP41.FH5,,,AP41,,5,control,PCR Negative,SARS-CoV-2,N2,,,,,0.0,0.0,
AP41.FH6,,,AP41,,5,control,PCR Positive,SARS-CoV-2,N2,LV-SARS_N,,,,,352.25811,
AP42.FA1,,,AP42,,5,control,PCR Negative,SARS-CoV-2,N1,,,,,0.0,0.0,
AP42.FA2,,,AP42,,5,control,PCR Positive,SARS-CoV-2,N1,LV-SARS_N,,,,,458.9422607,
AP42.FA3,,,AP42,,5,control,PCR Negative,SARS-CoV-2,N1,,,,,0.0,0.0,
AP42.FA4,,,AP42,,5,control,PCR Positive,SARS-CoV-2,N1,LV-SARS_N,,,,,458.9422607,
AP42.FH3,,,AP42,,5,control,PCR Negative,SARS-CoV-2,N2,,,,,0.0,0.0,
AP42.FH4,,,AP42,,5,control,PCR Positive,SARS-CoV-2,N2,LV-SARS_N,,,,,522.8712845,
AP42.FH5,,,AP42,,5,control,PCR Negative,SARS-CoV-2,N2,,,,,0.0,0.0,
AP42.FH6,,,AP42,,5,control,PCR Positive,SARS-CoV-2,N2,LV-SARS_N,,,,,522.8712845,
AP45.FA1,,,AP45,,5,control,PCR Negative,SARS-CoV-2,N1,,,,,0.0,0.0,
AP45.FA2,,,AP45,,5,control,PCR Positive,SARS-CoV-2,N1,LV-SARS_N,,,,,299.8709679,
AP45.FA3,,,AP45,,5,control,PCR Negative,SARS-CoV-2,N1,,,,,0.0,0.0,
AP45.FA4,,,AP45,,5,control,PCR Positive,SARS-CoV-2,N1,LV-SARS_N,,,,,299.8709679,
AP45.FH3,,,AP45,,5,control,PCR Negative,SARS-CoV-2,N2,,,,,0.0,0.0,
AP45.FH4,,,AP45,,5,control,PCR Positive,SARS-CoV-2,N2,LV-SARS_N,,,,,334.8871231,
AP45.FH5,,,AP45,,5,control,PCR Negative,SARS-CoV-2,N2,,,,,0.0,0.0,
AP45.FH6,,,AP45,,5,control,PCR Positive,SARS-CoV-2,N2,LV-SARS_N,,,,,334.8871231,
AP46.FA1,,,AP46,,5,control,PCR Negative,SARS-CoV-2,N1,,,,,0.0,0.0,
AP46.FA2,,,AP46,,5,control,PCR Positive,SARS-CoV-2,N1,LV-SARS_N,,,,,376.4786148,
AP46.FA3,,,AP46,,5,control,PCR Negative,SARS-CoV-2,N1,,,,,0.0,0.0,
AP46.FA4,,,AP46,,5,control,PCR Positive,SARS-CoV-2,N1,LV-SARS_N,,,,,376.4786148,
AP46.FH3,,,AP46,,5,control,PCR Negative,SARS-CoV-2,N2,,,,,0.0,0.0,
AP46.FH4,,,AP46,,5,control,PCR Positive,SARS-CoV-2,N2,LV-SARS_N,,,,,471.9524765,
AP46.FH5,,,AP46,,5,control,PCR Negative,SARS-CoV-2,N2,,,,,0.0,0.0,
AP46.FH6,,,AP46,,5,control,PCR Positive,SARS-CoV-2,N2,LV-SARS_N,,,,,471.9524765,
AP47.FA1,,,AP47,,5,control,PCR Negative,SARS-CoV-2,N1,,,,,0.0,0.0,
AP47.FA2,,,AP47,,5,control,PCR Positive,SARS-CoV-2,N1,LV-SARS_N,,,,,207.9195595,
AP47.FA3,,,AP47,,5,control,PCR Negative,SARS-CoV-2,N1,,,,,0.0,0.0,
AP47.FA4,,,AP47,,5,control,PCR Positive,SARS-CoV-2,N1,LV-SARS_N,,,,,207.9195595,
AP47.FH3,,,AP47,,5,control,PCR Negative,SARS-CoV-2,N2,,,,,0.0,0.0,
AP47.FH4,,,AP47,,5,control,PCR Positive,SARS-CoV-2,N2,LV-SARS_N,,,,,249.3927956,
AP47.FH5,,,AP47,,5,control,PCR Negative,SARS-CoV-2,N2,,,,,0.0,0.0,
AP47.FH6,,,AP47,,5,control,PCR Positive,SARS-CoV-2,N2,LV-SARS_N,,,,,249.3927956,
AP48.FA1,,,AP48,,5,control,PCR Negative,SARS-CoV-2,N1,,,,,0.0,0.0,
AP48.FA2,,,AP48,,5,control,PCR Positive,SARS-CoV-2,N1,LV-SARS_N,,,,,433.4650803,
AP48.FA3,,,AP48,,5,control,PCR Negative,SARS-CoV-2,N1,,,,,0.0,0.0,
AP48.FA4,,,AP48,,5,control,PCR Positive,SARS-CoV-2,N1,LV-SARS_N,,,,,433.4650803,
AP48.FH3,,,AP48,,5,control,PCR Negative,SARS-CoV-2,N2,,,,,0.0,0.0,
AP48.FH4,,,AP48,,5,control,PCR Positive,SARS-CoV-2,N2,LV-SARS_N,,,,,449.5413208,
AP48.FH5,,,AP48,,5,control,PCR Negative,SARS-CoV-2,N2,,,,,0.0,0.0,
AP48.FH6,,,AP48,,5,control,PCR Positive,SARS-CoV-2,N2,LV-SARS_N,,,,,449.5413208,
AP49.FA1,,,AP49,,5,control,PCR Negative,SARS-CoV-2,N1,,,,,0.0,0.0,
AP49.FA2,,,AP49,,5,control,PCR Positive,SARS-CoV-2,N1,LV-SARS_N,,,,,403.9231873,
AP49.FA3,,,AP49,,5,control,PCR Negative,SARS-CoV-2,N1,,,,,0.0,0.0,
AP49.FA4,,,AP49,,5,control,PCR Positive,SARS-CoV-2,N1,LV-SARS_N,,,,,403.9231873,
AP49.FH3,,,AP49,,5,control,PCR Negative,SARS-CoV-2,N2,,,,,0.0,0.0,
AP49.FH4,,,AP49,,5,control,PCR Positive,SARS-CoV-2,N2,LV-SARS_N,,,,,436.4203262,
AP49.FH5,,,AP49,,5,control,PCR Negative,SARS-CoV-2,N2,,,,,0.0,0.0,
AP49.FH6,,,AP49,,5,control,PCR Positive,SARS-CoV-2,N2,LV-SARS_N,,,,,436.4203262,
AP5.FA1,,,AP5,,5,control,PCR Negative,SARS-CoV-2,N1,,,,,0.0,0.0,
AP5.FA2,,,AP5,,5,control,PCR Positive,SARS-CoV-2,N1,LV-SARS_N,,,,,2615.09491,
AP5.FA3,,,AP5,,5,control,PCR Negative,SARS-CoV-2,N1,,,,,0.0,0.0,
AP5.FA4,,,AP5,,5,control,PCR Positive,SARS-CoV-2,N1,LV-SARS_N,,,,,2615.09491,
AP5.FH3,,,AP5,,5,control,PCR Negative,SARS-CoV-2,N2,,,,,0.0,0.0,
AP5.FH4,,,AP5,,5,control,PCR Positive,SARS-CoV-2,N2,LV-SARS_N,,,,,2786.116028,
AP5.FH5,,,AP5,,5,control,PCR Negative,SARS-CoV-2,N2,,,,,0.0,0.0,
AP5.FH6,,,AP5,,5,control,PCR Positive,SARS-CoV-2,N2,LV-SARS_N,,,,,2786.116028,
AP50.FA1,,,AP50,,5,control,PCR Negative,SARS-CoV-2,N1,,,,,0.0,0.0,
AP50.FA2,,,AP50,,5,control,PCR Positive,SARS-CoV-2,N1,LV-SARS_N,,,,,305.7337761,
AP50.FA3,,,AP50,,5,control,PCR Negative,SARS-CoV-2,N1,,,,,0.0,0.0,
AP50.FA4,,,AP50,,5,control,PCR Positive,SARS-CoV-2,N1,LV-SARS_N,,,,,305.7337761,
AP50.FH3,,,AP50,,5,control,PCR Negative,SARS-CoV-2,N2,,,,,0.0,0.0,
AP50.FH4,,,AP50,,5,control,PCR Positive,SARS-CoV-2,N2,LV-SARS_N,,,,,356.0894394,
AP50.FH5,,,AP50,,5,control,PCR Negative,SARS-CoV-2,N2,,,,,0.0,0.0,
AP50.FH6,,,AP50,,5,control,PCR Positive,SARS-CoV-2,N2,LV-SARS_N,,,,,356.0894394,
AP51.FA1,,,AP51,,5,control,PCR Negative,SARS-CoV-2,N1,,,,,0.0,0.0,
AP51.FA2,,,AP51,,5,control,PCR Positive,SARS-CoV-2,N1,LV-SARS_N,,,,,373.429451,
AP51.FA3,,,AP51,,5,control,PCR Negative,SARS-CoV-2,N1,,,,,0.0,0.0,
AP51.FA4,,,AP51,,5,control,PCR Positive,SARS-CoV-2,N1,LV-SARS_N,,,,,373.429451,
AP51.FH3,,,AP51,,5,control,PCR Negative,SARS-CoV-2,N2,,,,,0.0,0.0,
AP51.FH4,,,AP51,,5,control,PCR Positive,SARS-CoV-2,N2,LV-SARS_N,,,,,425.8745956,
AP51.FH5,,,AP51,,5,control,PCR Negative,SARS-CoV-2,N2,,,,,0.0,0.0,
AP51.FH6,,,AP51,,5,control,PCR Positive,SARS-CoV-2,N2,LV-SARS_N,,,,,425.8745956,
AP52.FA1,,,AP52,,5,control,PCR Negative,SARS-CoV-2,N1,,,,,0.0,0.0,
AP52.FA2,,,AP52,,5,control,PCR Positive,SARS-CoV-2,N1,LV-SARS_N,,,,,299.3364906,
AP52.FA3,,,AP52,,5,control,PCR Negative,SARS-CoV-2,N1,,,,,0.0,0.0,
AP52.FA4,,,AP52,,5,control,PCR Positive,SARS-CoV-2,N1,LV-SARS_N,,,,,299.3364906,
AP52.FH3,,,AP52,,5,control,PCR Negative,SARS-CoV-2,N2,,,,,0.0,0.0,
AP52.FH4,,,AP52,,5,control,PCR Positive,SARS-CoV-2,N2,LV-SARS_N,,,,,343.0362701,
AP52.FH5,,,AP52,,5,control,PCR Negative,SARS-CoV-2,N2,,,,,0.0,0.0,
AP52.FH6,,,AP52,,5,control,PCR Positive,SARS-CoV-2,N2,LV-SARS_N,,,,,343.0362701,
AP53.FA1,,,AP53,,5,control,PCR Negative,SARS-CoV-2,N1,,,,,0.0,0.0,
AP53.FA2,,,AP53,,5,control,PCR Positive,SARS-CoV-2,N1,LV-SARS_N,,,,,272.002697,
AP53.FA3,,,AP53,,5,control,PCR Negative,SARS-CoV-2,N1,,,,,0.0,0.0,
AP53.FA4,,,AP53,,5,control,PCR Positive,SARS-CoV-2,N1,LV-SARS_N,,,,,272.002697,
AP53.FH3,,,AP53,,5,control,PCR Negative,SARS-CoV-2,N2,,,,,0.0,0.0,
AP53.FH4,,,AP53,,5,control,PCR Positive,SARS-CoV-2,N2,LV-SARS_N,,,,,318.368969,
AP53.FH5,,,AP53,,5,control,PCR Negative,SARS-CoV-2,N2,,,,,0.0,0.0,
AP53.FH6,,,AP53,,5,control,PCR Positive,SARS-CoV-2,N2,LV-SARS_N,,,,,318.368969,
AP54.FA1,,,AP54,,5,control,PCR Negative,SARS-CoV-2,N1,,,,,0.0,0.0,
AP54.FA2,,,AP54,,5,control,PCR Positive,SARS-CoV-2,N1,LV-SARS_N,,,,,413.2713318,
AP54.FA3,,,AP54,,5,control,PCR Negative,SARS-CoV-2,N1,,,,,0.0,0.0,
AP54.FA4,,,AP54,,5,control,PCR Positive,SARS-CoV-2,N1,LV-SARS_N,,,,,413.2713318,
AP54.FH3,,,AP54,,5,control,PCR Negative,SARS-CoV-2,N2,,,,,0.0,0.0,
AP54.FH4,,,AP54,,5,control,PCR Positive,SARS-CoV-2,N2,LV-SARS_N,,,,,476.7289734,
AP54.FH5,,,AP54,,5,control,PCR Negative,SARS-CoV-2,N2,,,,,0.0,0.0,
AP54.FH6,,,AP54,,5,control,PCR Positive,SARS-CoV-2,N2,LV-SARS_N,,,,,476.7289734,
AP55.FA1,,,AP55,,5,control,PCR Negative,SARS-CoV-2,N1,,,,,0.0,0.0,
AP55.FA2,,,AP55,,5,control,PCR Positive,SARS-CoV-2,N1,LV-SARS_N,,,,,427.0280838,
AP55.FA3,,,AP55,,5,control,PCR Negative,SARS-CoV-2,N1,,,,,0.0,0.0,
AP55.FA4,,,AP55,,5,control,PCR Positive,SARS-CoV-2,N1,LV-SARS_N,,,,,427.0280838,
AP55.FH3,,,AP55,,5,control,PCR Negative,SARS-CoV-2,N2,,,,,0.0,0.0,
AP55.FH4,,,AP55,,5,control,PCR Positive,SARS-CoV-2,N2,LV-SARS_N,,,,,46.17351055,
AP55.FH5,,,AP55,,5,control,PCR Negative,SARS-CoV-2,N2,,,,,0.0,0.0,
AP55.FH6,,,AP55,,5,control,PCR Positive,SARS-CoV-2,N2,LV-SARS_N,,,,,46.17351055,
AP56.FA1,,,AP56,,5,control,PCR Negative,SARS-CoV-2,N1,,,,,0.0,0.0,
AP56.FA2,,,AP56,,5,control,PCR Positive,SARS-CoV-2,N1,LV-SARS_N,,,,,381.0704422,
AP56.FA3,,,AP56,,5,control,PCR Negative,SARS-CoV-2,N1,,,,,0.0,0.0,
AP56.FA4,,,AP56,,5,control,PCR Positive,SARS-CoV-2,N1,LV-SARS_N,,,,,381.0704422,
AP56.FH3,,,AP56,,5,control,PCR Negative,SARS-CoV-2,N2,,,,,0.0,0.0,
AP56.FH4,,,AP56,,5,control,PCR Positive,SARS-CoV-2,N2,LV-SARS_N,,,,,442.8088379,
AP56.FH5,,,AP56,,5,control,PCR Negative,SARS-CoV-2,N2,,,,,0.0,0.0,
AP56.FH6,,,AP56,,5,control,PCR Positive,SARS-CoV-2,N2,LV-SARS_N,,,,,442.8088379,
AP57.FA1,,,AP57,,5,control,PCR Negative,SARS-CoV-2,N1,,,,,0.0,0.0,
AP57.FA2,,,AP57,,5,control,PCR Positive,SARS-CoV-2,N1,LV-SARS_N,,,,,267.0924187,
AP57.FA3,,,AP57,,5,control,PCR Negative,SARS-CoV-2,N1,,,,,0.0,0.0,
AP57.FA4,,,AP57,,5,control,PCR Positive,SARS-CoV-2,N1,LV-SARS_N,,,,,267.0924187,
AP57.FH3,,,AP57,,5,control,PCR Negative,SARS-CoV-2,N2,,,,,0.0,0.0,
AP57.FH4,,,AP57,,5,control,PCR Positive,SARS-CoV-2,N2,LV-SARS_N,,,,,255.2447891,
AP57.FH5,,,AP57,,5,control,PCR Negative,SARS-CoV-2,N2,,,,,0.0,0.0,
AP57.FH6,,,AP57,,5,control,PCR Positive,SARS-CoV-2,N2,LV-SARS_N,,,,,255.2447891,
AP58.FA1,,,AP58,,5,control,PCR Negative,SARS-CoV-2,N1,,,,,0.0,0.0,
AP58.FA2,,,AP58,,5,control,PCR Positive,SARS-CoV-2,N1,LV-SARS_N,,,,,345.0024796,
AP58.FA3,,,AP58,,5,control,PCR Negative,SARS-CoV-2,N1,,,,,0.0,0.0,
AP58.FA4,,,AP58,,5,control,PCR Positive,SARS-CoV-2,N1,LV-SARS_N,,,,,345.0024796,
AP58.FH3,,,AP58,,5,control,PCR Negative,SARS-CoV-2,N2,,,,,0.0,0.0,
AP58.FH4,,,AP58,,5,control,PCR Positive,SARS-CoV-2,N2,LV-SARS_N,,,,,276.5957069,
AP58.FH5,,,AP58,,5,control,PCR Negative,SARS-CoV-2,N2,,,,,0.0,0.0,
AP58.FH6,,,AP58,,5,control,PCR Positive,SARS-CoV-2,N2,LV-SARS_N,,,,,276.5957069,
AP59.FA1,,,AP59,,5,control,PCR Negative,SARS-CoV-2,N1,,,,,0.0,0.0,
AP59.FA2,,,AP59,,5,control,PCR Positive,SARS-CoV-2,N1,LV-SARS_N,,,,,465.9441757,
AP59.FA3,,,AP59,,5,control,PCR Negative,SARS-CoV-2,N1,,,,,0.0,0.0,
AP59.FA4,,,AP59,,5,control,PCR Positive,SARS-CoV-2,N1,LV-SARS_N,,,,,465.9441757,
AP59.FH3,,,AP59,,5,control,PCR Negative,SARS-CoV-2,N2,,,,,0.0,0.0,
AP59.FH4,,,AP59,,5,control,PCR Positive,SARS-CoV-2,N2,LV-SARS_N,,,,,440.8116531,
AP59.FH5,,,AP59,,5,control,PCR Negative,SARS-CoV-2,N2,,,,,0.0,0.0,
AP59.FH6,,,AP59,,5,control,PCR Positive,SARS-CoV-2,N2,LV-SARS_N,,,,,440.8116531,
AP60.FA1,,,AP60,,5,control,PCR Negative,SARS-CoV-2,N1,,,,,0.0,0.0,
AP60.FA2,,,AP60,,5,control,PCR Positive,SARS-CoV-2,N1,LV-SARS_N,,,,,339.5400238,
AP60.FA3,,,AP60,,5,control,PCR Negative,SARS-CoV-2,N1,,,,,0.0,0.0,
AP60.FA4,,,AP60,,5,control,PCR Positive,SARS-CoV-2,N1,LV-SARS_N,,,,,339.5400238,
AP60.FH3,,,AP60,,5,control,PCR Negative,SARS-CoV-2,N2,,,,,0.0,0.0,
AP60.FH4,,,AP60,,5,control,PCR Positive,SARS-CoV-2,N2,LV-SARS_N,,,,,386.9182968,
AP60.FH5,,,AP60,,5,control,PCR Negative,SARS-CoV-2,N2,,,,,0.0,0.0,
AP60.FH6,,,AP60,,5,control,PCR Positive,SARS-CoV-2,N2,LV-SARS_N,,,,,386.9182968,
AP61.FA1,,,AP61,,5,control,PCR Negative,SARS-CoV-2,N1,,,,,0.0,0.0,
AP61.FA2,,,AP61,,5,control,PCR Positive,SARS-CoV-2,N1,LV-SARS_N,,,,,0.0,
AP61.FA3,,,AP61,,5,control,PCR Negative,SARS-CoV-2,N1,,,,,0.0,0.0,
AP61.FA4,,,AP61,,5,control,PCR Positive,SARS-CoV-2,N1,LV-SARS_N,,,,,0.0,
AP61.FH3,,,AP61,,5,control,PCR Negative,SARS-CoV-2,N2,,,,,0.0,0.0,
AP61.FH4,,,AP61,,5,control,PCR Positive,SARS-CoV-2,N2,LV-SARS_N,,,,,0.0,
AP61.FH5,,,AP61,,5,control,PCR Negative,SARS-CoV-2,N2,,,,,0.0,0.0,
AP61.FH6,,,AP61,,5,control,PCR Positive,SARS-CoV-2,N2,LV-SARS_N,,,,,0.0,
AP62.FA1,,,AP62,,5,control,PCR Negative,SARS-CoV-2,N1,,,,,0.0,0.0,
AP62.FA2,,,AP62,,5,control,PCR Positive,SARS-CoV-2,N1,LV-SARS_N,,,,,0.0,
AP62.FA3,,,AP62,,5,control,PCR Negative,SARS-CoV-2,N1,,,,,0.0,0.0,
AP62.FA4,,,AP62,,5,control,PCR Positive,SARS-CoV-2,N1,LV-SARS_N,,,,,0.0,
AP62.FH3,,,AP62,,5,control,PCR Negative,SARS-CoV-2,N2,,,,,0.0,0.0,
AP62.FH4,,,AP62,,5,control,PCR Positive,SARS-CoV-2,N2,LV-SARS_N,,,,,0.0,
AP62.FH5,,,AP62,,5,control,PCR Negative,SARS-CoV-2,N2,,,,,0.0,0.0,
AP62.FH6,,,AP62,,5,control,PCR Positive,SARS-CoV-2,N2,LV-SARS_N,,,,,0.0,
AP63.FA1,,,AP63,,5,control,PCR Negative,SARS-CoV-2,N1,,,,,0.0,0.0,
AP63.FA2,,,AP63,,5,control,PCR Positive,SARS-CoV-2,N1,LV-SARS_N,,,,,0.0,
AP63.FA3,,,AP63,,5,control,PCR Negative,SARS-CoV-2,N1,,,,,0.0,0.0,
AP63.FA4,,,AP63,,5,control,PCR Positive,SARS-CoV-2,N1,LV-SARS_N,,,,,0.0,
AP63.FH3,,,AP63,,5,control,PCR Negative,SARS-CoV-2,N2,,,,,0.0,0.0,
AP63.FH4,,,AP63,,5,control,PCR Positive,SARS-CoV-2,N2,LV-SARS_N,,,,,0.0,
AP63.FH5,,,AP63,,5,control,PCR Negative,SARS-CoV-2,N2,,,,,0.0,0.0,
AP63.FH6,,,AP63,,5,control,PCR Positive,SARS-CoV-2,N2,LV-SARS_N,,,,,0.0,
AP64.FA1,,,AP64,,5,control,PCR Negative,SARS-CoV-2,N1,,,,,0.0,0.0,
AP64.FA2,,,AP64,,5,control,PCR Positive,SARS-CoV-2,N1,LV-SARS_N,,,,,95.19289017,
AP64.FA3,,,AP64,,5,control,PCR Negative,SARS-CoV-2,N1,,,,,0.0,0.0,
AP64.FA4,,,AP64,,5,control,PCR Positive,SARS-CoV-2,N1,LV-SARS_N,,,,,95.19289017,
AP64.FH3,,,AP64,,5,control,PCR Negative,SARS-CoV-2,N2,,,,,0.0,0.0,
AP64.FH4,,,AP64,,5,control,PCR Positive,SARS-CoV-2,N2,LV-SARS_N,,,,,110.6279945,
AP64.FH5,,,AP64,,5,control,PCR Negative,SARS-CoV-2,N2,,,,,0.0,0.0,
AP64.FH6,,,AP64,,5,control,PCR Positive,SARS-CoV-2,N2,LV-SARS_N,,,,,110.6279945,
AP65.FA1,,,AP65,,5,control,PCR Negative,SARS-CoV-2,N1,,,,,0.0,0.0,
AP65.FA2,,,AP65,,5,control,PCR Positive,SARS-CoV-2,N1,LV-SARS_N,,,,,92.89975166,
AP65.FA3,,,AP65,,5,control,PCR Negative,SARS-CoV-2,N1,,,,,0.0,0.0,
AP65.FA4,,,AP65,,5,control,PCR Positive,SARS-CoV-2,N1,LV-SARS_N,,,,,92.89975166,
AP65.FH3,,,AP65,,5,control,PCR Negative,SARS-CoV-2,N2,,,,,0.0,0.0,
AP65.FH4,,,AP65,,5,control,PCR Positive,SARS-CoV-2,N2,LV-SARS_N,,,,,100.2884865,
AP65.FH5,,,AP65,,5,control,PCR Negative,SARS-CoV-2,N2,,,,,0.0,0.0,
AP65.FH6,,,AP65,,5,control,PCR Positive,SARS-CoV-2,N2,LV-SARS_N,,,,,100.2884865,
AP66.FA1,,,AP66,,5,control,PCR Negative,SARS-CoV-2,N1,,,,,0.0,0.0,
AP66.FA2,,,AP66,,5,control,PCR Positive,SARS-CoV-2,N1,LV-SARS_N,,,,,60.10069847,
AP66.FA3,,,AP66,,5,control,PCR Negative,SARS-CoV-2,N1,,,,,0.0,0.0,
AP66.FA4,,,AP66,,5,control,PCR Positive,SARS-CoV-2,N1,LV-SARS_N,,,,,60.10069847,
AP66.FH3,,,AP66,,5,control,PCR Negative,SARS-CoV-2,N2,,,,,0.0,0.0,
AP66.FH4,,,AP66,,5,control,PCR Positive,SARS-CoV-2,N2,LV-SARS_N,,,,,36.04199409,
AP66.FH5,,,AP66,,5,control,PCR Negative,SARS-CoV-2,N2,,,,,0.0,0.0,
AP66.FH6,,,AP66,,5,control,PCR Positive,SARS-CoV-2,N2,LV-SARS_N,,,,,36.04199409,
AP67.FA1,,,AP67,,5,control,PCR Negative,SARS-CoV-2,N1,,,,,0.0,0.0,
AP67.FA2,,,AP67,,5,control,PCR Positive,SARS-CoV-2,N1,LV-SARS_N,,,,,89.94384766,
AP67.FA3,,,AP67,,5,control,PCR Negative,SARS-CoV-2,N1,,,,,0.0,0.0,
AP67.FA4,,,AP67,,5,control,PCR Positive,SARS-CoV-2,N1,LV-SARS_N,,,,,89.94384766,
AP67.FH3,,,AP67,,5,control,PCR Negative,SARS-CoV-2,N2,,,,,0.0,0.0,
AP67.FH4,,,AP67,,5,control,PCR Positive,SARS-CoV-2,N2,LV-SARS_N,,,,,80.80342293,
AP67.FH5,,,AP67,,5,control,PCR Negative,SARS-CoV-2,N2,,,,,0.0,0.0,
AP67.FH6,,,AP67,,5,control,PCR Positive,SARS-CoV-2,N2,LV-SARS_N,,,,,80.80342293,
AP68.FA1,,,AP68,,5,control,PCR Negative,SARS-CoV-2,N1,,,,,0.0,0.0,
AP68.FA2,,,AP68,,5,control,PCR Positive,SARS-CoV-2,N1,LV-SARS_N,,,,,82.14226723,
AP68.FA3,,,AP68,,5,control,PCR Negative,SARS-CoV-2,N1,,,,,0.0,0.0,
AP68.FA4,,,AP68,,5,control,PCR Positive,SARS-CoV-2,N1,LV-SARS_N,,,,,82.14226723,
AP68.FH3,,,AP68,,5,control,PCR Negative,SARS-CoV-2,N2,,,,,0.0,0.0,
AP68.FH4,,,AP68,,5,control,PCR Positive,SARS-CoV-2,N2,LV-SARS_N,,,,,74.92531776,
AP68.FH5,,,AP68,,5,control,PCR Negative,SARS-CoV-2,N2,,,,,0.0,0.0,
AP68.FH6,,,AP68,,5,control,PCR Positive,SARS-CoV-2,N2,LV-SARS_N,,,,,74.92531776,
AP69.FA1,,,AP69,,5,control,PCR Negative,SARS-CoV-2,N1,,,,,0.0,0.0,
AP69.FA2,,,AP69,,5,control,PCR Positive,SARS-CoV-2,N1,LV-SARS_N,,,,,72.49384403,
AP69.FA3,,,AP69,,5,control,PCR Negative,SARS-CoV-2,N1,,,,,0.0,0.0,
AP69.FA4,,,AP69,,5,control,PCR Positive,SARS-CoV-2,N1,LV-SARS_N,,,,,72.49384403,
AP69.FH3,,,AP69,,5,control,PCR Negative,SARS-CoV-2,N2,,,,,0.0,0.0,
AP69.FH4,,,AP69,,5,control,PCR Positive,SARS-CoV-2,N2,LV-SARS_N,,,,,81.57130241,
AP69.FH5,,,AP69,,5,control,PCR Negative,SARS-CoV-2,N2,,,,,0.0,0.0,
AP69.FH6,,,AP69,,5,control,PCR Positive,SARS-CoV-2,N2,LV-SARS_N,,,,,81.57130241,
AP7.FA1,,,AP7,,5,control,PCR Negative,SARS-CoV-2,N1,,,,,0.0,0.0,
AP7.FA2,,,AP7,,5,control,PCR Positive,SARS-CoV-2,N1,LV-SARS_N,,,,,1303.838043,
AP7.FA3,,,AP7,,5,control,PCR Negative,SARS-CoV-2,N1,,,,,0.0,0.0,
AP7.FA4,,,AP7,,5,control,PCR Positive,SARS-CoV-2,N1,LV-SARS_N,,,,,1303.838043,
AP7.FH3,,,AP7,,5,control,PCR Negative,SARS-CoV-2,N2,,,,,0.0,0.0,
AP7.FH4,,,AP7,,5,control,PCR Positive,SARS-CoV-2,N2,LV-SARS_N,,,,,1366.207123,
AP7.FH5,,,AP7,,5,control,PCR Negative,SARS-CoV-2,N2,,,,,0.0,0.0,
AP7.FH6,,,AP7,,5,control,PCR Positive,SARS-CoV-2,N2,LV-SARS_N,,,,,1366.207123,
AP70.FA1,,,AP70,,5,control,PCR Negative,SARS-CoV-2,N1,,,,,0.0,0.0,
AP70.FA2,,,AP70,,5,control,PCR Positive,SARS-CoV-2,N1,LV-SARS_N,,,,,44.48894978,
AP70.FA3,,,AP70,,5,control,PCR Negative,SARS-CoV-2,N1,,,,,0.0,0.0,
AP70.FA4,,,AP70,,5,control,PCR Positive,SARS-CoV-2,N1,LV-SARS_N,,,,,44.48894978,
AP70.FH3,,,AP70,,5,control,PCR Negative,SARS-CoV-2,N2,,,,,0.0,0.0,
AP70.FH4,,,AP70,,5,control,PCR Positive,SARS-CoV-2,N2,LV-SARS_N,,,,,44.48894978,
AP70.FH5,,,AP70,,5,control,PCR Negative,SARS-CoV-2,N2,,,,,0.0,0.0,
AP70.FH6,,,AP70,,5,control,PCR Positive,SARS-CoV-2,N2,LV-SARS_N,,,,,44.48894978,
AP71.FA1,,,AP71,,5,control,PCR Negative,SARS-CoV-2,N1,,,,,0.0,0.0,
AP71.FA2,,,AP71,,5,control,PCR Positive,SARS-CoV-2,N1,LV-SARS_N,,,,,50.07199764,
AP71.FA3,,,AP71,,5,control,PCR Negative,SARS-CoV-2,N1,,,,,0.0,0.0,
AP71.FA4,,,AP71,,5,control,PCR Positive,SARS-CoV-2,N1,LV-SARS_N,,,,,50.07199764,
AP71.FH3,,,AP71,,5,control,PCR Negative,SARS-CoV-2,N2,,,,,0.0,0.0,
AP71.FH4,,,AP71,,5,control,PCR Positive,SARS-CoV-2,N2,LV-SARS_N,,,,,44.17563915,
AP71.FH5,,,AP71,,5,control,PCR Negative,SARS-CoV-2,N2,,,,,0.0,0.0,
AP71.FH6,,,AP71,,5,control,PCR Positive,SARS-CoV-2,N2,LV-SARS_N,,,,,44.17563915,
AP72.FA1,,,AP72,,5,control,PCR Negative,SARS-CoV-2,N1,,,,,0.0,0.0,
AP72.FA2,,,AP72,,5,control,PCR Positive,SARS-CoV-2,N1,LV-SARS_N,,,,,60.42012691,
AP72.FA3,,,AP72,,5,control,PCR Negative,SARS-CoV-2,N1,,,,,0.0,0.0,
AP72.FA4,,,AP72,,5,control,PCR Positive,SARS-CoV-2,N1,LV-SARS_N,,,,,60.42012691,
AP72.FH3,,,AP72,,5,control,PCR Negative,SARS-CoV-2,N2,,,,,0.0,0.0,
AP72.FH4,,,AP72,,5,control,PCR Positive,SARS-CoV-2,N2,LV-SARS_N,,,,,51.98009491,
AP72.FH5,,,AP72,,5,control,PCR Negative,SARS-CoV-2,N2,,,,,0.0,0.0,
AP72.FH6,,,AP72,,5,control,PCR Positive,SARS-CoV-2,N2,LV-SARS_N,,,,,51.98009491,
AP73.FA1,,,AP73,,5,control,PCR Negative,SARS-CoV-2,N1,,,,,0.0,0.0,
AP73.FA2,,,AP73,,5,control,PCR Positive,SARS-CoV-2,N1,LV-SARS_N,,,,,20.89460373,
AP73.FA3,,,AP73,,5,control,PCR Negative,SARS-CoV-2,N1,,,,,0.0,0.0,
AP73.FA4,,,AP73,,5,control,PCR Positive,SARS-CoV-2,N1,LV-SARS_N,,,,,20.89460373,
AP73.FH3,,,AP73,,5,control,PCR Negative,SARS-CoV-2,N2,,,,,0.0,0.0,
AP73.FH4,,,AP73,,5,control,PCR Positive,SARS-CoV-2,N2,LV-SARS_N,,,,,22.28823662,
AP73.FH5,,,AP73,,5,control,PCR Negative,SARS-CoV-2,N2,,,,,0.0,0.0,
AP73.FH6,,,AP73,,5,control,PCR Positive,SARS-CoV-2,N2,LV-SARS_N,,,,,22.28823662,
AP74.FA1,,,AP74,,5,control,PCR Negative,SARS-CoV-2,N1,,,,,0.0,0.0,
AP74.FA2,,,AP74,,5,control,PCR Positive,SARS-CoV-2,N1,LV-SARS_N,,,,,31.75266504,
AP74.FA3,,,AP74,,5,control,PCR Negative,SARS-CoV-2,N1,,,,,0.0,0.0,
AP74.FA4,,,AP74,,5,control,PCR Positive,SARS-CoV-2,N1,LV-SARS_N,,,,,31.75266504,
AP74.FH3,,,AP74,,5,control,PCR Negative,SARS-CoV-2,N2,,,,,0.0,0.0,
AP74.FH4,,,AP74,,5,control,PCR Positive,SARS-CoV-2,N2,LV-SARS_N,,,,,30.3712225,
AP74.FH5,,,AP74,,5,control,PCR Negative,SARS-CoV-2,N2,,,,,0.0,0.0,
AP74.FH6,,,AP74,,5,control,PCR Positive,SARS-CoV-2,N2,LV-SARS_N,,,,,30.3712225,
AP75.FA1,,,AP75,,5,control,PCR Negative,SARS-CoV-2,N1,,,,,0.0,0.0,
AP75.FA2,,,AP75,,5,control,PCR Positive,SARS-CoV-2,N1,LV-SARS_N,,,,,3.897856772,
AP75.FA3,,,AP75,,5,control,PCR Negative,SARS-CoV-2,N1,,,,,0.0,0.0,
AP75.FA4,,,AP75,,5,control,PCR Positive,SARS-CoV-2,N1,LV-SARS_N,,,,,3.897856772,
AP75.FH3,,,AP75,,5,control,PCR Negative,SARS-CoV-2,N2,,,,,0.0,0.0,
AP75.FH4,,,AP75,,5,control,PCR Positive,SARS-CoV-2,N2,LV-SARS_N,,,,,3.897856772,
AP75.FH5,,,AP75,,5,control,PCR Negative,SARS-CoV-2,N2,,,,,0.0,0.0,
AP75.FH6,,,AP75,,5,control,PCR Positive,SARS-CoV-2,N2,LV-SARS_N,,,,,3.897856772,
AP76.FA1,,,AP76,,5,control,PCR Negative,SARS-CoV-2,N1,,,,,0.0,0.0,
AP76.FA2,,,AP76,,5,control,PCR Positive,SARS-CoV-2,N1,LV-SARS_N,,,,,22.27260351,
AP76.FA3,,,AP76,,5,control,PCR Negative,SARS-CoV-2,N1,,,,,0.0,0.0,
AP76.FA4,,,AP76,,5,control,PCR Positive,SARS-CoV-2,N1,LV-SARS_N,,,,,22.27260351,
AP76.FH3,,,AP76,,5,control,PCR Negative,SARS-CoV-2,N2,,,,,0.0,0.0,
AP76.FH4,,,AP76,,5,control,PCR Positive,SARS-CoV-2,N2,LV-SARS_N,,,,,33.4168148,
AP76.FH5,,,AP76,,5,control,PCR Negative,SARS-CoV-2,N2,,,,,0.0,0.0,
AP76.FH6,,,AP76,,5,control,PCR Positive,SARS-CoV-2,N2,LV-SARS_N,,,,,33.4168148,
AP77.FA1,,,AP77,,5,control,PCR Negative,SARS-CoV-2,N1,,,,,0.0,0.0,
AP77.FA2,,,AP77,,5,control,PCR Positive,SARS-CoV-2,N1,LV-SARS_N,,,,,12.17773438,
AP77.FA3,,,AP77,,5,control,PCR Negative,SARS-CoV-2,N1,,,,,0.0,0.0,
AP77.FA4,,,AP77,,5,control,PCR Positive,SARS-CoV-2,N1,LV-SARS_N,,,,,12.17773438,
AP77.FH3,,,AP77,,5,control,PCR Negative,SARS-CoV-2,N2,,,,,0.0,0.0,
AP77.FH4,,,AP77,,5,control,PCR Positive,SARS-CoV-2,N2,LV-SARS_N,,,,,13.53120446,
AP77.FH5,,,AP77,,5,control,PCR Negative,SARS-CoV-2,N2,,,,,0.0,0.0,
AP77.FH6,,,AP77,,5,control,PCR Positive,SARS-CoV-2,N2,LV-SARS_N,,,,,13.53120446,
AP78.FA1,,,AP78,,5,control,PCR Negative,SARS-CoV-2,N1,,,,,0.0,0.0,
AP78.FA2,,,AP78,,5,control,PCR Positive,SARS-CoV-2,N1,LV-SARS_N,,,,,12.38995671,
AP78.FA3,,,AP78,,5,control,PCR Negative,SARS-CoV-2,N1,,,,,0.0,0.0,
AP78.FA4,,,AP78,,5,control,PCR Positive,SARS-CoV-2,N1,LV-SARS_N,,,,,12.38995671,
AP78.FH3,,,AP78,,5,control,PCR Negative,SARS-CoV-2,N2,,,,,0.0,0.0,
AP78.FH4,,,AP78,,5,control,PCR Positive,SARS-CoV-2,N2,LV-SARS_N,,,,,14.16048288,
AP78.FH5,,,AP78,,5,control,PCR Negative,SARS-CoV-2,N2,,,,,0.0,0.0,
AP78.FH6,,,AP78,,5,control,PCR Positive,SARS-CoV-2,N2,LV-SARS_N,,,,,14.16048288,
AP8.FA1,,,AP8,,5,control,PCR Negative,SARS-CoV-2,N1,,,,,0.0,0.0,
AP8.FA2,,,AP8,,5,control,PCR Positive,SARS-CoV-2,N1,LV-SARS_N,,,,,1320.22522,
AP8.FA3,,,AP8,,5,control,PCR Negative,SARS-CoV-2,N1,,,,,0.0,0.0,
AP8.FA4,,,AP8,,5,control,PCR Positive,SARS-CoV-2,N1,LV-SARS_N,,,,,1320.22522,
AP8.FH3,,,AP8,,5,control,PCR Negative,SARS-CoV-2,N2,,,,,0.0,0.0,
AP8.FH4,,,AP8,,5,control,PCR Positive,SARS-CoV-2,N2,LV-SARS_N,,,,,1524.019623,
AP8.FH5,,,AP8,,5,control,PCR Negative,SARS-CoV-2,N2,,,,,0.0,0.0,
AP8.FH6,,,AP8,,5,control,PCR Positive,SARS-CoV-2,N2,LV-SARS_N,,,,,1524.019623,
AP80.FA1,,,AP80,,5,control,PCR Negative,SARS-CoV-2,N1,,,,,0.0,0.0,
AP80.FA2,,,AP80,,5,control,PCR Positive,SARS-CoV-2,N1,LV-SARS_N,,,,,14.88143802,
AP80.FA3,,,AP80,,5,control,PCR Negative,SARS-CoV-2,N1,,,,,0.0,0.0,
AP80.FA4,,,AP80,,5,control,PCR Positive,SARS-CoV-2,N1,LV-SARS_N,,,,,14.88143802,
AP80.FH3,,,AP80,,5,control,PCR Negative,SARS-CoV-2,N2,,,,,0.0,0.0,
AP80.FH4,,,AP80,,5,control,PCR Positive,SARS-CoV-2,N2,LV-SARS_N,,,,,11.16019487,
AP80.FH5,,,AP80,,5,control,PCR Negative,SARS-CoV-2,N2,,,,,0.0,0.0,
AP80.FH6,,,AP80,,5,control,PCR Positive,SARS-CoV-2,N2,LV-SARS_N,,,,,11.16019487,
AP805.FA1,,,AP805,,5,control,PCR Negative,SARS-CoV-2,N1,,,,,0.0,0.0,
AP805.FA3,,,AP805,,5,control,PCR Positive,SARS-CoV-2,N1,LV-SARS_N,,,,,49.39286804,
AP805.FH2,,,AP805,,5,control,PCR Negative,SARS-CoV-2,N2,,,,,0.0,0.0,
AP805.FH4,,,AP805,,5,control,PCR Positive,SARS-CoV-2,N2,LV-SARS_N,,,,,61.62285232,
AP81.FA1,,,AP81,,5,control,PCR Negative,SARS-CoV-2,N1,,,,,0.0,0.0,
AP81.FA2,,,AP81,,5,control,PCR Positive,SARS-CoV-2,N1,LV-SARS_N,,,,,9.575644732,
AP81.FA3,,,AP81,,5,control,PCR Negative,SARS-CoV-2,N1,,,,,0.0,0.0,
AP81.FA4,,,AP81,,5,control,PCR Positive,SARS-CoV-2,N1,LV-SARS_N,,,,,9.575644732,
AP81.FH3,,,AP81,,5,control,PCR Negative,SARS-CoV-2,N2,,,,,0.0,0.0,
AP81.FH4,,,AP81,,5,control,PCR Positive,SARS-CoV-2,N2,LV-SARS_N,,,,,10.94391227,
AP81.FH5,,,AP81,,5,control,PCR Negative,SARS-CoV-2,N2,,,,,0.0,0.0,
AP81.FH6,,,AP81,,5,control,PCR Positive,SARS-CoV-2,N2,LV-SARS_N,,,,,10.94391227,
AP82.FA1,,,AP82,,5,control,PCR Negative,SARS-CoV-2,N1,,,,,0.0,0.0,
AP82.FA2,,,AP82,,5,control,PCR Positive,SARS-CoV-2,N1,LV-SARS_N,,,,,10.03294826,
AP82.FA3,,,AP82,,5,control,PCR Negative,SARS-CoV-2,N1,,,,,0.0,0.0,
AP82.FA4,,,AP82,,5,control,PCR Positive,SARS-CoV-2,N1,LV-SARS_N,,,,,10.03294826,
AP82.FH3,,,AP82,,5,control,PCR Negative,SARS-CoV-2,N2,,,,,0.0,0.0,
AP82.FH4,,,AP82,,5,control,PCR Positive,SARS-CoV-2,N2,LV-SARS_N,,,,,15.76798081,
AP82.FH5,,,AP82,,5,control,PCR Negative,SARS-CoV-2,N2,,,,,0.0,0.0,
AP82.FH6,,,AP82,,5,control,PCR Positive,SARS-CoV-2,N2,LV-SARS_N,,,,,15.76798081,
AP83.FA1,,,AP83,,5,control,PCR Negative,SARS-CoV-2,N1,,,,,0.0,0.0,
AP83.FA2,,,AP83,,5,control,PCR Positive,SARS-CoV-2,N1,LV-SARS_N,,,,,0.0,
AP83.FA3,,,AP83,,5,control,PCR Negative,SARS-CoV-2,N1,,,,,0.0,0.0,
AP83.FA4,,,AP83,,5,control,PCR Positive,SARS-CoV-2,N1,LV-SARS_N,,,,,0.0,
AP83.FH3,,,AP83,,5,control,PCR Negative,SARS-CoV-2,N2,,,,,0.0,0.0,
AP83.FH4,,,AP83,,5,control,PCR Positive,SARS-CoV-2,N2,LV-SARS_N,,,,,0.0,
AP83.FH5,,,AP83,,5,control,PCR Negative,SARS-CoV-2,N2,,,,,0.0,0.0,
AP83.FH6,,,AP83,,5,control,PCR Positive,SARS-CoV-2,N2,LV-SARS_N,,,,,0.0,
AP84.FA1,,,AP84,,5,control,PCR Negative,SARS-CoV-2,N1,,,,,0.0,0.0,
AP84.FA2,,,AP84,,5,control,PCR Positive,SARS-CoV-2,N1,LV-SARS_N,,,,,12.46673822,
AP84.FA3,,,AP84,,5,control,PCR Negative,SARS-CoV-2,N1,,,,,0.0,0.0,
AP84.FA4,,,AP84,,5,control,PCR Positive,SARS-CoV-2,N1,LV-SARS_N,,,,,12.46673822,
AP84.FH3,,,AP84,,5,control,PCR Negative,SARS-CoV-2,N2,,,,,0.0,0.0,
AP84.FH4,,,AP84,,5,control,PCR Positive,SARS-CoV-2,N2,LV-SARS_N,,,,,9.349434972,
AP84.FH5,,,AP84,,5,control,PCR Negative,SARS-CoV-2,N2,,,,,0.0,0.0,
AP84.FH6,,,AP84,,5,control,PCR Positive,SARS-CoV-2,N2,LV-SARS_N,,,,,9.349434972,
AP85.FA1,,,AP85,,5,control,PCR Negative,SARS-CoV-2,N1,,,,,0.0,0.0,
AP85.FA2,,,AP85,,5,control,PCR Positive,SARS-CoV-2,N1,LV-SARS_N,,,,,11.75067067,
AP85.FA3,,,AP85,,5,control,PCR Negative,SARS-CoV-2,N1,,,,,0.0,0.0,
AP85.FA4,,,AP85,,5,control,PCR Positive,SARS-CoV-2,N1,LV-SARS_N,,,,,11.75067067,
AP85.FH3,,,AP85,,5,control,PCR Negative,SARS-CoV-2,N2,,,,,0.0,0.0,
AP85.FH4,,,AP85,,5,control,PCR Positive,SARS-CoV-2,N2,LV-SARS_N,,,,,14.3627274,
AP85.FH5,,,AP85,,5,control,PCR Negative,SARS-CoV-2,N2,,,,,0.0,0.0,
AP85.FH6,,,AP85,,5,control,PCR Positive,SARS-CoV-2,N2,LV-SARS_N,,,,,14.3627274,
AP87.FA1,,,AP87,,5,control,PCR Negative,SARS-CoV-2,N1,,,,,0.0,0.0,
AP87.FA2,,,AP87,,5,control,PCR Positive,SARS-CoV-2,N1,LV-SARS_N,,,,,12.08185434,
AP87.FA3,,,AP87,,5,control,PCR Negative,SARS-CoV-2,N1,,,,,0.0,0.0,
AP87.FA4,,,AP87,,5,control,PCR Positive,SARS-CoV-2,N1,LV-SARS_N,,,,,12.08185434,
AP87.FH3,,,AP87,,5,control,PCR Negative,SARS-CoV-2,N2,,,,,0.0,0.0,
AP87.FH4,,,AP87,,5,control,PCR Positive,SARS-CoV-2,N2,LV-SARS_N,,,,,5.368947387,
AP87.FH5,,,AP87,,5,control,PCR Negative,SARS-CoV-2,N2,,,,,0.0,0.0,
AP87.FH6,,,AP87,,5,control,PCR Positive,SARS-CoV-2,N2,LV-SARS_N,,,,,5.368947387,
AP88.FA1,,,AP88,,5,control,PCR Negative,SARS-CoV-2,N1,,,,,0.0,0.0,
AP88.FA2,,,AP88,,5,control,PCR Positive,SARS-CoV-2,N1,LV-SARS_N,,,,,4.100748599,
AP88.FA3,,,AP88,,5,control,PCR Negative,SARS-CoV-2,N1,,,,,0.0,0.0,
AP88.FA4,,,AP88,,5,control,PCR Positive,SARS-CoV-2,N1,LV-SARS_N,,,,,4.100748599,
AP88.FH3,,,AP88,,5,control,PCR Negative,SARS-CoV-2,N2,,,,,0.0,0.0,
AP88.FH4,,,AP88,,5,control,PCR Positive,SARS-CoV-2,N2,LV-SARS_N,,,,,8.202211857,
AP88.FH5,,,AP88,,5,control,PCR Negative,SARS-CoV-2,N2,,,,,0.0,0.0,
AP88.FH6,,,AP88,,5,control,PCR Positive,SARS-CoV-2,N2,LV-SARS_N,,,,,8.202211857,
AP89.FA1,,,AP89,,5,control,PCR Negative,SARS-CoV-2,N1,,,,,0.0,0.0,
AP89.FA2,,,AP89,,5,control,PCR Positive,SARS-CoV-2,N1,LV-SARS_N,,,,,261.3551903,
AP89.FA3,,,AP89,,5,control,PCR Negative,SARS-CoV-2,N1,,,,,0.0,0.0,
AP89.FA4,,,AP89,,5,control,PCR Positive,SARS-CoV-2,N1,LV-SARS_N,,,,,261.3551903,
AP89.FH3,,,AP89,,5,control,PCR Negative,SARS-CoV-2,N2,,,,,0.0,274.4399643,
AP89.FH4,,,AP89,,5,control,PCR Positive,SARS-CoV-2,N2,LV-SARS_N,,,,,1.260447949,
AP89.FH5,,,AP89,,5,control,PCR Negative,SARS-CoV-2,N2,,,,,0.0,274.4399643,
AP89.FH6,,,AP89,,5,control,PCR Positive,SARS-CoV-2,N2,LV-SARS_N,,,,,1.260447949,
AP9.FA1,,,AP9,,5,control,PCR Negative,SARS-CoV-2,N1,,,,,0.0,0.0,
AP9.FA2,,,AP9,,5,control,PCR Positive,SARS-CoV-2,N1,LV-SARS_N,,,,,878.4640503,
AP9.FA3,,,AP9,,5,control,PCR Negative,SARS-CoV-2,N1,,,,,0.0,0.0,
AP9.FA4,,,AP9,,5,control,PCR Positive,SARS-CoV-2,N1,LV-SARS_N,,,,,878.4640503,
AP9.FH3,,,AP9,,5,control,PCR Negative,SARS-CoV-2,N2,,,,,0.0,0.0,
AP9.FH4,,,AP9,,5,control,PCR Positive,SARS-CoV-2,N2,LV-SARS_N,,,,,968.4371185,
AP9.FH5,,,AP9,,5,control,PCR Negative,SARS-CoV-2,N2,,,,,0.0,0.0,
AP9.FH6,,,AP9,,5,control,PCR Positive,SARS-CoV-2,N2,LV-SARS_N,,,,,968.4371185,
AP90.FA1,,,AP90,,5,control,PCR Negative,SARS-CoV-2,N1,,,,,0.0,2.333341092,
AP90.FA2,,,AP90,,5,control,PCR Positive,SARS-CoV-2,N1,LV-SARS_N,,,,,128.2813644,
AP90.FA3,,,AP90,,5,control,PCR Negative,SARS-CoV-2,N1,,,,,0.0,2.333341092,
AP90.FA4,,,AP90,,5,control,PCR Positive,SARS-CoV-2,N1,LV-SARS_N,,,,,128.2813644,
AP90.FH3,,,AP90,,5,control,PCR Negative,SARS-CoV-2,N2,,,,,0.0,2.333341092,
AP90.FH4,,,AP90,,5,control,PCR Positive,SARS-CoV-2,N2,LV-SARS_N,,,,,156.3168526,
AP90.FH5,,,AP90,,5,control,PCR Negative,SARS-CoV-2,N2,,,,,0.0,2.333341092,
AP90.FH6,,,AP90,,5,control,PCR Positive,SARS-CoV-2,N2,LV-SARS_N,,,,,156.3168526,
AP91.FA1,,,AP91,,5,control,PCR Negative,SARS-CoV-2,N1,,,,,0.0,0.0,
AP91.FA2,,,AP91,,5,control,PCR Positive,SARS-CoV-2,N1,LV-SARS_N,,,,,146.8742275,
AP91.FA3,,,AP91,,5,control,PCR Negative,SARS-CoV-2,N1,,,,,0.0,0.0,
AP91.FA4,,,AP91,,5,control,PCR Positive,SARS-CoV-2,N1,LV-SARS_N,,,,,146.8742275,
AP91.FH3,,,AP91,,5,control,PCR Negative,SARS-CoV-2,N2,,,,,0.0,0.0,
AP91.FH4,,,AP91,,5,control,PCR Positive,SARS-CoV-2,N2,LV-SARS_N,,,,,184.926548,
AP91.FH5,,,AP91,,5,control,PCR Negative,SARS-CoV-2,N2,,,,,0.0,0.0,
AP91.FH6,,,AP91,,5,control,PCR Positive,SARS-CoV-2,N2,LV-SARS_N,,,,,184.926548,
AP92.FA1,,,AP92,,5,control,PCR Negative,SARS-CoV-2,N1,,,,,0.0,0.0,
AP92.FA2,,,AP92,,5,control,PCR Positive,SARS-CoV-2,N1,LV-SARS_N,,,,,117.9133224,
AP92.FA3,,,AP92,,5,control,PCR Negative,SARS-CoV-2,N1,,,,,0.0,0.0,
AP92.FA4,,,AP92,,5,control,PCR Positive,SARS-CoV-2,N1,LV-SARS_N,,,,,117.9133224,
AP92.FH3,,,AP92,,5,control,PCR Negative,SARS-CoV-2,N2,,,,,0.0,0.0,
AP92.FH4,,,AP92,,5,control,PCR Positive,SARS-CoV-2,N2,LV-SARS_N,,,,,172.7571106,
AP92.FH5,,,AP92,,5,control,PCR Negative,SARS-CoV-2,N2,,,,,0.0,0.0,
AP92.FH6,,,AP92,,5,control,PCR Positive,SARS-CoV-2,N2,LV-SARS_N,,,,,172.7571106,
AP93.FA1,,,AP93,,5,control,PCR Negative,SARS-CoV-2,N1,,,,,0.0,0.0,
AP93.FA2,,,AP93,,5,control,PCR Positive,SARS-CoV-2,N1,LV-SARS_N,,,,,151.5503216,
AP93.FA3,,,AP93,,5,control,PCR Negative,SARS-CoV-2,N1,,,,,0.0,0.0,
AP93.FA4,,,AP93,,5,control,PCR Positive,SARS-CoV-2,N1,LV-SARS_N,,,,,151.5503216,
AP93.FH3,,,AP93,,5,control,PCR Negative,SARS-CoV-2,N2,,,,,0.0,0.0,
AP93.FH4,,,AP93,,5,control,PCR Positive,SARS-CoV-2,N2,LV-SARS_N,,,,,193.5296631,
AP93.FH5,,,AP93,,5,control,PCR Negative,SARS-CoV-2,N2,,,,,0.0,0.0,
AP93.FH6,,,AP93,,5,control,PCR Positive,SARS-CoV-2,N2,LV-SARS_N,,,,,193.5296631,
AP94.FA1,,,AP94,,5,control,PCR Negative,SARS-CoV-2,N1,,,,,0.0,0.0,
AP94.FA2,,,AP94,,5,control,PCR Positive,SARS-CoV-2,N1,LV-SARS_N,,,,,138.630743,
AP94.FA3,,,AP94,,5,control,PCR Negative,SARS-CoV-2,N1,,,,,0.0,0.0,
AP94.FA4,,,AP94,,5,control,PCR Positive,SARS-CoV-2,N1,LV-SARS_N,,,,,138.630743,
AP94.FH3,,,AP94,,5,control,PCR Negative,SARS-CoV-2,N2,,,,,0.0,0.0,
AP94.FH4,,,AP94,,5,control,PCR Positive,SARS-CoV-2,N2,LV-SARS_N,,,,,177.2080612,
AP94.FH5,,,AP94,,5,control,PCR Negative,SARS-CoV-2,N2,,,,,0.0,0.0,
AP94.FH6,,,AP94,,5,control,PCR Positive,SARS-CoV-2,N2,LV-SARS_N,,,,,177.2080612,
AP95.FA1,,,AP95,,5,control,PCR Negative,SARS-CoV-2,N1,,,,,0.0,0.0,
AP95.FA2,,,AP95,,5,control,PCR Positive,SARS-CoV-2,N1,LV-SARS_N,,,,,135.2418232,
AP95.FA3,,,AP95,,5,control,PCR Negative,SARS-CoV-2,N1,,,,,0.0,0.0,
AP95.FA4,,,AP95,,5,control,PCR Positive,SARS-CoV-2,N1,LV-SARS_N,,,,,135.2418232,
AP95.FH3,,,AP95,,5,control,PCR Negative,SARS-CoV-2,N2,,,,,0.0,0.0,
AP95.FH4,,,AP95,,5,control,PCR Positive,SARS-CoV-2,N2,LV-SARS_N,,,,,165.2563286,
AP95.FH5,,,AP95,,5,control,PCR Negative,SARS-CoV-2,N2,,,,,0.0,0.0,
AP95.FH6,,,AP95,,5,control,PCR Positive,SARS-CoV-2,N2,LV-SARS_N,,,,,165.2563286,
AP96.FA1,,,AP96,,5,control,PCR Negative,SARS-CoV-2,N1,,,,,0.0,0.0,
AP96.FA2,,,AP96,,5,control,PCR Positive,SARS-CoV-2,N1,LV-SARS_N,,,,,96.67779922,
AP96.FA3,,,AP96,,5,control,PCR Negative,SARS-CoV-2,N1,,,,,0.0,0.0,
AP96.FA4,,,AP96,,5,control,PCR Positive,SARS-CoV-2,N1,LV-SARS_N,,,,,96.67779922,
AP96.FH3,,,AP96,,5,control,PCR Negative,SARS-CoV-2,N2,,,,,0.0,0.0,
AP96.FH4,,,AP96,,5,control,PCR Positive,SARS-CoV-2,N2,LV-SARS_N,,,,,131.5792942,
AP96.FH5,,,AP96,,5,control,PCR Negative,SARS-CoV-2,N2,,,,,0.0,0.0,
AP96.FH6,,,AP96,,5,control,PCR Positive,SARS-CoV-2,N2,LV-SARS_N,,,,,131.5792942,
AP97.FA1,,,AP97,,5,control,PCR Negative,SARS-CoV-2,N1,,,,,0.0,0.0,
AP97.FA2,,,AP97,,5,control,PCR Positive,SARS-CoV-2,N1,LV-SARS_N,,,,,295.7244492,
AP97.FA3,,,AP97,,5,control,PCR Negative,SARS-CoV-2,N1,,,,,0.0,0.0,
AP97.FA4,,,AP97,,5,control,PCR Positive,SARS-CoV-2,N1,LV-SARS_N,,,,,295.7244492,
AP97.FH3,,,AP97,,5,control,PCR Negative,SARS-CoV-2,N2,,,,,0.0,0.0,
AP97.FH4,,,AP97,,5,control,PCR Positive,SARS-CoV-2,N2,LV-SARS_N,,,,,316.8022537,
AP97.FH5,,,AP97,,5,control,PCR Negative,SARS-CoV-2,N2,,,,,0.0,0.0,
AP97.FH6,,,AP97,,5,control,PCR Positive,SARS-CoV-2,N2,LV-SARS_N,,,,,316.8022537,
AP98.FA1,,,AP98,,5,control,PCR Negative,SARS-CoV-2,N1,,,,,0.0,0.0,
AP98.FA2,,,AP98,,5,control,PCR Positive,SARS-CoV-2,N1,LV-SARS_N,,,,,228.8021851,
AP98.FA3,,,AP98,,5,control,PCR Negative,SARS-CoV-2,N1,,,,,0.0,0.0,
AP98.FA4,,,AP98,,5,control,PCR Positive,SARS-CoV-2,N1,LV-SARS_N,,,,,228.8021851,
AP98.FH3,,,AP98,,5,control,PCR Negative,SARS-CoV-2,N2,,,,,0.0,0.0,
AP98.FH4,,,AP98,,5,control,PCR Positive,SARS-CoV-2,N2,LV-SARS_N,,,,,265.4844093,
AP98.FH5,,,AP98,,5,control,PCR Negative,SARS-CoV-2,N2,,,,,0.0,0.0,
AP98.FH6,,,AP98,,5,control,PCR Positive,SARS-CoV-2,N2,LV-SARS_N,,,,,265.4844093,
AP99.FA1,,,AP99,,5,control,PCR Negative,SARS-CoV-2,N1,,,,,0.0,0.0,
AP99.FA2,,,AP99,,5,control,PCR Positive,SARS-CoV-2,N1,LV-SARS_N,,,,,280.2738762,
AP99.FA3,,,AP99,,5,control,PCR Negative,SARS-CoV-2,N1,,,,,0.0,0.0,
AP99.FA4,,,AP99,,5,control,PCR Positive,SARS-CoV-2,N1,LV-SARS_N,,,,,280.2738762,
AP99.FH3,,,AP99,,5,control,PCR Negative,SARS-CoV-2,N2,,,,,0.0,0.0,
AP99.FH4,,,AP99,,5,control,PCR Positive,SARS-CoV-2,N2,LV-SARS_N,,,,,322.4126816,
AP99.FH5,,,AP99,,5,control,PCR Negative,SARS-CoV-2,N2,,,,,0.0,0.0,
AP99.FH6,,,AP99,,5,control,PCR Positive,SARS-CoV-2,N2,LV-SARS_N,,,,,322.4126816,
AP999.FA1,,,AP999,,5,control,PCR Negative,SARS-CoV-2,N1,,,,,0.0,0.0,
AP999.FA3,,,AP999,,5,control,PCR Positive,SARS-CoV-2,N1,LV-SARS_N,,,,,4.275411606,
AP999.FH2,,,AP999,,5,control,PCR Negative,SARS-CoV-2,N2,,,,,0.0,0.263226688,
AP999.FH4,,,AP999,,5,control,PCR Positive,SARS-CoV-2,N2,LV-SARS_N,,,,,6.271847724,
C01-P1.A1,C01-P1.E1,C01-P1,AB2,E05,5,unknown,sample,SARS-CoV-2,N2,sample,,,16531,0.0,0.456629366,
C01-P2.A1,C01-P2.E1,C01-P2,AB2,F05,5,unknown,sample,SARS-CoV-2,N2,sample,,,19439,0.0,0.129422948,
C01-P3.A1,C01-P3.E1,C01-P3,AB2,G05,5,unknown,sample,SARS-CoV-2,N2,sample,,,17598,0.0,0.071479566,
C01-P4.A1,C01-P4.E1,C01-P4,AB2,H05,5,unknown,sample,SARS-CoV-2,N2,sample,,,19171,0.0,0.06561444,
C01-P5.A1,C01-P5.E1,C01-P5,AB2,A06,5,unknown,sample,SARS-CoV-2,N2,sample,,,18042,0.0,1.046212792,
C01-P6.A1,C01-P6.E1,C01-P6,AB2,D05,5,unknown,sample,SARS-CoV-2,N2,sample,,,20042,0.0,0.50219053,
E01-P12.A1,E01-P12.E1,E01-P12,AB2,C06,5,unknown,sample,SARS-CoV-2,N2,sample,,,18093,0.0,2.71428442,
E01-P13.A1,E01-P13.E1,E01-P13,AB2,D06,5,unknown,sample,SARS-CoV-2,N2,sample,,,15728,0.0,5.128902912,
E01-P15.A1,E01-P15.E1,E01-P15,AB2,E06,5,unknown,sample,SARS-CoV-2,N2,sample,,,18936,0.0,23.67004585,
MA0.FA1,,,MA0,,5,control,PCR Negative,SARS-CoV-2,N1,,,,,0.0,0.0,
MA0.FA2,,,MA0,,5,control,PCR Negative,SARS-CoV-2,N1,,,,,0.0,0.0,
MA1.FA1,,,MA1,,5,control,PCR Negative,SARS-CoV-2,N1,,,,,0.0,0.0,
MA1.FA2,,,MA1,,5,control,PCR Negative,SARS-CoV-2,N1,,,,,0.0,0.0,
MA10.FA1,,,MA10,,5,control,PCR Negative,SARS-CoV-2,N1,,,,,0.0,0.0,
MA10.FA2,,,MA10,,5,control,PCR Negative,SARS-CoV-2,N1,,,,,0.0,0.0,
MA11.FA1,,,MA11,,5,control,PCR Negative,SARS-CoV-2,N1,,,,,0.0,0.0,
MA11.FA2,,,MA11,,5,control,PCR Negative,SARS-CoV-2,N1,,,,,0.0,0.0,
MA12.FA1,,,MA12,,5,control,PCR Negative,SARS-CoV-2,N1,,,,,0.0,0.0,
MA12.FA2,,,MA12,,5,control,PCR Negative,SARS-CoV-2,N1,,,,,0.0,0.0,
MA13.FA1,,,MA13,,5,control,PCR Negative,SARS-CoV-2,N1,,,,,0.0,0.0,
MA13.FA2,,,MA13,,5,control,PCR Negative,SARS-CoV-2,N1,,,,,0.0,0.0,
MA14.FA1,,,MA14,,5,control,PCR Negative,SARS-CoV-2,N1,,,,,0.0,0.0,
MA14.FA2,,,MA14,,5,control,PCR Negative,SARS-CoV-2,N1,,,,,0.0,0.0,
MA15.FA1,,,MA15,,5,control,PCR Negative,SARS-CoV-2,N1,,,,,0.0,0.0,
MA15.FA2,,,MA15,,5,control,PCR Negative,SARS-CoV-2,N1,,,,,0.0,0.0,
MA16.FA1,,,MA16,,5,control,PCR Negative,SARS-CoV-2,N1,,,,,0.0,0.0,
MA16.FA2,,,MA16,,5,control,PCR Negative,SARS-CoV-2,N1,,,,,0.0,0.0,
MA17.FA1,,,MA17,,5,control,PCR Negative,SARS-CoV-2,N1,,,,,0.0,0.0,
MA17.FA2,,,MA17,,5,control,PCR Negative,SARS-CoV-2,N1,,,,,0.0,0.0,
MA18.FA1,,,MA18,,5,control,PCR Negative,SARS-CoV-2,N1,,,,,0.0,0.0,
MA18.FA2,,,MA18,,5,control,PCR Negative,SARS-CoV-2,N1,,,,,0.0,0.0,
MA19.FA1,,,MA19,,5,control,PCR Negative,SARS-CoV-2,N1,,,,,0.0,0.0,
MA19.FA2,,,MA19,,5,control,PCR Negative,SARS-CoV-2,N1,,,,,0.0,0.0,
MA2.FA1,,,MA2,,5,control,PCR Negative,SARS-CoV-2,N1,,,,,0.0,0.0,
MA2.FA2,,,MA2,,5,control,PCR Negative,SARS-CoV-2,N1,,,,,0.0,0.0,
MA20.FA1,,,MA20,,5,control,PCR Negative,SARS-CoV-2,N1,,,,,0.0,0.0,
MA20.FA2,,,MA20,,5,control,PCR Negative,SARS-CoV-2,N1,,,,,0.0,0.0,
MA21.FA1,,,MA21,,5,control,PCR Negative,SARS-CoV-2,N1,,,,,0.0,0.0,
MA21.FA2,,,MA21,,5,control,PCR Negative,SARS-CoV-2,N1,,,,,0.0,0.0,
MA3.FA1,,,MA3,,5,control,PCR Negative,SARS-CoV-2,N1,,,,,0.0,0.0,
MA3.FA2,,,MA3,,5,control,PCR Negative,SARS-CoV-2,N1,,,,,0.0,0.0,
MA4.FA1,,,MA4,,5,control,PCR Negative,SARS-CoV-2,N1,,,,,0.0,0.0,
MA4.FA2,,,MA4,,5,control,PCR Negative,SARS-CoV-2,N1,,,,,0.0,0.0,
MA5.FA1,,,MA5,,5,control,PCR Negative,SARS-CoV-2,N1,,,,,0.0,0.0,
MA5.FA2,,,MA5,,5,control,PCR Negative,SARS-CoV-2,N1,,,,,0.0,0.0,
MA6.FA1,,,MA6,,5,control,PCR Negative,SARS-CoV-2,N1,,,,,0.0,0.0,
MA6.FA2,,,MA6,,5,control,PCR Negative,SARS-CoV-2,N1,,,,,0.0,0.0,
MA7.FA1,,,MA7,,5,control,PCR Negative,SARS-CoV-2,N1,,,,,0.0,0.0,
MA7.FA2,,,MA7,,5,control,PCR Negative,SARS-CoV-2,N1,,,,,0.0,0.0,
MA8.FA1,,,MA8,,5,control,PCR Negative,SARS-CoV-2,N1,,,,,0.0,0.0,
MA8.FA2,,,MA8,,5,control,PCR Negative,SARS-CoV-2,N1,,,,,0.0,0.0,
MA9.FA1,,,MA9,,5,control,PCR Negative,SARS-CoV-2,N1,,,,,0.0,0.0,
MA9.FA2,,,MA9,,5,control,PCR Negative,SARS-CoV-2,N1,,,,,0.0,0.0,
